annee,ecole_id,academie,departement,rep_status,niveau,discipline,taille_classe,effectif_ecole,ips_ecole,exposition_dedoublement,score,taux_maitrise
2018,1,Nantes,Gironde,REP,CP,Français,12,20,11.29,1,62.49,58.14
2018,1,Nantes,Gironde,REP,CP,Mathématiques,16,20,11.29,1,65.28,55.12
2018,1,Nantes,Gironde,REP,CE1,Français,19,20,11.29,0,65.95,60.18
2018,1,Nantes,Gironde,REP,CE1,Mathématiques,20,20,11.29,0,60.66,51.95
2018,1,Nantes,Gironde,REP,CM1,Français,18,20,11.29,1,74.04,69.74
2018,1,Nantes,Gironde,REP,CM1,Mathématiques,17,20,11.29,1,74.52,62.27
2018,1,Nantes,Gironde,REP,CM2,Français,20,20,11.29,0,71.86,61.72
2018,1,Nantes,Gironde,REP,CM2,Mathématiques,16,20,11.29,1,82.75,73.1
2018,1,Nantes,Gironde,REP,6e,Français,18,20,11.29,1,90.29,87.11
2018,1,Nantes,Gironde,REP,6e,Mathématiques,16,20,11.29,1,83.05,67.4
2018,2,Paris,Hérault,Hors EP,CP,Français,25,25,-10.08,0,67.42,64.56
2018,2,Paris,Hérault,Hors EP,CP,Mathématiques,28,25,-10.08,0,55.8,54.1
2018,2,Paris,Hérault,Hors EP,CE1,Français,27,25,-10.08,0,67.67,65.38
2018,2,Paris,Hérault,Hors EP,CE1,Mathématiques,28,25,-10.08,0,65.85,60.11
2018,2,Paris,Hérault,Hors EP,CM1,Français,28,25,-10.08,0,74.63,58.46
2018,2,Paris,Hérault,Hors EP,CM1,Mathématiques,26,25,-10.08,0,68.47,58.37
2018,2,Paris,Hérault,Hors EP,CM2,Français,26,25,-10.08,0,85.32,68.69
2018,2,Paris,Hérault,Hors EP,CM2,Mathématiques,29,25,-10.08,0,65.32,57.74
2018,2,Paris,Hérault,Hors EP,6e,Français,27,25,-10.08,0,85.33,76.58
2018,2,Paris,Hérault,Hors EP,6e,Mathématiques,29,25,-10.08,0,76.32,64.59
2018,3,Lyon,Loire,Hors EP,CP,Français,21,27,-13.6,0,69.91,63.25
2018,3,Lyon,Loire,Hors EP,CP,Mathématiques,25,27,-13.6,0,59.15,56.01
2018,3,Lyon,Loire,Hors EP,CE1,Français,25,27,-13.6,0,66.68,62.62
2018,3,Lyon,Loire,Hors EP,CE1,Mathématiques,21,27,-13.6,0,67.03,58.67
2018,3,Lyon,Loire,Hors EP,CM1,Français,20,27,-13.6,0,80.76,67.57
2018,3,Lyon,Loire,Hors EP,CM1,Mathématiques,23,27,-13.6,0,75.03,68.25
2018,3,Lyon,Loire,Hors EP,CM2,Français,25,27,-13.6,0,78.62,66.35
2018,3,Lyon,Loire,Hors EP,CM2,Mathématiques,23,27,-13.6,0,70.28,55.55
2018,3,Lyon,Loire,Hors EP,6e,Français,20,27,-13.6,0,84.08,74.17
2018,3,Lyon,Loire,Hors EP,6e,Mathématiques,21,27,-13.6,0,82.97,77.91
2018,4,Lille,Maine-et-Loire,REP,CP,Français,20,23,-2.47,0,54.38,56.18
2018,4,Lille,Maine-et-Loire,REP,CP,Mathématiques,18,23,-2.47,1,65.66,60.84
2018,4,Lille,Maine-et-Loire,REP,CE1,Français,21,23,-2.47,0,52.5,51.06
2018,4,Lille,Maine-et-Loire,REP,CE1,Mathématiques,21,23,-2.47,0,57.05,53.9
2018,4,Lille,Maine-et-Loire,REP,CM1,Français,26,23,-2.47,0,59.43,50.29
2018,4,Lille,Maine-et-Loire,REP,CM1,Mathématiques,22,23,-2.47,0,62.09,64.02
2018,4,Lille,Maine-et-Loire,REP,CM2,Français,24,23,-2.47,0,68.91,69.18
2018,4,Lille,Maine-et-Loire,REP,CM2,Mathématiques,19,23,-2.47,0,65.93,55.2
2018,4,Lille,Maine-et-Loire,REP,6e,Français,21,23,-2.47,0,68.81,64.97
2018,4,Lille,Maine-et-Loire,REP,6e,Mathématiques,21,23,-2.47,0,65.39,54.38
2018,5,Bordeaux,Moselle,REP,CP,Français,24,24,34.97,0,52.34,39.93
2018,5,Bordeaux,Moselle,REP,CP,Mathématiques,24,24,34.97,0,50.14,47.02
2018,5,Bordeaux,Moselle,REP,CE1,Français,21,24,34.97,0,62.86,63.08
2018,5,Bordeaux,Moselle,REP,CE1,Mathématiques,23,24,34.97,0,57.98,49.25
2018,5,Bordeaux,Moselle,REP,CM1,Français,19,24,34.97,0,69.11,61.72
2018,5,Bordeaux,Moselle,REP,CM1,Mathématiques,27,24,34.97,0,61.68,61.86
2018,5,Bordeaux,Moselle,REP,CM2,Français,22,24,34.97,0,68.26,56.59
2018,5,Bordeaux,Moselle,REP,CM2,Mathématiques,21,24,34.97,0,81.07,66.02
2018,5,Bordeaux,Moselle,REP,6e,Français,25,24,34.97,0,71.83,68.5
2018,5,Bordeaux,Moselle,REP,6e,Mathématiques,24,24,34.97,0,73.09,64.5
2018,6,Nantes,Nord,REP+,CP,Français,15,16,-14.71,1,58.01,62.34
2018,6,Nantes,Nord,REP+,CP,Mathématiques,18,16,-14.71,1,53.7,52.95
2018,6,Nantes,Nord,REP+,CE1,Français,21,16,-14.71,0,50.52,47.3
2018,6,Nantes,Nord,REP+,CE1,Mathématiques,21,16,-14.71,0,48.46,55.63
2018,6,Nantes,Nord,REP+,CM1,Français,18,16,-14.71,1,61.73,50.13
2018,6,Nantes,Nord,REP+,CM1,Mathématiques,22,16,-14.71,0,59.39,54.49
2018,6,Nantes,Nord,REP+,CM2,Français,17,16,-14.71,1,78.81,63.06
2018,6,Nantes,Nord,REP+,CM2,Mathématiques,16,16,-14.71,1,72.13,62.08
2018,6,Nantes,Nord,REP+,6e,Français,18,16,-14.71,1,76.5,68.71
2018,6,Nantes,Nord,REP+,6e,Mathématiques,22,16,-14.71,0,62.04,60.41
2018,7,Paris,Paris,Hors EP,CP,Français,22,27,-14.63,0,65.14,63.88
2018,7,Paris,Paris,Hors EP,CP,Mathématiques,21,27,-14.63,0,64.68,56.56
2018,7,Paris,Paris,Hors EP,CE1,Français,23,27,-14.63,0,74.26,68.19
2018,7,Paris,Paris,Hors EP,CE1,Mathématiques,27,27,-14.63,0,62.45,53.99
2018,7,Paris,Paris,Hors EP,CM1,Français,23,27,-14.63,0,76.84,68.13
2018,7,Paris,Paris,Hors EP,CM1,Mathématiques,21,27,-14.63,0,74.95,67.11
2018,7,Paris,Paris,Hors EP,CM2,Français,30,27,-14.63,0,82.89,67.1
2018,7,Paris,Paris,Hors EP,CM2,Mathématiques,23,27,-14.63,0,71.16,60.43
2018,7,Paris,Paris,Hors EP,6e,Français,25,27,-14.63,0,89.37,72.13
2018,7,Paris,Paris,Hors EP,6e,Mathématiques,22,27,-14.63,0,73.98,64.49
2018,8,Lyon,Puy-de-Dôme,REP,CP,Français,18,18,13.49,1,60.71,48.95
2018,8,Lyon,Puy-de-Dôme,REP,CP,Mathématiques,23,18,13.49,0,46.32,41.02
2018,8,Lyon,Puy-de-Dôme,REP,CE1,Français,23,18,13.49,0,72.19,58.23
2018,8,Lyon,Puy-de-Dôme,REP,CE1,Mathématiques,17,18,13.49,1,71.16,72.03
2018,8,Lyon,Puy-de-Dôme,REP,CM1,Français,16,18,13.49,1,77.51,71.6
2018,8,Lyon,Puy-de-Dôme,REP,CM1,Mathématiques,19,18,13.49,0,64.03,57.87
2018,8,Lyon,Puy-de-Dôme,REP,CM2,Français,15,18,13.49,1,82.55,69.8
2018,8,Lyon,Puy-de-Dôme,REP,CM2,Mathématiques,19,18,13.49,0,68.22,63.75
2018,8,Lyon,Puy-de-Dôme,REP,6e,Français,21,18,13.49,0,77.62,69.54
2018,8,Lyon,Puy-de-Dôme,REP,6e,Mathématiques,18,18,13.49,1,85.62,69.61
2018,9,Lille,Saône-et-Loire,Hors EP,CP,Français,25,23,18.88,0,64.53,53.32
2018,9,Lille,Saône-et-Loire,Hors EP,CP,Mathématiques,27,23,18.88,0,64.35,61.16
2018,9,Lille,Saône-et-Loire,Hors EP,CE1,Français,20,23,18.88,0,80.64,72.11
2018,9,Lille,Saône-et-Loire,Hors EP,CE1,Mathématiques,21,23,18.88,0,70.44,64.22
2018,9,Lille,Saône-et-Loire,Hors EP,CM1,Français,24,23,18.88,0,77.55,67.22
2018,9,Lille,Saône-et-Loire,Hors EP,CM1,Mathématiques,23,23,18.88,0,77.45,75.02
2018,9,Lille,Saône-et-Loire,Hors EP,CM2,Français,18,23,18.88,0,88.2,75.86
2018,9,Lille,Saône-et-Loire,Hors EP,CM2,Mathématiques,25,23,18.88,0,78.29,59.45
2018,9,Lille,Saône-et-Loire,Hors EP,6e,Français,25,23,18.88,0,95.74,72.43
2018,9,Lille,Saône-et-Loire,Hors EP,6e,Mathématiques,26,23,18.88,0,82.59,70.85
2018,10,Bordeaux,Ain,REP,CP,Français,23,23,6.99,0,59.64,57.75
2018,10,Bordeaux,Ain,REP,CP,Mathématiques,23,23,6.99,0,53.31,55.39
2018,10,Bordeaux,Ain,REP,CE1,Français,18,23,6.99,1,72.14,60.57
2018,10,Bordeaux,Ain,REP,CE1,Mathématiques,21,23,6.99,0,51.84,54.16
2018,10,Bordeaux,Ain,REP,CM1,Français,19,23,6.99,0,73.21,68.54
2018,10,Bordeaux,Ain,REP,CM1,Mathématiques,24,23,6.99,0,63.73,50.47
2018,10,Bordeaux,Ain,REP,CM2,Français,19,23,6.99,0,67.66,58.42
2018,10,Bordeaux,Ain,REP,CM2,Mathématiques,23,23,6.99,0,69.21,58.57
2018,10,Bordeaux,Ain,REP,6e,Français,16,23,6.99,1,87.99,68.75
2018,10,Bordeaux,Ain,REP,6e,Mathématiques,17,23,6.99,1,86.24,79.42
2018,11,Nantes,Bas-Rhin,REP,CP,Français,14,14,0.86,1,74.38,55.26
2018,11,Nantes,Bas-Rhin,REP,CP,Mathématiques,12,14,0.86,1,66.76,52.49
2018,11,Nantes,Bas-Rhin,REP,CE1,Français,17,14,0.86,1,72.76,68.71
2018,11,Nantes,Bas-Rhin,REP,CE1,Mathématiques,12,14,0.86,1,71.77,69.14
2018,11,Nantes,Bas-Rhin,REP,CM1,Français,14,14,0.86,1,78.16,69.5
2018,11,Nantes,Bas-Rhin,REP,CM1,Mathématiques,12,14,0.86,1,73.44,64.18
2018,11,Nantes,Bas-Rhin,REP,CM2,Français,14,14,0.86,1,86.6,68.6
2018,11,Nantes,Bas-Rhin,REP,CM2,Mathématiques,13,14,0.86,1,85.77,69.61
2018,11,Nantes,Bas-Rhin,REP,6e,Français,12,14,0.86,1,88.01,79.07
2018,11,Nantes,Bas-Rhin,REP,6e,Mathématiques,13,14,0.86,1,90.08,80.54
2018,12,Paris,Bouches-du-Rhône,REP+,CP,Français,14,22,-2.46,1,65.92,57.54
2018,12,Paris,Bouches-du-Rhône,REP+,CP,Mathématiques,19,22,-2.46,0,51.7,42.14
2018,12,Paris,Bouches-du-Rhône,REP+,CE1,Français,16,22,-2.46,1,55.5,48.77
2018,12,Paris,Bouches-du-Rhône,REP+,CE1,Mathématiques,20,22,-2.46,0,51.26,51.24
2018,12,Paris,Bouches-du-Rhône,REP+,CM1,Français,15,22,-2.46,1,58.31,54.92
2018,12,Paris,Bouches-du-Rhône,REP+,CM1,Mathématiques,18,22,-2.46,1,67.77,64.59
2018,12,Paris,Bouches-du-Rhône,REP+,CM2,Français,19,22,-2.46,0,67.23,61.86
2018,12,Paris,Bouches-du-Rhône,REP+,CM2,Mathématiques,20,22,-2.46,0,56.73,52.68
2018,12,Paris,Bouches-du-Rhône,REP+,6e,Français,19,22,-2.46,0,72.5,62.33
2018,12,Paris,Bouches-du-Rhône,REP+,6e,Mathématiques,20,22,-2.46,0,63.71,57.73
2018,13,Lyon,Gironde,Hors EP,CP,Français,12,21,-17.79,0,66.81,64.18
2018,13,Lyon,Gironde,Hors EP,CP,Mathématiques,17,21,-17.79,0,67.76,66.52
2018,13,Lyon,Gironde,Hors EP,CE1,Français,21,21,-17.79,0,70.85,69.95
2018,13,Lyon,Gironde,Hors EP,CE1,Mathématiques,18,21,-17.79,0,67.1,57.65
2018,13,Lyon,Gironde,Hors EP,CM1,Français,14,21,-17.79,0,75.87,64.8
2018,13,Lyon,Gironde,Hors EP,CM1,Mathématiques,20,21,-17.79,0,82.81,64.4
2018,13,Lyon,Gironde,Hors EP,CM2,Français,19,21,-17.79,0,79.28,71.29
2018,13,Lyon,Gironde,Hors EP,CM2,Mathématiques,18,21,-17.79,0,73.63,69.71
2018,13,Lyon,Gironde,Hors EP,6e,Français,16,21,-17.79,0,87.46,69.13
2018,13,Lyon,Gironde,Hors EP,6e,Mathématiques,16,21,-17.79,0,88.79,74.43
2018,14,Lille,Hérault,REP,CP,Français,17,25,-4.11,1,71.31,61.83
2018,14,Lille,Hérault,REP,CP,Mathématiques,24,25,-4.11,0,50.83,48.91
2018,14,Lille,Hérault,REP,CE1,Français,22,25,-4.11,0,66.69,70.73
2018,14,Lille,Hérault,REP,CE1,Mathématiques,21,25,-4.11,0,56.53,58.82
2018,14,Lille,Hérault,REP,CM1,Français,19,25,-4.11,0,68.11,61.18
2018,14,Lille,Hérault,REP,CM1,Mathématiques,22,25,-4.11,0,57.16,45.92
2018,14,Lille,Hérault,REP,CM2,Français,16,25,-4.11,1,76.48,64.71
2018,14,Lille,Hérault,REP,CM2,Mathématiques,20,25,-4.11,0,76.42,72.5
2018,14,Lille,Hérault,REP,6e,Français,19,25,-4.11,0,78.17,66.12
2018,14,Lille,Hérault,REP,6e,Mathématiques,20,25,-4.11,0,73.54,68.1
2018,15,Bordeaux,Loire,REP,CP,Français,29,24,0.08,0,49.11,55.56
2018,15,Bordeaux,Loire,REP,CP,Mathématiques,23,24,0.08,0,53.12,50.84
2018,15,Bordeaux,Loire,REP,CE1,Français,23,24,0.08,0,54.0,53.87
2018,15,Bordeaux,Loire,REP,CE1,Mathématiques,21,24,0.08,0,59.3,60.75
2018,15,Bordeaux,Loire,REP,CM1,Français,24,24,0.08,0,61.32,58.97
2018,15,Bordeaux,Loire,REP,CM1,Mathématiques,22,24,0.08,0,65.62,50.46
2018,15,Bordeaux,Loire,REP,CM2,Français,22,24,0.08,0,60.45,48.63
2018,15,Bordeaux,Loire,REP,CM2,Mathématiques,26,24,0.08,0,66.84,56.85
2018,15,Bordeaux,Loire,REP,6e,Français,19,24,0.08,0,63.77,55.65
2018,15,Bordeaux,Loire,REP,6e,Mathématiques,29,24,0.08,0,67.07,57.81
2018,16,Nantes,Maine-et-Loire,REP,CP,Français,15,15,1.19,1,70.7,64.8
2018,16,Nantes,Maine-et-Loire,REP,CP,Mathématiques,17,15,1.19,1,61.05,61.0
2018,16,Nantes,Maine-et-Loire,REP,CE1,Français,19,15,1.19,0,56.88,49.24
2018,16,Nantes,Maine-et-Loire,REP,CE1,Mathématiques,18,15,1.19,1,67.28,67.77
2018,16,Nantes,Maine-et-Loire,REP,CM1,Français,14,15,1.19,1,83.69,72.57
2018,16,Nantes,Maine-et-Loire,REP,CM1,Mathématiques,16,15,1.19,1,81.18,68.4
2018,16,Nantes,Maine-et-Loire,REP,CM2,Français,13,15,1.19,1,80.12,71.75
2018,16,Nantes,Maine-et-Loire,REP,CM2,Mathématiques,12,15,1.19,1,82.01,68.07
2018,16,Nantes,Maine-et-Loire,REP,6e,Français,18,15,1.19,1,76.37,63.0
2018,16,Nantes,Maine-et-Loire,REP,6e,Mathématiques,12,15,1.19,1,80.43,70.93
2018,17,Paris,Moselle,REP,CP,Français,16,21,2.44,1,70.47,66.24
2018,17,Paris,Moselle,REP,CP,Mathématiques,20,21,2.44,0,56.0,54.56
2018,17,Paris,Moselle,REP,CE1,Français,24,21,2.44,0,56.5,51.89
2018,17,Paris,Moselle,REP,CE1,Mathématiques,17,21,2.44,1,63.65,52.06
2018,17,Paris,Moselle,REP,CM1,Français,17,21,2.44,1,76.97,69.01
2018,17,Paris,Moselle,REP,CM1,Mathématiques,19,21,2.44,0,60.95,60.95
2018,17,Paris,Moselle,REP,CM2,Français,21,21,2.44,0,69.87,59.25
2018,17,Paris,Moselle,REP,CM2,Mathématiques,20,21,2.44,0,69.34,54.91
2018,17,Paris,Moselle,REP,6e,Français,19,21,2.44,0,78.57,63.93
2018,17,Paris,Moselle,REP,6e,Mathématiques,19,21,2.44,0,67.85,67.82
2018,18,Lyon,Nord,Hors EP,CP,Français,20,27,-28.92,0,65.41,54.12
2018,18,Lyon,Nord,Hors EP,CP,Mathématiques,25,27,-28.92,0,68.22,55.5
2018,18,Lyon,Nord,Hors EP,CE1,Français,21,27,-28.92,0,70.89,71.26
2018,18,Lyon,Nord,Hors EP,CE1,Mathématiques,20,27,-28.92,0,68.85,70.92
2018,18,Lyon,Nord,Hors EP,CM1,Français,19,27,-28.92,0,71.86,61.75
2018,18,Lyon,Nord,Hors EP,CM1,Mathématiques,22,27,-28.92,0,75.59,67.61
2018,18,Lyon,Nord,Hors EP,CM2,Français,19,27,-28.92,0,84.95,69.88
2018,18,Lyon,Nord,Hors EP,CM2,Mathématiques,26,27,-28.92,0,70.51,59.76
2018,18,Lyon,Nord,Hors EP,6e,Français,24,27,-28.92,0,86.56,76.1
2018,18,Lyon,Nord,Hors EP,6e,Mathématiques,19,27,-28.92,0,87.05,69.02
2018,19,Lille,Paris,REP,CP,Français,13,18,-9.68,1,69.05,63.16
2018,19,Lille,Paris,REP,CP,Mathématiques,14,18,-9.68,1,69.37,59.97
2018,19,Lille,Paris,REP,CE1,Français,16,18,-9.68,1,71.05,60.21
2018,19,Lille,Paris,REP,CE1,Mathématiques,17,18,-9.68,1,64.44,56.76
2018,19,Lille,Paris,REP,CM1,Français,19,18,-9.68,0,61.26,44.59
2018,19,Lille,Paris,REP,CM1,Mathématiques,20,18,-9.68,0,73.51,62.96
2018,19,Lille,Paris,REP,CM2,Français,12,18,-9.68,1,79.44,67.59
2018,19,Lille,Paris,REP,CM2,Mathématiques,16,18,-9.68,1,72.83,67.42
2018,19,Lille,Paris,REP,6e,Français,17,18,-9.68,1,79.11,72.29
2018,19,Lille,Paris,REP,6e,Mathématiques,21,18,-9.68,0,71.91,62.21
2018,20,Bordeaux,Puy-de-Dôme,Hors EP,CP,Français,22,31,-15.25,0,67.31,58.82
2018,20,Bordeaux,Puy-de-Dôme,Hors EP,CP,Mathématiques,31,31,-15.25,0,54.69,60.53
2018,20,Bordeaux,Puy-de-Dôme,Hors EP,CE1,Français,23,31,-15.25,0,72.31,65.77
2018,20,Bordeaux,Puy-de-Dôme,Hors EP,CE1,Mathématiques,24,31,-15.25,0,66.57,66.33
2018,20,Bordeaux,Puy-de-Dôme,Hors EP,CM1,Français,25,31,-15.25,0,66.26,59.97
2018,20,Bordeaux,Puy-de-Dôme,Hors EP,CM1,Mathématiques,24,31,-15.25,0,70.23,62.35
2018,20,Bordeaux,Puy-de-Dôme,Hors EP,CM2,Français,22,31,-15.25,0,74.3,67.93
2018,20,Bordeaux,Puy-de-Dôme,Hors EP,CM2,Mathématiques,25,31,-15.25,0,64.33,62.67
2018,20,Bordeaux,Puy-de-Dôme,Hors EP,6e,Français,27,31,-15.25,0,78.86,62.04
2018,20,Bordeaux,Puy-de-Dôme,Hors EP,6e,Mathématiques,28,31,-15.25,0,79.74,81.14
2018,21,Nantes,Saône-et-Loire,REP,CP,Français,23,24,9.8,0,60.31,53.4
2018,21,Nantes,Saône-et-Loire,REP,CP,Mathématiques,20,24,9.8,0,52.22,54.46
2018,21,Nantes,Saône-et-Loire,REP,CE1,Français,25,24,9.8,0,54.81,50.15
2018,21,Nantes,Saône-et-Loire,REP,CE1,Mathématiques,22,24,9.8,0,55.47,57.48
2018,21,Nantes,Saône-et-Loire,REP,CM1,Français,15,24,9.8,1,74.46,61.72
2018,21,Nantes,Saône-et-Loire,REP,CM1,Mathématiques,15,24,9.8,1,70.84,58.6
2018,21,Nantes,Saône-et-Loire,REP,CM2,Français,20,24,9.8,0,77.38,66.4
2018,21,Nantes,Saône-et-Loire,REP,CM2,Mathématiques,18,24,9.8,1,79.92,74.59
2018,21,Nantes,Saône-et-Loire,REP,6e,Français,19,24,9.8,0,74.18,68.23
2018,21,Nantes,Saône-et-Loire,REP,6e,Mathématiques,20,24,9.8,0,77.29,67.49
2018,22,Paris,Ain,Hors EP,CP,Français,18,19,-2.53,0,64.66,62.4
2018,22,Paris,Ain,Hors EP,CP,Mathématiques,20,19,-2.53,0,62.3,56.88
2018,22,Paris,Ain,Hors EP,CE1,Français,24,19,-2.53,0,60.03,48.34
2018,22,Paris,Ain,Hors EP,CE1,Mathématiques,19,19,-2.53,0,78.37,69.71
2018,22,Paris,Ain,Hors EP,CM1,Français,23,19,-2.53,0,72.07,58.41
2018,22,Paris,Ain,Hors EP,CM1,Mathématiques,22,19,-2.53,0,75.36,68.99
2018,22,Paris,Ain,Hors EP,CM2,Français,21,19,-2.53,0,85.25,73.76
2018,22,Paris,Ain,Hors EP,CM2,Mathématiques,23,19,-2.53,0,82.83,63.22
2018,22,Paris,Ain,Hors EP,6e,Français,15,19,-2.53,0,96.2,86.36
2018,22,Paris,Ain,Hors EP,6e,Mathématiques,18,19,-2.53,0,80.33,70.12
2018,23,Lyon,Bas-Rhin,REP+,CP,Français,20,21,-4.46,0,47.72,45.95
2018,23,Lyon,Bas-Rhin,REP+,CP,Mathématiques,19,21,-4.46,0,54.78,61.18
2018,23,Lyon,Bas-Rhin,REP+,CE1,Français,25,21,-4.46,0,43.02,48.53
2018,23,Lyon,Bas-Rhin,REP+,CE1,Mathématiques,24,21,-4.46,0,47.06,53.25
2018,23,Lyon,Bas-Rhin,REP+,CM1,Français,24,21,-4.46,0,57.39,57.21
2018,23,Lyon,Bas-Rhin,REP+,CM1,Mathématiques,23,21,-4.46,0,43.94,45.3
2018,23,Lyon,Bas-Rhin,REP+,CM2,Français,21,21,-4.46,0,56.01,61.49
2018,23,Lyon,Bas-Rhin,REP+,CM2,Mathématiques,26,21,-4.46,0,60.38,57.34
2018,23,Lyon,Bas-Rhin,REP+,6e,Français,25,21,-4.46,0,63.22,59.0
2018,23,Lyon,Bas-Rhin,REP+,6e,Mathématiques,19,21,-4.46,0,67.35,61.1
2018,24,Lille,Bouches-du-Rhône,REP+,CP,Français,19,15,21.57,0,51.74,51.43
2018,24,Lille,Bouches-du-Rhône,REP+,CP,Mathématiques,17,15,21.57,1,57.68,48.81
2018,24,Lille,Bouches-du-Rhône,REP+,CE1,Français,17,15,21.57,1,62.23,51.07
2018,24,Lille,Bouches-du-Rhône,REP+,CE1,Mathématiques,18,15,21.57,1,64.35,49.82
2018,24,Lille,Bouches-du-Rhône,REP+,CM1,Français,17,15,21.57,1,76.07,72.02
2018,24,Lille,Bouches-du-Rhône,REP+,CM1,Mathématiques,20,15,21.57,0,57.96,50.19
2018,24,Lille,Bouches-du-Rhône,REP+,CM2,Français,14,15,21.57,1,78.14,70.03
2018,24,Lille,Bouches-du-Rhône,REP+,CM2,Mathématiques,20,15,21.57,0,67.74,60.4
2018,24,Lille,Bouches-du-Rhône,REP+,6e,Français,14,15,21.57,1,80.15,70.59
2018,24,Lille,Bouches-du-Rhône,REP+,6e,Mathématiques,16,15,21.57,1,75.99,67.94
2018,25,Bordeaux,Gironde,Hors EP,CP,Français,23,26,-4.82,0,68.15,55.65
2018,25,Bordeaux,Gironde,Hors EP,CP,Mathématiques,21,26,-4.82,0,72.19,58.28
2018,25,Bordeaux,Gironde,Hors EP,CE1,Français,17,26,-4.82,0,67.04,60.73
2018,25,Bordeaux,Gironde,Hors EP,CE1,Mathématiques,22,26,-4.82,0,68.29,67.51
2018,25,Bordeaux,Gironde,Hors EP,CM1,Français,15,26,-4.82,0,83.2,79.39
2018,25,Bordeaux,Gironde,Hors EP,CM1,Mathématiques,19,26,-4.82,0,75.81,62.79
2018,25,Bordeaux,Gironde,Hors EP,CM2,Français,20,26,-4.82,0,83.15,78.68
2018,25,Bordeaux,Gironde,Hors EP,CM2,Mathématiques,27,26,-4.82,0,73.81,74.72
2018,25,Bordeaux,Gironde,Hors EP,6e,Français,22,26,-4.82,0,95.71,79.62
2018,25,Bordeaux,Gironde,Hors EP,6e,Mathématiques,22,26,-4.82,0,86.47,89.69
2018,26,Nantes,Hérault,REP,CP,Français,17,19,-4.34,1,70.57,63.14
2018,26,Nantes,Hérault,REP,CP,Mathématiques,19,19,-4.34,0,53.64,53.16
2018,26,Nantes,Hérault,REP,CE1,Français,19,19,-4.34,0,51.86,53.6
2018,26,Nantes,Hérault,REP,CE1,Mathématiques,16,19,-4.34,1,60.99,56.18
2018,26,Nantes,Hérault,REP,CM1,Français,18,19,-4.34,1,73.36,69.04
2018,26,Nantes,Hérault,REP,CM1,Mathématiques,15,19,-4.34,1,71.65,60.8
2018,26,Nantes,Hérault,REP,CM2,Français,18,19,-4.34,1,82.73,66.22
2018,26,Nantes,Hérault,REP,CM2,Mathématiques,20,19,-4.34,0,67.96,51.75
2018,26,Nantes,Hérault,REP,6e,Français,13,19,-4.34,1,86.42,72.66
2018,26,Nantes,Hérault,REP,6e,Mathématiques,18,19,-4.34,1,83.35,72.81
2018,27,Paris,Loire,REP+,CP,Français,15,17,-13.12,1,63.03,55.7
2018,27,Paris,Loire,REP+,CP,Mathématiques,12,17,-13.12,1,46.76,42.63
2018,27,Paris,Loire,REP+,CE1,Français,13,17,-13.12,1,59.59,55.71
2018,27,Paris,Loire,REP+,CE1,Mathématiques,13,17,-13.12,1,63.15,54.56
2018,27,Paris,Loire,REP+,CM1,Français,12,17,-13.12,1,69.58,54.64
2018,27,Paris,Loire,REP+,CM1,Mathématiques,15,17,-13.12,1,64.89,58.39
2018,27,Paris,Loire,REP+,CM2,Français,18,17,-13.12,1,69.63,72.65
2018,27,Paris,Loire,REP+,CM2,Mathématiques,13,17,-13.12,1,63.68,58.65
2018,27,Paris,Loire,REP+,6e,Français,12,17,-13.12,1,74.04,67.33
2018,27,Paris,Loire,REP+,6e,Mathématiques,15,17,-13.12,1,71.63,68.64
2018,28,Lyon,Maine-et-Loire,REP+,CP,Français,16,22,16.36,1,59.53,51.15
2018,28,Lyon,Maine-et-Loire,REP+,CP,Mathématiques,21,22,16.36,0,43.69,43.88
2018,28,Lyon,Maine-et-Loire,REP+,CE1,Français,26,22,16.36,0,48.0,49.71
2018,28,Lyon,Maine-et-Loire,REP+,CE1,Mathématiques,20,22,16.36,0,51.5,50.05
2018,28,Lyon,Maine-et-Loire,REP+,CM1,Français,22,22,16.36,0,63.61,66.49
2018,28,Lyon,Maine-et-Loire,REP+,CM1,Mathématiques,22,22,16.36,0,58.02,48.7
2018,28,Lyon,Maine-et-Loire,REP+,CM2,Français,21,22,16.36,0,68.49,65.91
2018,28,Lyon,Maine-et-Loire,REP+,CM2,Mathématiques,22,22,16.36,0,64.35,61.21
2018,28,Lyon,Maine-et-Loire,REP+,6e,Français,24,22,16.36,0,67.87,59.37
2018,28,Lyon,Maine-et-Loire,REP+,6e,Mathématiques,22,22,16.36,0,52.18,52.39
2018,29,Lille,Moselle,REP,CP,Français,12,14,5.73,1,64.48,65.7
2018,29,Lille,Moselle,REP,CP,Mathématiques,14,14,5.73,1,74.78,65.84
2018,29,Lille,Moselle,REP,CE1,Français,16,14,5.73,1,78.96,69.35
2018,29,Lille,Moselle,REP,CE1,Mathématiques,12,14,5.73,1,68.19,61.19
2018,29,Lille,Moselle,REP,CM1,Français,12,14,5.73,1,76.54,63.33
2018,29,Lille,Moselle,REP,CM1,Mathématiques,17,14,5.73,1,74.84,64.48
2018,29,Lille,Moselle,REP,CM2,Français,15,14,5.73,1,83.69,74.99
2018,29,Lille,Moselle,REP,CM2,Mathématiques,13,14,5.73,1,75.0,71.52
2018,29,Lille,Moselle,REP,6e,Français,14,14,5.73,1,81.31,72.51
2018,29,Lille,Moselle,REP,6e,Mathématiques,16,14,5.73,1,77.8,69.05
2018,30,Bordeaux,Nord,REP,CP,Français,22,19,-16.85,0,51.02,47.28
2018,30,Bordeaux,Nord,REP,CP,Mathématiques,23,19,-16.85,0,55.13,61.46
2018,30,Bordeaux,Nord,REP,CE1,Français,24,19,-16.85,0,54.08,53.54
2018,30,Bordeaux,Nord,REP,CE1,Mathématiques,23,19,-16.85,0,53.02,51.71
2018,30,Bordeaux,Nord,REP,CM1,Français,23,19,-16.85,0,61.21,52.98
2018,30,Bordeaux,Nord,REP,CM1,Mathématiques,20,19,-16.85,0,64.03,58.56
2018,30,Bordeaux,Nord,REP,CM2,Français,22,19,-16.85,0,70.39,60.99
2018,30,Bordeaux,Nord,REP,CM2,Mathématiques,23,19,-16.85,0,65.18,53.15
2018,30,Bordeaux,Nord,REP,6e,Français,25,19,-16.85,0,67.42,52.57
2018,30,Bordeaux,Nord,REP,6e,Mathématiques,18,19,-16.85,1,77.38,67.88
2018,31,Nantes,Paris,Hors EP,CP,Français,24,23,4.08,0,68.93,64.96
2018,31,Nantes,Paris,Hors EP,CP,Mathématiques,18,23,4.08,0,67.85,50.24
2018,31,Nantes,Paris,Hors EP,CE1,Français,23,23,4.08,0,71.97,69.17
2018,31,Nantes,Paris,Hors EP,CE1,Mathématiques,26,23,4.08,0,67.2,58.2
2018,31,Nantes,Paris,Hors EP,CM1,Français,24,23,4.08,0,74.71,65.8
2018,31,Nantes,Paris,Hors EP,CM1,Mathématiques,25,23,4.08,0,70.68,67.09
2018,31,Nantes,Paris,Hors EP,CM2,Français,25,23,4.08,0,76.89,72.16
2018,31,Nantes,Paris,Hors EP,CM2,Mathématiques,25,23,4.08,0,78.65,64.67
2018,31,Nantes,Paris,Hors EP,6e,Français,21,23,4.08,0,87.37,77.12
2018,31,Nantes,Paris,Hors EP,6e,Mathématiques,21,23,4.08,0,88.76,69.15
2018,32,Paris,Puy-de-Dôme,REP,CP,Français,24,21,-16.53,0,51.29,51.93
2018,32,Paris,Puy-de-Dôme,REP,CP,Mathématiques,20,21,-16.53,0,53.22,50.42
2018,32,Paris,Puy-de-Dôme,REP,CE1,Français,24,21,-16.53,0,52.56,56.4
2018,32,Paris,Puy-de-Dôme,REP,CE1,Mathématiques,18,21,-16.53,1,65.75,54.35
2018,32,Paris,Puy-de-Dôme,REP,CM1,Français,21,21,-16.53,0,69.82,62.09
2018,32,Paris,Puy-de-Dôme,REP,CM1,Mathématiques,20,21,-16.53,0,56.2,52.07
2018,32,Paris,Puy-de-Dôme,REP,CM2,Français,16,21,-16.53,1,75.91,67.75
2018,32,Paris,Puy-de-Dôme,REP,CM2,Mathématiques,23,21,-16.53,0,76.16,63.85
2018,32,Paris,Puy-de-Dôme,REP,6e,Français,24,21,-16.53,0,71.71,63.01
2018,32,Paris,Puy-de-Dôme,REP,6e,Mathématiques,21,21,-16.53,0,70.6,63.56
2018,33,Lyon,Saône-et-Loire,REP,CP,Français,15,18,7.84,1,65.26,59.42
2018,33,Lyon,Saône-et-Loire,REP,CP,Mathématiques,18,18,7.84,1,65.75,56.43
2018,33,Lyon,Saône-et-Loire,REP,CE1,Français,19,18,7.84,0,69.15,64.49
2018,33,Lyon,Saône-et-Loire,REP,CE1,Mathématiques,18,18,7.84,1,74.53,71.33
2018,33,Lyon,Saône-et-Loire,REP,CM1,Français,18,18,7.84,1,80.63,72.43
2018,33,Lyon,Saône-et-Loire,REP,CM1,Mathématiques,13,18,7.84,1,78.09,61.32
2018,33,Lyon,Saône-et-Loire,REP,CM2,Français,14,18,7.84,1,88.81,79.59
2018,33,Lyon,Saône-et-Loire,REP,CM2,Mathématiques,20,18,7.84,0,67.92,55.42
2018,33,Lyon,Saône-et-Loire,REP,6e,Français,15,18,7.84,1,88.4,75.51
2018,33,Lyon,Saône-et-Loire,REP,6e,Mathématiques,19,18,7.84,0,73.41,66.68
2018,34,Lille,Ain,Hors EP,CP,Français,24,23,-9.0,0,64.69,57.64
2018,34,Lille,Ain,Hors EP,CP,Mathématiques,29,23,-9.0,0,57.58,52.93
2018,34,Lille,Ain,Hors EP,CE1,Français,20,23,-9.0,0,69.1,60.67
2018,34,Lille,Ain,Hors EP,CE1,Mathématiques,23,23,-9.0,0,73.64,64.25
2018,34,Lille,Ain,Hors EP,CM1,Français,28,23,-9.0,0,72.2,64.28
2018,34,Lille,Ain,Hors EP,CM1,Mathématiques,25,23,-9.0,0,71.64,72.31
2018,34,Lille,Ain,Hors EP,CM2,Français,19,23,-9.0,0,76.01,63.97
2018,34,Lille,Ain,Hors EP,CM2,Mathématiques,25,23,-9.0,0,79.73,71.58
2018,34,Lille,Ain,Hors EP,6e,Français,24,23,-9.0,0,90.11,81.42
2018,34,Lille,Ain,Hors EP,6e,Mathématiques,25,23,-9.0,0,85.95,74.81
2018,35,Bordeaux,Bas-Rhin,REP,CP,Français,26,22,0.02,0,39.77,34.96
2018,35,Bordeaux,Bas-Rhin,REP,CP,Mathématiques,19,22,0.02,0,52.47,49.4
2018,35,Bordeaux,Bas-Rhin,REP,CE1,Français,18,22,0.02,1,66.57,55.96
2018,35,Bordeaux,Bas-Rhin,REP,CE1,Mathématiques,28,22,0.02,0,58.11,52.46
2018,35,Bordeaux,Bas-Rhin,REP,CM1,Français,21,22,0.02,0,60.13,46.35
2018,35,Bordeaux,Bas-Rhin,REP,CM1,Mathématiques,22,22,0.02,0,56.91,53.28
2018,35,Bordeaux,Bas-Rhin,REP,CM2,Français,18,22,0.02,1,78.57,69.17
2018,35,Bordeaux,Bas-Rhin,REP,CM2,Mathématiques,23,22,0.02,0,67.38,54.22
2018,35,Bordeaux,Bas-Rhin,REP,6e,Français,24,22,0.02,0,69.0,65.08
2018,35,Bordeaux,Bas-Rhin,REP,6e,Mathématiques,22,22,0.02,0,65.21,57.76
2018,36,Nantes,Bouches-du-Rhône,REP,CP,Français,25,26,18.38,0,52.75,54.62
2018,36,Nantes,Bouches-du-Rhône,REP,CP,Mathématiques,27,26,18.38,0,57.93,48.25
2018,36,Nantes,Bouches-du-Rhône,REP,CE1,Français,20,26,18.38,0,69.09,56.69
2018,36,Nantes,Bouches-du-Rhône,REP,CE1,Mathématiques,19,26,18.38,0,58.12,56.62
2018,36,Nantes,Bouches-du-Rhône,REP,CM1,Français,22,26,18.38,0,63.68,54.93
2018,36,Nantes,Bouches-du-Rhône,REP,CM1,Mathématiques,20,26,18.38,0,61.45,68.19
2018,36,Nantes,Bouches-du-Rhône,REP,CM2,Français,23,26,18.38,0,74.7,63.35
2018,36,Nantes,Bouches-du-Rhône,REP,CM2,Mathématiques,22,26,18.38,0,65.39,46.21
2018,36,Nantes,Bouches-du-Rhône,REP,6e,Français,19,26,18.38,0,71.16,52.14
2018,36,Nantes,Bouches-du-Rhône,REP,6e,Mathématiques,19,26,18.38,0,82.27,70.72
2018,37,Paris,Gironde,REP,CP,Français,22,25,-10.81,0,56.38,50.46
2018,37,Paris,Gironde,REP,CP,Mathématiques,22,25,-10.81,0,52.65,48.05
2018,37,Paris,Gironde,REP,CE1,Français,18,25,-10.81,1,64.37,59.21
2018,37,Paris,Gironde,REP,CE1,Mathématiques,22,25,-10.81,0,50.54,49.5
2018,37,Paris,Gironde,REP,CM1,Français,22,25,-10.81,0,65.88,67.56
2018,37,Paris,Gironde,REP,CM1,Mathématiques,24,25,-10.81,0,53.8,60.0
2018,37,Paris,Gironde,REP,CM2,Français,20,25,-10.81,0,74.6,66.07
2018,37,Paris,Gironde,REP,CM2,Mathématiques,20,25,-10.81,0,58.77,54.1
2018,37,Paris,Gironde,REP,6e,Français,17,25,-10.81,1,90.06,83.82
2018,37,Paris,Gironde,REP,6e,Mathématiques,19,25,-10.81,0,74.16,61.8
2018,38,Lyon,Hérault,Hors EP,CP,Français,25,26,20.88,0,72.7,64.92
2018,38,Lyon,Hérault,Hors EP,CP,Mathématiques,28,26,20.88,0,60.49,55.89
2018,38,Lyon,Hérault,Hors EP,CE1,Français,26,26,20.88,0,67.54,64.24
2018,38,Lyon,Hérault,Hors EP,CE1,Mathématiques,28,26,20.88,0,69.18,69.72
2018,38,Lyon,Hérault,Hors EP,CM1,Français,30,26,20.88,0,72.02,65.84
2018,38,Lyon,Hérault,Hors EP,CM1,Mathématiques,24,26,20.88,0,76.21,63.82
2018,38,Lyon,Hérault,Hors EP,CM2,Français,30,26,20.88,0,80.34,68.54
2018,38,Lyon,Hérault,Hors EP,CM2,Mathématiques,29,26,20.88,0,66.84,50.38
2018,38,Lyon,Hérault,Hors EP,6e,Français,28,26,20.88,0,85.78,74.58
2018,38,Lyon,Hérault,Hors EP,6e,Mathématiques,23,26,20.88,0,86.9,84.11
2018,39,Lille,Loire,REP,CP,Français,16,20,-4.73,1,67.59,65.19
2018,39,Lille,Loire,REP,CP,Mathématiques,17,20,-4.73,1,60.46,50.32
2018,39,Lille,Loire,REP,CE1,Français,19,20,-4.73,0,60.77,45.9
2018,39,Lille,Loire,REP,CE1,Mathématiques,23,20,-4.73,0,57.32,52.72
2018,39,Lille,Loire,REP,CM1,Français,15,20,-4.73,1,71.95,70.09
2018,39,Lille,Loire,REP,CM1,Mathématiques,14,20,-4.73,1,71.87,57.97
2018,39,Lille,Loire,REP,CM2,Français,23,20,-4.73,0,64.89,61.15
2018,39,Lille,Loire,REP,CM2,Mathématiques,22,20,-4.73,0,74.09,64.37
2018,39,Lille,Loire,REP,6e,Français,22,20,-4.73,0,67.15,66.61
2018,39,Lille,Loire,REP,6e,Mathématiques,19,20,-4.73,0,71.01,63.17
2018,40,Bordeaux,Maine-et-Loire,REP,CP,Français,17,22,3.52,1,66.86,64.18
2018,40,Bordeaux,Maine-et-Loire,REP,CP,Mathématiques,16,22,3.52,1,59.59,59.9
2018,40,Bordeaux,Maine-et-Loire,REP,CE1,Français,22,22,3.52,0,60.68,65.56
2018,40,Bordeaux,Maine-et-Loire,REP,CE1,Mathématiques,22,22,3.52,0,58.78,68.53
2018,40,Bordeaux,Maine-et-Loire,REP,CM1,Français,20,22,3.52,0,63.03,60.0
2018,40,Bordeaux,Maine-et-Loire,REP,CM1,Mathématiques,22,22,3.52,0,59.45,50.27
2018,40,Bordeaux,Maine-et-Loire,REP,CM2,Français,27,22,3.52,0,66.79,56.76
2018,40,Bordeaux,Maine-et-Loire,REP,CM2,Mathématiques,23,22,3.52,0,65.43,58.23
2018,40,Bordeaux,Maine-et-Loire,REP,6e,Français,22,22,3.52,0,69.01,63.69
2018,40,Bordeaux,Maine-et-Loire,REP,6e,Mathématiques,26,22,3.52,0,70.32,60.94
2018,41,Nantes,Moselle,REP+,CP,Français,18,16,-4.53,1,50.66,53.76
2018,41,Nantes,Moselle,REP+,CP,Mathématiques,15,16,-4.53,1,57.15,48.23
2018,41,Nantes,Moselle,REP+,CE1,Français,19,16,-4.53,0,58.16,59.35
2018,41,Nantes,Moselle,REP+,CE1,Mathématiques,12,16,-4.53,1,63.19,59.99
2018,41,Nantes,Moselle,REP+,CM1,Français,12,16,-4.53,1,68.35,63.3
2018,41,Nantes,Moselle,REP+,CM1,Mathématiques,17,16,-4.53,1,66.25,61.51
2018,41,Nantes,Moselle,REP+,CM2,Français,20,16,-4.53,0,68.17,47.02
2018,41,Nantes,Moselle,REP+,CM2,Mathématiques,15,16,-4.53,1,69.72,53.65
2018,41,Nantes,Moselle,REP+,6e,Français,16,16,-4.53,1,84.08,66.74
2018,41,Nantes,Moselle,REP+,6e,Mathématiques,17,16,-4.53,1,71.33,60.15
2018,42,Paris,Nord,REP,CP,Français,23,17,-22.45,0,53.52,50.48
2018,42,Paris,Nord,REP,CP,Mathématiques,19,17,-22.45,0,45.06,51.55
2018,42,Paris,Nord,REP,CE1,Français,17,17,-22.45,1,67.39,58.36
2018,42,Paris,Nord,REP,CE1,Mathématiques,17,17,-22.45,1,68.43,62.81
2018,42,Paris,Nord,REP,CM1,Français,20,17,-22.45,0,63.47,60.72
2018,42,Paris,Nord,REP,CM1,Mathématiques,17,17,-22.45,1,81.34,62.47
2018,42,Paris,Nord,REP,CM2,Français,21,17,-22.45,0,73.76,60.9
2018,42,Paris,Nord,REP,CM2,Mathématiques,24,17,-22.45,0,66.39,65.0
2018,42,Paris,Nord,REP,6e,Français,18,17,-22.45,1,83.33,70.62
2018,42,Paris,Nord,REP,6e,Mathématiques,19,17,-22.45,0,77.71,68.75
2018,43,Lyon,Paris,REP,CP,Français,24,21,7.86,0,52.32,45.94
2018,43,Lyon,Paris,REP,CP,Mathématiques,20,21,7.86,0,46.78,48.0
2018,43,Lyon,Paris,REP,CE1,Français,22,21,7.86,0,57.36,39.23
2018,43,Lyon,Paris,REP,CE1,Mathématiques,19,21,7.86,0,64.09,55.26
2018,43,Lyon,Paris,REP,CM1,Français,23,21,7.86,0,58.18,61.76
2018,43,Lyon,Paris,REP,CM1,Mathématiques,22,21,7.86,0,63.65,69.91
2018,43,Lyon,Paris,REP,CM2,Français,26,21,7.86,0,65.36,56.48
2018,43,Lyon,Paris,REP,CM2,Mathématiques,21,21,7.86,0,70.54,62.44
2018,43,Lyon,Paris,REP,6e,Français,21,21,7.86,0,82.85,70.76
2018,43,Lyon,Paris,REP,6e,Mathématiques,28,21,7.86,0,67.35,69.73
2018,44,Lille,Puy-de-Dôme,REP,CP,Français,24,27,-10.25,0,55.82,53.16
2018,44,Lille,Puy-de-Dôme,REP,CP,Mathématiques,20,27,-10.25,0,45.85,39.04
2018,44,Lille,Puy-de-Dôme,REP,CE1,Français,19,27,-10.25,0,60.36,61.67
2018,44,Lille,Puy-de-Dôme,REP,CE1,Mathématiques,23,27,-10.25,0,43.1,43.35
2018,44,Lille,Puy-de-Dôme,REP,CM1,Français,23,27,-10.25,0,71.7,56.47
2018,44,Lille,Puy-de-Dôme,REP,CM1,Mathématiques,22,27,-10.25,0,67.85,63.39
2018,44,Lille,Puy-de-Dôme,REP,CM2,Français,24,27,-10.25,0,66.89,62.13
2018,44,Lille,Puy-de-Dôme,REP,CM2,Mathématiques,25,27,-10.25,0,58.83,59.39
2018,44,Lille,Puy-de-Dôme,REP,6e,Français,20,27,-10.25,0,76.45,67.88
2018,44,Lille,Puy-de-Dôme,REP,6e,Mathématiques,21,27,-10.25,0,70.97,60.15
2018,45,Bordeaux,Saône-et-Loire,REP,CP,Français,16,20,3.87,1,70.67,57.15
2018,45,Bordeaux,Saône-et-Loire,REP,CP,Mathématiques,18,20,3.87,1,61.65,63.55
2018,45,Bordeaux,Saône-et-Loire,REP,CE1,Français,20,20,3.87,0,59.71,58.1
2018,45,Bordeaux,Saône-et-Loire,REP,CE1,Mathématiques,14,20,3.87,1,68.27,71.41
2018,45,Bordeaux,Saône-et-Loire,REP,CM1,Français,19,20,3.87,0,67.87,63.89
2018,45,Bordeaux,Saône-et-Loire,REP,CM1,Mathématiques,21,20,3.87,0,53.78,43.16
2018,45,Bordeaux,Saône-et-Loire,REP,CM2,Français,20,20,3.87,0,68.45,68.1
2018,45,Bordeaux,Saône-et-Loire,REP,CM2,Mathématiques,18,20,3.87,1,70.76,56.78
2018,45,Bordeaux,Saône-et-Loire,REP,6e,Français,12,20,3.87,1,86.41,72.82
2018,45,Bordeaux,Saône-et-Loire,REP,6e,Mathématiques,18,20,3.87,1,89.32,81.73
2018,46,Nantes,Ain,Hors EP,CP,Français,19,19,6.66,0,76.32,61.07
2018,46,Nantes,Ain,Hors EP,CP,Mathématiques,23,19,6.66,0,60.98,60.21
2018,46,Nantes,Ain,Hors EP,CE1,Français,14,19,6.66,0,72.61,71.96
2018,46,Nantes,Ain,Hors EP,CE1,Mathématiques,17,19,6.66,0,77.58,68.94
2018,46,Nantes,Ain,Hors EP,CM1,Français,18,19,6.66,0,88.94,74.29
2018,46,Nantes,Ain,Hors EP,CM1,Mathématiques,14,19,6.66,0,76.19,69.56
2018,46,Nantes,Ain,Hors EP,CM2,Français,19,19,6.66,0,79.85,65.67
2018,46,Nantes,Ain,Hors EP,CM2,Mathématiques,17,19,6.66,0,83.16,64.67
2018,46,Nantes,Ain,Hors EP,6e,Français,16,19,6.66,0,89.52,79.73
2018,46,Nantes,Ain,Hors EP,6e,Mathématiques,20,19,6.66,0,87.34,72.43
2018,47,Paris,Bas-Rhin,Hors EP,CP,Français,20,25,-11.28,0,63.61,59.07
2018,47,Paris,Bas-Rhin,Hors EP,CP,Mathématiques,24,25,-11.28,0,55.1,52.6
2018,47,Paris,Bas-Rhin,Hors EP,CE1,Français,21,25,-11.28,0,73.48,64.9
2018,47,Paris,Bas-Rhin,Hors EP,CE1,Mathématiques,18,25,-11.28,0,65.97,60.0
2018,47,Paris,Bas-Rhin,Hors EP,CM1,Français,25,25,-11.28,0,64.38,60.51
2018,47,Paris,Bas-Rhin,Hors EP,CM1,Mathématiques,25,25,-11.28,0,70.66,65.8
2018,47,Paris,Bas-Rhin,Hors EP,CM2,Français,20,25,-11.28,0,83.31,63.55
2018,47,Paris,Bas-Rhin,Hors EP,CM2,Mathématiques,16,25,-11.28,0,86.89,69.16
2018,47,Paris,Bas-Rhin,Hors EP,6e,Français,21,25,-11.28,0,81.71,63.51
2018,47,Paris,Bas-Rhin,Hors EP,6e,Mathématiques,22,25,-11.28,0,80.76,71.81
2018,48,Lyon,Bouches-du-Rhône,Hors EP,CP,Français,22,29,18.93,0,70.42,68.55
2018,48,Lyon,Bouches-du-Rhône,Hors EP,CP,Mathématiques,28,29,18.93,0,55.87,51.43
2018,48,Lyon,Bouches-du-Rhône,Hors EP,CE1,Français,28,29,18.93,0,71.56,64.64
2018,48,Lyon,Bouches-du-Rhône,Hors EP,CE1,Mathématiques,24,29,18.93,0,68.14,62.78
2018,48,Lyon,Bouches-du-Rhône,Hors EP,CM1,Français,24,29,18.93,0,78.68,68.9
2018,48,Lyon,Bouches-du-Rhône,Hors EP,CM1,Mathématiques,23,29,18.93,0,79.17,83.4
2018,48,Lyon,Bouches-du-Rhône,Hors EP,CM2,Français,21,29,18.93,0,88.03,71.06
2018,48,Lyon,Bouches-du-Rhône,Hors EP,CM2,Mathématiques,26,29,18.93,0,79.28,72.72
2018,48,Lyon,Bouches-du-Rhône,Hors EP,6e,Français,28,29,18.93,0,86.14,79.23
2018,48,Lyon,Bouches-du-Rhône,Hors EP,6e,Mathématiques,19,29,18.93,0,97.53,83.2
2018,49,Lille,Gironde,REP+,CP,Français,13,14,1.75,1,60.48,61.55
2018,49,Lille,Gironde,REP+,CP,Mathématiques,12,14,1.75,1,60.59,56.24
2018,49,Lille,Gironde,REP+,CE1,Français,12,14,1.75,1,56.59,56.0
2018,49,Lille,Gironde,REP+,CE1,Mathématiques,12,14,1.75,1,63.13,50.47
2018,49,Lille,Gironde,REP+,CM1,Français,13,14,1.75,1,68.67,67.55
2018,49,Lille,Gironde,REP+,CM1,Mathématiques,13,14,1.75,1,63.09,55.37
2018,49,Lille,Gironde,REP+,CM2,Français,16,14,1.75,1,76.62,65.18
2018,49,Lille,Gironde,REP+,CM2,Mathématiques,12,14,1.75,1,64.16,60.57
2018,49,Lille,Gironde,REP+,6e,Français,12,14,1.75,1,82.59,71.81
2018,49,Lille,Gironde,REP+,6e,Mathématiques,19,14,1.75,0,61.36,56.21
2018,50,Bordeaux,Hérault,Hors EP,CP,Français,28,26,2.69,0,64.59,55.43
2018,50,Bordeaux,Hérault,Hors EP,CP,Mathématiques,28,26,2.69,0,53.13,51.8
2018,50,Bordeaux,Hérault,Hors EP,CE1,Français,29,26,2.69,0,65.4,51.4
2018,50,Bordeaux,Hérault,Hors EP,CE1,Mathématiques,30,26,2.69,0,64.16,55.0
2018,50,Bordeaux,Hérault,Hors EP,CM1,Français,27,26,2.69,0,67.47,55.75
2018,50,Bordeaux,Hérault,Hors EP,CM1,Mathématiques,27,26,2.69,0,76.75,63.99
2018,50,Bordeaux,Hérault,Hors EP,CM2,Français,30,26,2.69,0,74.1,66.63
2018,50,Bordeaux,Hérault,Hors EP,CM2,Mathématiques,28,26,2.69,0,79.25,66.22
2018,50,Bordeaux,Hérault,Hors EP,6e,Français,24,26,2.69,0,80.7,67.22
2018,50,Bordeaux,Hérault,Hors EP,6e,Mathématiques,25,26,2.69,0,84.87,70.38
2018,51,Nantes,Loire,Hors EP,CP,Français,18,17,-13.54,0,71.01,51.66
2018,51,Nantes,Loire,Hors EP,CP,Mathématiques,20,17,-13.54,0,74.14,63.15
2018,51,Nantes,Loire,Hors EP,CE1,Français,20,17,-13.54,0,77.19,66.67
2018,51,Nantes,Loire,Hors EP,CE1,Mathématiques,18,17,-13.54,0,61.13,59.78
2018,51,Nantes,Loire,Hors EP,CM1,Français,19,17,-13.54,0,74.92,66.58
2018,51,Nantes,Loire,Hors EP,CM1,Mathématiques,18,17,-13.54,0,75.0,69.03
2018,51,Nantes,Loire,Hors EP,CM2,Français,16,17,-13.54,0,90.09,69.27
2018,51,Nantes,Loire,Hors EP,CM2,Mathématiques,17,17,-13.54,0,91.03,82.54
2018,51,Nantes,Loire,Hors EP,6e,Français,19,17,-13.54,0,85.24,70.32
2018,51,Nantes,Loire,Hors EP,6e,Mathématiques,19,17,-13.54,0,86.64,73.46
2018,52,Paris,Maine-et-Loire,REP,CP,Français,21,21,-6.2,0,48.4,46.96
2018,52,Paris,Maine-et-Loire,REP,CP,Mathématiques,17,21,-6.2,1,63.76,56.41
2018,52,Paris,Maine-et-Loire,REP,CE1,Français,23,21,-6.2,0,59.04,48.59
2018,52,Paris,Maine-et-Loire,REP,CE1,Mathématiques,21,21,-6.2,0,52.07,47.52
2018,52,Paris,Maine-et-Loire,REP,CM1,Français,20,21,-6.2,0,63.24,62.47
2018,52,Paris,Maine-et-Loire,REP,CM1,Mathématiques,17,21,-6.2,1,70.47,59.64
2018,52,Paris,Maine-et-Loire,REP,CM2,Français,18,21,-6.2,1,86.2,76.76
2018,52,Paris,Maine-et-Loire,REP,CM2,Mathématiques,23,21,-6.2,0,74.96,60.82
2018,52,Paris,Maine-et-Loire,REP,6e,Français,19,21,-6.2,0,71.06,59.44
2018,52,Paris,Maine-et-Loire,REP,6e,Mathématiques,17,21,-6.2,1,78.5,63.12
2018,53,Lyon,Moselle,Hors EP,CP,Français,27,19,-11.01,0,60.55,56.53
2018,53,Lyon,Moselle,Hors EP,CP,Mathématiques,17,19,-11.01,0,75.36,71.84
2018,53,Lyon,Moselle,Hors EP,CE1,Français,21,19,-11.01,0,65.92,60.88
2018,53,Lyon,Moselle,Hors EP,CE1,Mathématiques,17,19,-11.01,0,78.26,72.26
2018,53,Lyon,Moselle,Hors EP,CM1,Français,20,19,-11.01,0,67.91,56.26
2018,53,Lyon,Moselle,Hors EP,CM1,Mathématiques,22,19,-11.01,0,79.54,74.63
2018,53,Lyon,Moselle,Hors EP,CM2,Français,16,19,-11.01,0,87.04,79.26
2018,53,Lyon,Moselle,Hors EP,CM2,Mathématiques,16,19,-11.01,0,82.64,72.57
2018,53,Lyon,Moselle,Hors EP,6e,Français,19,19,-11.01,0,81.44,68.75
2018,53,Lyon,Moselle,Hors EP,6e,Mathématiques,19,19,-11.01,0,86.11,70.74
2018,54,Lille,Nord,Hors EP,CP,Français,23,24,-3.65,0,67.48,51.28
2018,54,Lille,Nord,Hors EP,CP,Mathématiques,25,24,-3.65,0,62.26,57.53
2018,54,Lille,Nord,Hors EP,CE1,Français,26,24,-3.65,0,59.57,45.64
2018,54,Lille,Nord,Hors EP,CE1,Mathématiques,25,24,-3.65,0,66.23,60.89
2018,54,Lille,Nord,Hors EP,CM1,Français,23,24,-3.65,0,80.05,74.1
2018,54,Lille,Nord,Hors EP,CM1,Mathématiques,25,24,-3.65,0,71.09,52.8
2018,54,Lille,Nord,Hors EP,CM2,Français,26,24,-3.65,0,84.86,75.93
2018,54,Lille,Nord,Hors EP,CM2,Mathématiques,22,24,-3.65,0,82.99,75.74
2018,54,Lille,Nord,Hors EP,6e,Français,28,24,-3.65,0,78.62,67.33
2018,54,Lille,Nord,Hors EP,6e,Mathématiques,26,24,-3.65,0,81.62,64.91
2018,55,Bordeaux,Paris,Hors EP,CP,Français,25,27,2.64,0,72.67,59.91
2018,55,Bordeaux,Paris,Hors EP,CP,Mathématiques,25,27,2.64,0,63.07,62.28
2018,55,Bordeaux,Paris,Hors EP,CE1,Français,22,27,2.64,0,66.82,50.25
2018,55,Bordeaux,Paris,Hors EP,CE1,Mathématiques,26,27,2.64,0,61.08,54.61
2018,55,Bordeaux,Paris,Hors EP,CM1,Français,28,27,2.64,0,70.43,64.05
2018,55,Bordeaux,Paris,Hors EP,CM1,Mathématiques,25,27,2.64,0,76.04,69.08
2018,55,Bordeaux,Paris,Hors EP,CM2,Français,24,27,2.64,0,81.16,75.41
2018,55,Bordeaux,Paris,Hors EP,CM2,Mathématiques,27,27,2.64,0,69.93,65.83
2018,55,Bordeaux,Paris,Hors EP,6e,Français,23,27,2.64,0,94.17,84.16
2018,55,Bordeaux,Paris,Hors EP,6e,Mathématiques,27,27,2.64,0,81.92,69.66
2018,56,Nantes,Puy-de-Dôme,REP+,CP,Français,15,15,10.46,1,57.48,48.12
2018,56,Nantes,Puy-de-Dôme,REP+,CP,Mathématiques,13,15,10.46,1,49.03,51.99
2018,56,Nantes,Puy-de-Dôme,REP+,CE1,Français,21,15,10.46,0,58.97,46.97
2018,56,Nantes,Puy-de-Dôme,REP+,CE1,Mathématiques,18,15,10.46,1,67.66,58.72
2018,56,Nantes,Puy-de-Dôme,REP+,CM1,Français,16,15,10.46,1,61.22,57.96
2018,56,Nantes,Puy-de-Dôme,REP+,CM1,Mathématiques,13,15,10.46,1,68.15,53.54
2018,56,Nantes,Puy-de-Dôme,REP+,CM2,Français,17,15,10.46,1,79.87,65.39
2018,56,Nantes,Puy-de-Dôme,REP+,CM2,Mathématiques,13,15,10.46,1,62.55,56.2
2018,56,Nantes,Puy-de-Dôme,REP+,6e,Français,15,15,10.46,1,73.28,67.09
2018,56,Nantes,Puy-de-Dôme,REP+,6e,Mathématiques,15,15,10.46,1,72.41,61.47
2018,57,Paris,Saône-et-Loire,Hors EP,CP,Français,23,24,7.43,0,68.54,62.34
2018,57,Paris,Saône-et-Loire,Hors EP,CP,Mathématiques,25,24,7.43,0,65.55,55.67
2018,57,Paris,Saône-et-Loire,Hors EP,CE1,Français,27,24,7.43,0,71.27,48.88
2018,57,Paris,Saône-et-Loire,Hors EP,CE1,Mathématiques,29,24,7.43,0,50.28,46.11
2018,57,Paris,Saône-et-Loire,Hors EP,CM1,Français,29,24,7.43,0,71.56,56.33
2018,57,Paris,Saône-et-Loire,Hors EP,CM1,Mathématiques,23,24,7.43,0,80.01,59.8
2018,57,Paris,Saône-et-Loire,Hors EP,CM2,Français,29,24,7.43,0,77.74,61.9
2018,57,Paris,Saône-et-Loire,Hors EP,CM2,Mathématiques,25,24,7.43,0,74.01,69.66
2018,57,Paris,Saône-et-Loire,Hors EP,6e,Français,28,24,7.43,0,76.16,64.77
2018,57,Paris,Saône-et-Loire,Hors EP,6e,Mathématiques,24,24,7.43,0,90.31,69.66
2018,58,Lyon,Ain,REP+,CP,Français,15,20,-8.13,1,52.29,51.03
2018,58,Lyon,Ain,REP+,CP,Mathématiques,14,20,-8.13,1,45.21,43.85
2018,58,Lyon,Ain,REP+,CE1,Français,12,20,-8.13,1,58.64,50.33
2018,58,Lyon,Ain,REP+,CE1,Mathématiques,15,20,-8.13,1,68.03,61.54
2018,58,Lyon,Ain,REP+,CM1,Français,18,20,-8.13,1,60.03,52.55
2018,58,Lyon,Ain,REP+,CM1,Mathématiques,18,20,-8.13,1,60.41,60.62
2018,58,Lyon,Ain,REP+,CM2,Français,14,20,-8.13,1,71.74,60.85
2018,58,Lyon,Ain,REP+,CM2,Mathématiques,17,20,-8.13,1,67.14,59.3
2018,58,Lyon,Ain,REP+,6e,Français,16,20,-8.13,1,74.72,68.24
2018,58,Lyon,Ain,REP+,6e,Mathématiques,18,20,-8.13,1,74.63,63.59
2018,59,Lille,Bas-Rhin,Hors EP,CP,Français,27,23,1.26,0,58.02,58.3
2018,59,Lille,Bas-Rhin,Hors EP,CP,Mathématiques,18,23,1.26,0,70.13,70.56
2018,59,Lille,Bas-Rhin,Hors EP,CE1,Français,24,23,1.26,0,71.52,60.83
2018,59,Lille,Bas-Rhin,Hors EP,CE1,Mathématiques,23,23,1.26,0,67.52,56.98
2018,59,Lille,Bas-Rhin,Hors EP,CM1,Français,22,23,1.26,0,79.44,65.19
2018,59,Lille,Bas-Rhin,Hors EP,CM1,Mathématiques,21,23,1.26,0,70.33,64.78
2018,59,Lille,Bas-Rhin,Hors EP,CM2,Français,24,23,1.26,0,82.79,76.13
2018,59,Lille,Bas-Rhin,Hors EP,CM2,Mathématiques,23,23,1.26,0,81.41,71.88
2018,59,Lille,Bas-Rhin,Hors EP,6e,Français,23,23,1.26,0,85.26,84.05
2018,59,Lille,Bas-Rhin,Hors EP,6e,Mathématiques,22,23,1.26,0,82.55,73.31
2018,60,Bordeaux,Bouches-du-Rhône,Hors EP,CP,Français,17,24,-1.13,0,77.21,70.63
2018,60,Bordeaux,Bouches-du-Rhône,Hors EP,CP,Mathématiques,17,24,-1.13,0,76.86,70.56
2018,60,Bordeaux,Bouches-du-Rhône,Hors EP,CE1,Français,20,24,-1.13,0,81.22,71.03
2018,60,Bordeaux,Bouches-du-Rhône,Hors EP,CE1,Mathématiques,20,24,-1.13,0,68.09,64.21
2018,60,Bordeaux,Bouches-du-Rhône,Hors EP,CM1,Français,21,24,-1.13,0,79.23,64.93
2018,60,Bordeaux,Bouches-du-Rhône,Hors EP,CM1,Mathématiques,20,24,-1.13,0,76.75,60.52
2018,60,Bordeaux,Bouches-du-Rhône,Hors EP,CM2,Français,16,24,-1.13,0,89.41,62.79
2018,60,Bordeaux,Bouches-du-Rhône,Hors EP,CM2,Mathématiques,21,24,-1.13,0,79.01,75.27
2018,60,Bordeaux,Bouches-du-Rhône,Hors EP,6e,Français,19,24,-1.13,0,93.93,76.89
2018,60,Bordeaux,Bouches-du-Rhône,Hors EP,6e,Mathématiques,20,24,-1.13,0,90.38,74.15
2018,61,Nantes,Gironde,Hors EP,CP,Français,23,21,11.07,0,77.45,63.85
2018,61,Nantes,Gironde,Hors EP,CP,Mathématiques,18,21,11.07,0,65.85,63.08
2018,61,Nantes,Gironde,Hors EP,CE1,Français,22,21,11.07,0,74.19,59.83
2018,61,Nantes,Gironde,Hors EP,CE1,Mathématiques,23,21,11.07,0,64.32,64.53
2018,61,Nantes,Gironde,Hors EP,CM1,Français,28,21,11.07,0,75.98,69.58
2018,61,Nantes,Gironde,Hors EP,CM1,Mathématiques,20,21,11.07,0,70.38,59.85
2018,61,Nantes,Gironde,Hors EP,CM2,Français,18,21,11.07,0,81.82,79.25
2018,61,Nantes,Gironde,Hors EP,CM2,Mathématiques,22,21,11.07,0,83.44,70.19
2018,61,Nantes,Gironde,Hors EP,6e,Français,21,21,11.07,0,94.97,79.42
2018,61,Nantes,Gironde,Hors EP,6e,Mathématiques,22,21,11.07,0,85.85,71.66
2018,62,Paris,Hérault,Hors EP,CP,Français,15,18,0.68,0,71.93,64.18
2018,62,Paris,Hérault,Hors EP,CP,Mathématiques,13,18,0.68,0,64.96,61.21
2018,62,Paris,Hérault,Hors EP,CE1,Français,19,18,0.68,0,69.99,63.39
2018,62,Paris,Hérault,Hors EP,CE1,Mathématiques,21,18,0.68,0,73.88,64.76
2018,62,Paris,Hérault,Hors EP,CM1,Français,17,18,0.68,0,79.25,71.23
2018,62,Paris,Hérault,Hors EP,CM1,Mathématiques,18,18,0.68,0,81.91,71.36
2018,62,Paris,Hérault,Hors EP,CM2,Français,20,18,0.68,0,85.71,77.2
2018,62,Paris,Hérault,Hors EP,CM2,Mathématiques,20,18,0.68,0,78.66,59.45
2018,62,Paris,Hérault,Hors EP,6e,Français,22,18,0.68,0,89.64,67.38
2018,62,Paris,Hérault,Hors EP,6e,Mathématiques,16,18,0.68,0,92.55,76.54
2018,63,Lyon,Loire,REP,CP,Français,25,28,-9.58,0,52.31,53.05
2018,63,Lyon,Loire,REP,CP,Mathématiques,26,28,-9.58,0,47.54,49.78
2018,63,Lyon,Loire,REP,CE1,Français,23,28,-9.58,0,56.63,54.05
2018,63,Lyon,Loire,REP,CE1,Mathématiques,25,28,-9.58,0,55.03,55.19
2018,63,Lyon,Loire,REP,CM1,Français,24,28,-9.58,0,57.81,54.65
2018,63,Lyon,Loire,REP,CM1,Mathématiques,24,28,-9.58,0,59.32,66.37
2018,63,Lyon,Loire,REP,CM2,Français,23,28,-9.58,0,69.25,67.43
2018,63,Lyon,Loire,REP,CM2,Mathématiques,24,28,-9.58,0,73.97,63.41
2018,63,Lyon,Loire,REP,6e,Français,25,28,-9.58,0,66.96,58.77
2018,63,Lyon,Loire,REP,6e,Mathématiques,25,28,-9.58,0,71.36,65.12
2018,64,Lille,Maine-et-Loire,REP,CP,Français,21,24,32.45,0,55.96,49.58
2018,64,Lille,Maine-et-Loire,REP,CP,Mathématiques,18,24,32.45,1,72.11,62.21
2018,64,Lille,Maine-et-Loire,REP,CE1,Français,20,24,32.45,0,63.81,62.05
2018,64,Lille,Maine-et-Loire,REP,CE1,Mathématiques,18,24,32.45,1,67.05,61.72
2018,64,Lille,Maine-et-Loire,REP,CM1,Français,22,24,32.45,0,69.79,58.41
2018,64,Lille,Maine-et-Loire,REP,CM1,Mathématiques,22,24,32.45,0,61.95,54.52
2018,64,Lille,Maine-et-Loire,REP,CM2,Français,18,24,32.45,1,91.75,80.56
2018,64,Lille,Maine-et-Loire,REP,CM2,Mathématiques,22,24,32.45,0,75.91,80.68
2018,64,Lille,Maine-et-Loire,REP,6e,Français,16,24,32.45,1,87.57,71.47
2018,64,Lille,Maine-et-Loire,REP,6e,Mathématiques,18,24,32.45,1,83.04,69.97
2018,65,Bordeaux,Moselle,Hors EP,CP,Français,26,24,5.77,0,68.21,59.51
2018,65,Bordeaux,Moselle,Hors EP,CP,Mathématiques,30,24,5.77,0,59.95,46.45
2018,65,Bordeaux,Moselle,Hors EP,CE1,Français,22,24,5.77,0,65.26,59.46
2018,65,Bordeaux,Moselle,Hors EP,CE1,Mathématiques,25,24,5.77,0,65.28,69.45
2018,65,Bordeaux,Moselle,Hors EP,CM1,Français,26,24,5.77,0,78.76,63.9
2018,65,Bordeaux,Moselle,Hors EP,CM1,Mathématiques,23,24,5.77,0,75.36,67.11
2018,65,Bordeaux,Moselle,Hors EP,CM2,Français,20,24,5.77,0,85.08,72.93
2018,65,Bordeaux,Moselle,Hors EP,CM2,Mathématiques,24,24,5.77,0,75.63,63.73
2018,65,Bordeaux,Moselle,Hors EP,6e,Français,25,24,5.77,0,86.8,77.05
2018,65,Bordeaux,Moselle,Hors EP,6e,Mathématiques,28,24,5.77,0,79.37,66.69
2018,66,Nantes,Nord,REP,CP,Français,24,23,9.48,0,59.55,64.39
2018,66,Nantes,Nord,REP,CP,Mathématiques,20,23,9.48,0,54.4,52.05
2018,66,Nantes,Nord,REP,CE1,Français,22,23,9.48,0,56.62,46.07
2018,66,Nantes,Nord,REP,CE1,Mathématiques,22,23,9.48,0,53.08,51.52
2018,66,Nantes,Nord,REP,CM1,Français,20,23,9.48,0,62.39,58.6
2018,66,Nantes,Nord,REP,CM1,Mathématiques,22,23,9.48,0,65.14,70.23
2018,66,Nantes,Nord,REP,CM2,Français,23,23,9.48,0,71.82,58.45
2018,66,Nantes,Nord,REP,CM2,Mathématiques,19,23,9.48,0,77.36,62.99
2018,66,Nantes,Nord,REP,6e,Français,19,23,9.48,0,78.06,67.63
2018,66,Nantes,Nord,REP,6e,Mathématiques,20,23,9.48,0,72.97,70.76
2018,67,Paris,Paris,REP,CP,Français,14,16,5.91,1,60.59,52.48
2018,67,Paris,Paris,REP,CP,Mathématiques,16,16,5.91,1,69.95,57.39
2018,67,Paris,Paris,REP,CE1,Français,16,16,5.91,1,74.75,53.92
2018,67,Paris,Paris,REP,CE1,Mathématiques,19,16,5.91,0,53.49,53.03
2018,67,Paris,Paris,REP,CM1,Français,17,16,5.91,1,82.59,73.92
2018,67,Paris,Paris,REP,CM1,Mathématiques,12,16,5.91,1,71.18,64.09
2018,67,Paris,Paris,REP,CM2,Français,16,16,5.91,1,84.86,76.65
2018,67,Paris,Paris,REP,CM2,Mathématiques,18,16,5.91,1,78.74,59.31
2018,67,Paris,Paris,REP,6e,Français,15,16,5.91,1,89.58,70.46
2018,67,Paris,Paris,REP,6e,Mathématiques,18,16,5.91,1,88.8,76.02
2018,68,Lyon,Puy-de-Dôme,REP+,CP,Français,12,12,-6.56,1,63.77,58.43
2018,68,Lyon,Puy-de-Dôme,REP+,CP,Mathématiques,16,12,-6.56,1,56.46,55.69
2018,68,Lyon,Puy-de-Dôme,REP+,CE1,Français,14,12,-6.56,1,65.35,70.83
2018,68,Lyon,Puy-de-Dôme,REP+,CE1,Mathématiques,15,12,-6.56,1,52.1,52.66
2018,68,Lyon,Puy-de-Dôme,REP+,CM1,Français,16,12,-6.56,1,73.63,62.93
2018,68,Lyon,Puy-de-Dôme,REP+,CM1,Mathématiques,16,12,-6.56,1,69.39,75.05
2018,68,Lyon,Puy-de-Dôme,REP+,CM2,Français,12,12,-6.56,1,70.93,61.7
2018,68,Lyon,Puy-de-Dôme,REP+,CM2,Mathématiques,12,12,-6.56,1,66.21,46.21
2018,68,Lyon,Puy-de-Dôme,REP+,6e,Français,12,12,-6.56,1,79.88,66.85
2018,68,Lyon,Puy-de-Dôme,REP+,6e,Mathématiques,18,12,-6.56,1,75.27,72.64
2018,69,Lille,Saône-et-Loire,Hors EP,CP,Français,26,24,16.43,0,69.0,63.75
2018,69,Lille,Saône-et-Loire,Hors EP,CP,Mathématiques,25,24,16.43,0,66.49,71.39
2018,69,Lille,Saône-et-Loire,Hors EP,CE1,Français,25,24,16.43,0,73.56,71.31
2018,69,Lille,Saône-et-Loire,Hors EP,CE1,Mathématiques,29,24,16.43,0,65.12,47.37
2018,69,Lille,Saône-et-Loire,Hors EP,CM1,Français,27,24,16.43,0,65.88,67.15
2018,69,Lille,Saône-et-Loire,Hors EP,CM1,Mathématiques,26,24,16.43,0,78.27,63.71
2018,69,Lille,Saône-et-Loire,Hors EP,CM2,Français,22,24,16.43,0,86.54,73.68
2018,69,Lille,Saône-et-Loire,Hors EP,CM2,Mathématiques,25,24,16.43,0,80.05,83.27
2018,69,Lille,Saône-et-Loire,Hors EP,6e,Français,28,24,16.43,0,89.69,80.21
2018,69,Lille,Saône-et-Loire,Hors EP,6e,Mathématiques,30,24,16.43,0,79.32,58.66
2018,70,Bordeaux,Ain,Hors EP,CP,Français,24,31,-2.12,0,73.11,68.46
2018,70,Bordeaux,Ain,Hors EP,CP,Mathématiques,28,31,-2.12,0,62.54,57.34
2018,70,Bordeaux,Ain,Hors EP,CE1,Français,26,31,-2.12,0,63.21,47.05
2018,70,Bordeaux,Ain,Hors EP,CE1,Mathématiques,26,31,-2.12,0,67.0,66.61
2018,70,Bordeaux,Ain,Hors EP,CM1,Français,30,31,-2.12,0,78.01,63.06
2018,70,Bordeaux,Ain,Hors EP,CM1,Mathématiques,25,31,-2.12,0,74.61,78.39
2018,70,Bordeaux,Ain,Hors EP,CM2,Français,30,31,-2.12,0,80.98,68.13
2018,70,Bordeaux,Ain,Hors EP,CM2,Mathématiques,24,31,-2.12,0,81.9,65.19
2018,70,Bordeaux,Ain,Hors EP,6e,Français,25,31,-2.12,0,84.93,80.72
2018,70,Bordeaux,Ain,Hors EP,6e,Mathématiques,25,31,-2.12,0,71.47,66.12
2018,71,Nantes,Bas-Rhin,REP,CP,Français,22,23,-3.28,0,47.11,44.45
2018,71,Nantes,Bas-Rhin,REP,CP,Mathématiques,22,23,-3.28,0,48.24,39.76
2018,71,Nantes,Bas-Rhin,REP,CE1,Français,22,23,-3.28,0,63.06,57.66
2018,71,Nantes,Bas-Rhin,REP,CE1,Mathématiques,15,23,-3.28,1,70.78,54.83
2018,71,Nantes,Bas-Rhin,REP,CM1,Français,21,23,-3.28,0,60.91,50.62
2018,71,Nantes,Bas-Rhin,REP,CM1,Mathématiques,19,23,-3.28,0,62.88,54.54
2018,71,Nantes,Bas-Rhin,REP,CM2,Français,21,23,-3.28,0,67.9,66.07
2018,71,Nantes,Bas-Rhin,REP,CM2,Mathématiques,21,23,-3.28,0,63.77,54.03
2018,71,Nantes,Bas-Rhin,REP,6e,Français,16,23,-3.28,1,87.91,73.01
2018,71,Nantes,Bas-Rhin,REP,6e,Mathématiques,14,23,-3.28,1,81.2,65.71
2018,72,Paris,Bouches-du-Rhône,REP,CP,Français,18,17,13.32,1,65.25,56.21
2018,72,Paris,Bouches-du-Rhône,REP,CP,Mathématiques,17,17,13.32,1,55.13,43.18
2018,72,Paris,Bouches-du-Rhône,REP,CE1,Français,14,17,13.32,1,79.57,66.93
2018,72,Paris,Bouches-du-Rhône,REP,CE1,Mathématiques,15,17,13.32,1,74.7,76.33
2018,72,Paris,Bouches-du-Rhône,REP,CM1,Français,14,17,13.32,1,78.52,77.51
2018,72,Paris,Bouches-du-Rhône,REP,CM1,Mathématiques,12,17,13.32,1,80.22,64.46
2018,72,Paris,Bouches-du-Rhône,REP,CM2,Français,15,17,13.32,1,82.51,66.31
2018,72,Paris,Bouches-du-Rhône,REP,CM2,Mathématiques,13,17,13.32,1,81.84,75.63
2018,72,Paris,Bouches-du-Rhône,REP,6e,Français,15,17,13.32,1,88.91,78.32
2018,72,Paris,Bouches-du-Rhône,REP,6e,Mathématiques,13,17,13.32,1,88.93,79.57
2018,73,Lyon,Gironde,Hors EP,CP,Français,25,25,9.23,0,64.4,56.78
2018,73,Lyon,Gironde,Hors EP,CP,Mathématiques,24,25,9.23,0,60.98,54.42
2018,73,Lyon,Gironde,Hors EP,CE1,Français,23,25,9.23,0,77.09,64.4
2018,73,Lyon,Gironde,Hors EP,CE1,Mathématiques,18,25,9.23,0,65.48,53.23
2018,73,Lyon,Gironde,Hors EP,CM1,Français,20,25,9.23,0,80.61,63.87
2018,73,Lyon,Gironde,Hors EP,CM1,Mathématiques,21,25,9.23,0,73.92,63.07
2018,73,Lyon,Gironde,Hors EP,CM2,Français,26,25,9.23,0,83.89,72.12
2018,73,Lyon,Gironde,Hors EP,CM2,Mathématiques,22,25,9.23,0,79.56,70.74
2018,73,Lyon,Gironde,Hors EP,6e,Français,24,25,9.23,0,83.62,72.05
2018,73,Lyon,Gironde,Hors EP,6e,Mathématiques,18,25,9.23,0,91.06,80.73
2018,74,Lille,Hérault,Hors EP,CP,Français,29,31,2.61,0,61.96,56.56
2018,74,Lille,Hérault,Hors EP,CP,Mathématiques,29,31,2.61,0,63.23,64.88
2018,74,Lille,Hérault,Hors EP,CE1,Français,29,31,2.61,0,70.08,59.15
2018,74,Lille,Hérault,Hors EP,CE1,Mathématiques,31,31,2.61,0,58.18,60.02
2018,74,Lille,Hérault,Hors EP,CM1,Français,34,31,2.61,0,67.36,49.84
2018,74,Lille,Hérault,Hors EP,CM1,Mathématiques,28,31,2.61,0,75.86,69.35
2018,74,Lille,Hérault,Hors EP,CM2,Français,30,31,2.61,0,81.05,72.54
2018,74,Lille,Hérault,Hors EP,CM2,Mathématiques,32,31,2.61,0,75.85,74.19
2018,74,Lille,Hérault,Hors EP,6e,Français,30,31,2.61,0,85.59,71.66
2018,74,Lille,Hérault,Hors EP,6e,Mathématiques,27,31,2.61,0,88.89,76.53
2018,75,Bordeaux,Loire,REP+,CP,Français,21,18,0.13,0,49.81,40.32
2018,75,Bordeaux,Loire,REP+,CP,Mathématiques,16,18,0.13,1,64.04,57.48
2018,75,Bordeaux,Loire,REP+,CE1,Français,12,18,0.13,1,71.53,67.06
2018,75,Bordeaux,Loire,REP+,CE1,Mathématiques,17,18,0.13,1,58.34,60.09
2018,75,Bordeaux,Loire,REP+,CM1,Français,16,18,0.13,1,74.18,68.16
2018,75,Bordeaux,Loire,REP+,CM1,Mathématiques,18,18,0.13,1,66.67,59.46
2018,75,Bordeaux,Loire,REP+,CM2,Français,20,18,0.13,0,59.32,47.23
2018,75,Bordeaux,Loire,REP+,CM2,Mathématiques,19,18,0.13,0,63.96,60.89
2018,75,Bordeaux,Loire,REP+,6e,Français,18,18,0.13,1,77.57,71.69
2018,75,Bordeaux,Loire,REP+,6e,Mathématiques,17,18,0.13,1,73.82,63.64
2018,76,Nantes,Maine-et-Loire,REP,CP,Français,15,16,-20.15,1,62.63,47.16
2018,76,Nantes,Maine-et-Loire,REP,CP,Mathématiques,16,16,-20.15,1,59.87,45.22
2018,76,Nantes,Maine-et-Loire,REP,CE1,Français,17,16,-20.15,1,75.04,73.48
2018,76,Nantes,Maine-et-Loire,REP,CE1,Mathématiques,16,16,-20.15,1,65.79,66.38
2018,76,Nantes,Maine-et-Loire,REP,CM1,Français,19,16,-20.15,0,69.78,57.74
2018,76,Nantes,Maine-et-Loire,REP,CM1,Mathématiques,16,16,-20.15,1,73.56,55.97
2018,76,Nantes,Maine-et-Loire,REP,CM2,Français,16,16,-20.15,1,89.81,79.27
2018,76,Nantes,Maine-et-Loire,REP,CM2,Mathématiques,19,16,-20.15,0,67.51,60.54
2018,76,Nantes,Maine-et-Loire,REP,6e,Français,16,16,-20.15,1,80.91,65.2
2018,76,Nantes,Maine-et-Loire,REP,6e,Mathématiques,18,16,-20.15,1,87.76,69.72
2018,77,Paris,Moselle,REP,CP,Français,22,21,5.52,0,55.43,59.75
2018,77,Paris,Moselle,REP,CP,Mathématiques,21,21,5.52,0,55.77,48.76
2018,77,Paris,Moselle,REP,CE1,Français,25,21,5.52,0,58.48,58.33
2018,77,Paris,Moselle,REP,CE1,Mathématiques,16,21,5.52,1,64.96,65.36
2018,77,Paris,Moselle,REP,CM1,Français,21,21,5.52,0,57.35,59.19
2018,77,Paris,Moselle,REP,CM1,Mathématiques,19,21,5.52,0,71.11,62.92
2018,77,Paris,Moselle,REP,CM2,Français,21,21,5.52,0,76.27,62.37
2018,77,Paris,Moselle,REP,CM2,Mathématiques,18,21,5.52,1,78.78,72.71
2018,77,Paris,Moselle,REP,6e,Français,17,21,5.52,1,80.16,73.63
2018,77,Paris,Moselle,REP,6e,Mathématiques,18,21,5.52,1,82.9,62.09
2018,78,Lyon,Nord,REP,CP,Français,24,21,-9.25,0,48.41,44.5
2018,78,Lyon,Nord,REP,CP,Mathématiques,24,21,-9.25,0,49.44,45.86
2018,78,Lyon,Nord,REP,CE1,Français,20,21,-9.25,0,65.18,66.65
2018,78,Lyon,Nord,REP,CE1,Mathématiques,18,21,-9.25,1,66.7,60.81
2018,78,Lyon,Nord,REP,CM1,Français,18,21,-9.25,1,75.64,66.46
2018,78,Lyon,Nord,REP,CM1,Mathématiques,23,21,-9.25,0,64.82,57.43
2018,78,Lyon,Nord,REP,CM2,Français,19,21,-9.25,0,73.98,62.38
2018,78,Lyon,Nord,REP,CM2,Mathématiques,21,21,-9.25,0,65.79,54.89
2018,78,Lyon,Nord,REP,6e,Français,18,21,-9.25,1,92.4,77.05
2018,78,Lyon,Nord,REP,6e,Mathématiques,24,21,-9.25,0,66.18,61.46
2018,79,Lille,Paris,REP+,CP,Français,17,14,1.95,1,55.51,52.65
2018,79,Lille,Paris,REP+,CP,Mathématiques,13,14,1.95,1,57.44,49.31
2018,79,Lille,Paris,REP+,CE1,Français,14,14,1.95,1,65.26,54.33
2018,79,Lille,Paris,REP+,CE1,Mathématiques,12,14,1.95,1,58.67,47.75
2018,79,Lille,Paris,REP+,CM1,Français,13,14,1.95,1,69.77,60.44
2018,79,Lille,Paris,REP+,CM1,Mathématiques,13,14,1.95,1,66.14,56.7
2018,79,Lille,Paris,REP+,CM2,Français,16,14,1.95,1,80.7,67.55
2018,79,Lille,Paris,REP+,CM2,Mathématiques,15,14,1.95,1,70.16,64.53
2018,79,Lille,Paris,REP+,6e,Français,18,14,1.95,1,81.52,61.57
2018,79,Lille,Paris,REP+,6e,Mathématiques,15,14,1.95,1,81.78,69.5
2018,80,Bordeaux,Puy-de-Dôme,Hors EP,CP,Français,18,21,1.69,0,71.12,69.8
2018,80,Bordeaux,Puy-de-Dôme,Hors EP,CP,Mathématiques,17,21,1.69,0,63.45,52.98
2018,80,Bordeaux,Puy-de-Dôme,Hors EP,CE1,Français,22,21,1.69,0,70.96,70.25
2018,80,Bordeaux,Puy-de-Dôme,Hors EP,CE1,Mathématiques,24,21,1.69,0,70.03,63.35
2018,80,Bordeaux,Puy-de-Dôme,Hors EP,CM1,Français,23,21,1.69,0,73.82,69.49
2018,80,Bordeaux,Puy-de-Dôme,Hors EP,CM1,Mathématiques,19,21,1.69,0,82.06,76.73
2018,80,Bordeaux,Puy-de-Dôme,Hors EP,CM2,Français,23,21,1.69,0,81.91,72.7
2018,80,Bordeaux,Puy-de-Dôme,Hors EP,CM2,Mathématiques,15,21,1.69,0,85.56,72.62
2018,80,Bordeaux,Puy-de-Dôme,Hors EP,6e,Français,22,21,1.69,0,91.78,77.04
2018,80,Bordeaux,Puy-de-Dôme,Hors EP,6e,Mathématiques,19,21,1.69,0,87.67,74.95
2018,81,Nantes,Saône-et-Loire,Hors EP,CP,Français,24,22,-13.03,0,70.84,54.5
2018,81,Nantes,Saône-et-Loire,Hors EP,CP,Mathématiques,24,22,-13.03,0,59.4,53.54
2018,81,Nantes,Saône-et-Loire,Hors EP,CE1,Français,22,22,-13.03,0,70.07,71.86
2018,81,Nantes,Saône-et-Loire,Hors EP,CE1,Mathématiques,21,22,-13.03,0,63.47,51.65
2018,81,Nantes,Saône-et-Loire,Hors EP,CM1,Français,28,22,-13.03,0,69.36,62.03
2018,81,Nantes,Saône-et-Loire,Hors EP,CM1,Mathématiques,23,22,-13.03,0,68.69,60.53
2018,81,Nantes,Saône-et-Loire,Hors EP,CM2,Français,30,22,-13.03,0,80.9,65.75
2018,81,Nantes,Saône-et-Loire,Hors EP,CM2,Mathématiques,26,22,-13.03,0,71.49,54.73
2018,81,Nantes,Saône-et-Loire,Hors EP,6e,Français,27,22,-13.03,0,87.56,79.77
2018,81,Nantes,Saône-et-Loire,Hors EP,6e,Mathématiques,23,22,-13.03,0,82.19,74.64
2018,82,Paris,Ain,Hors EP,CP,Français,26,25,1.37,0,59.57,58.7
2018,82,Paris,Ain,Hors EP,CP,Mathématiques,24,25,1.37,0,67.14,65.01
2018,82,Paris,Ain,Hors EP,CE1,Français,21,25,1.37,0,66.19,57.34
2018,82,Paris,Ain,Hors EP,CE1,Mathématiques,25,25,1.37,0,64.42,55.34
2018,82,Paris,Ain,Hors EP,CM1,Français,18,25,1.37,0,90.05,80.36
2018,82,Paris,Ain,Hors EP,CM1,Mathématiques,25,25,1.37,0,77.22,70.39
2018,82,Paris,Ain,Hors EP,CM2,Français,22,25,1.37,0,82.83,69.18
2018,82,Paris,Ain,Hors EP,CM2,Mathématiques,30,25,1.37,0,75.87,64.27
2018,82,Paris,Ain,Hors EP,6e,Français,24,25,1.37,0,82.22,78.43
2018,82,Paris,Ain,Hors EP,6e,Mathématiques,21,25,1.37,0,88.72,80.66
2018,83,Lyon,Bas-Rhin,Hors EP,CP,Français,23,24,-0.68,0,65.4,66.87
2018,83,Lyon,Bas-Rhin,Hors EP,CP,Mathématiques,24,24,-0.68,0,59.98,53.21
2018,83,Lyon,Bas-Rhin,Hors EP,CE1,Français,27,24,-0.68,0,70.86,65.99
2018,83,Lyon,Bas-Rhin,Hors EP,CE1,Mathématiques,23,24,-0.68,0,71.0,60.06
2018,83,Lyon,Bas-Rhin,Hors EP,CM1,Français,23,24,-0.68,0,81.78,74.98
2018,83,Lyon,Bas-Rhin,Hors EP,CM1,Mathématiques,22,24,-0.68,0,71.47,64.14
2018,83,Lyon,Bas-Rhin,Hors EP,CM2,Français,28,24,-0.68,0,69.3,63.51
2018,83,Lyon,Bas-Rhin,Hors EP,CM2,Mathématiques,21,24,-0.68,0,78.36,66.47
2018,83,Lyon,Bas-Rhin,Hors EP,6e,Français,23,24,-0.68,0,85.02,72.85
2018,83,Lyon,Bas-Rhin,Hors EP,6e,Mathématiques,23,24,-0.68,0,77.84,71.83
2018,84,Lille,Bouches-du-Rhône,Hors EP,CP,Français,29,26,3.59,0,57.89,54.41
2018,84,Lille,Bouches-du-Rhône,Hors EP,CP,Mathématiques,27,26,3.59,0,69.62,71.96
2018,84,Lille,Bouches-du-Rhône,Hors EP,CE1,Français,23,26,3.59,0,83.15,66.97
2018,84,Lille,Bouches-du-Rhône,Hors EP,CE1,Mathématiques,29,26,3.59,0,67.9,56.19
2018,84,Lille,Bouches-du-Rhône,Hors EP,CM1,Français,28,26,3.59,0,72.95,67.38
2018,84,Lille,Bouches-du-Rhône,Hors EP,CM1,Mathématiques,28,26,3.59,0,75.81,66.93
2018,84,Lille,Bouches-du-Rhône,Hors EP,CM2,Français,27,26,3.59,0,84.26,75.2
2018,84,Lille,Bouches-du-Rhône,Hors EP,CM2,Mathématiques,29,26,3.59,0,71.54,58.42
2018,84,Lille,Bouches-du-Rhône,Hors EP,6e,Français,26,26,3.59,0,82.44,74.99
2018,84,Lille,Bouches-du-Rhône,Hors EP,6e,Mathématiques,29,26,3.59,0,78.83,75.76
2018,85,Bordeaux,Gironde,REP+,CP,Français,18,20,18.9,1,61.84,55.35
2018,85,Bordeaux,Gironde,REP+,CP,Mathématiques,16,20,18.9,1,51.66,53.29
2018,85,Bordeaux,Gironde,REP+,CE1,Français,16,20,18.9,1,79.04,63.31
2018,85,Bordeaux,Gironde,REP+,CE1,Mathématiques,15,20,18.9,1,64.56,66.55
2018,85,Bordeaux,Gironde,REP+,CM1,Français,18,20,18.9,1,73.84,56.0
2018,85,Bordeaux,Gironde,REP+,CM1,Mathématiques,16,20,18.9,1,63.44,48.66
2018,85,Bordeaux,Gironde,REP+,CM2,Français,18,20,18.9,1,66.18,53.39
2018,85,Bordeaux,Gironde,REP+,CM2,Mathématiques,17,20,18.9,1,69.53,64.26
2018,85,Bordeaux,Gironde,REP+,6e,Français,19,20,18.9,0,75.39,70.03
2018,85,Bordeaux,Gironde,REP+,6e,Mathématiques,21,20,18.9,0,66.56,61.78
2018,86,Nantes,Hérault,REP,CP,Français,18,23,-3.99,1,68.42,61.05
2018,86,Nantes,Hérault,REP,CP,Mathématiques,18,23,-3.99,1,60.54,50.12
2018,86,Nantes,Hérault,REP,CE1,Français,22,23,-3.99,0,58.28,50.31
2018,86,Nantes,Hérault,REP,CE1,Mathématiques,22,23,-3.99,0,52.4,43.6
2018,86,Nantes,Hérault,REP,CM1,Français,23,23,-3.99,0,60.6,54.17
2018,86,Nantes,Hérault,REP,CM1,Mathématiques,20,23,-3.99,0,67.86,61.25
2018,86,Nantes,Hérault,REP,CM2,Français,17,23,-3.99,1,83.97,69.67
2018,86,Nantes,Hérault,REP,CM2,Mathématiques,25,23,-3.99,0,63.22,46.81
2018,86,Nantes,Hérault,REP,6e,Français,21,23,-3.99,0,83.57,79.71
2018,86,Nantes,Hérault,REP,6e,Mathématiques,25,23,-3.99,0,63.63,62.83
2018,87,Paris,Loire,Hors EP,CP,Français,23,27,-7.73,0,70.62,67.02
2018,87,Paris,Loire,Hors EP,CP,Mathématiques,26,27,-7.73,0,54.8,50.7
2018,87,Paris,Loire,Hors EP,CE1,Français,23,27,-7.73,0,74.49,71.54
2018,87,Paris,Loire,Hors EP,CE1,Mathématiques,28,27,-7.73,0,59.67,41.88
2018,87,Paris,Loire,Hors EP,CM1,Français,21,27,-7.73,0,84.77,70.64
2018,87,Paris,Loire,Hors EP,CM1,Mathématiques,23,27,-7.73,0,80.96,76.38
2018,87,Paris,Loire,Hors EP,CM2,Français,25,27,-7.73,0,78.45,67.69
2018,87,Paris,Loire,Hors EP,CM2,Mathématiques,26,27,-7.73,0,83.07,73.6
2018,87,Paris,Loire,Hors EP,6e,Français,27,27,-7.73,0,88.23,69.15
2018,87,Paris,Loire,Hors EP,6e,Mathématiques,27,27,-7.73,0,78.65,55.9
2018,88,Lyon,Maine-et-Loire,Hors EP,CP,Français,21,21,1.37,0,78.24,61.86
2018,88,Lyon,Maine-et-Loire,Hors EP,CP,Mathématiques,21,21,1.37,0,67.83,57.45
2018,88,Lyon,Maine-et-Loire,Hors EP,CE1,Français,21,21,1.37,0,66.26,67.11
2018,88,Lyon,Maine-et-Loire,Hors EP,CE1,Mathématiques,19,21,1.37,0,81.41,70.19
2018,88,Lyon,Maine-et-Loire,Hors EP,CM1,Français,24,21,1.37,0,76.52,66.88
2018,88,Lyon,Maine-et-Loire,Hors EP,CM1,Mathématiques,20,21,1.37,0,77.9,69.56
2018,88,Lyon,Maine-et-Loire,Hors EP,CM2,Français,19,21,1.37,0,85.7,70.23
2018,88,Lyon,Maine-et-Loire,Hors EP,CM2,Mathématiques,27,21,1.37,0,75.66,74.18
2018,88,Lyon,Maine-et-Loire,Hors EP,6e,Français,21,21,1.37,0,90.63,70.02
2018,88,Lyon,Maine-et-Loire,Hors EP,6e,Mathématiques,20,21,1.37,0,88.31,82.98
2018,89,Lille,Moselle,Hors EP,CP,Français,28,29,19.53,0,76.1,64.32
2018,89,Lille,Moselle,Hors EP,CP,Mathématiques,26,29,19.53,0,58.7,66.57
2018,89,Lille,Moselle,Hors EP,CE1,Français,30,29,19.53,0,66.04,66.15
2018,89,Lille,Moselle,Hors EP,CE1,Mathématiques,30,29,19.53,0,73.39,57.17
2018,89,Lille,Moselle,Hors EP,CM1,Français,27,29,19.53,0,74.16,55.56
2018,89,Lille,Moselle,Hors EP,CM1,Mathématiques,31,29,19.53,0,68.43,65.23
2018,89,Lille,Moselle,Hors EP,CM2,Français,34,29,19.53,0,73.35,62.77
2018,89,Lille,Moselle,Hors EP,CM2,Mathématiques,28,29,19.53,0,81.79,67.78
2018,89,Lille,Moselle,Hors EP,6e,Français,26,29,19.53,0,91.9,79.39
2018,89,Lille,Moselle,Hors EP,6e,Mathématiques,23,29,19.53,0,81.33,77.81
2018,90,Bordeaux,Nord,Hors EP,CP,Français,24,22,0.16,0,60.51,51.94
2018,90,Bordeaux,Nord,Hors EP,CP,Mathématiques,23,22,0.16,0,64.07,61.43
2018,90,Bordeaux,Nord,Hors EP,CE1,Français,19,22,0.16,0,76.73,72.63
2018,90,Bordeaux,Nord,Hors EP,CE1,Mathématiques,23,22,0.16,0,69.15,61.54
2018,90,Bordeaux,Nord,Hors EP,CM1,Français,20,22,0.16,0,79.9,75.63
2018,90,Bordeaux,Nord,Hors EP,CM1,Mathématiques,22,22,0.16,0,71.41,61.1
2018,90,Bordeaux,Nord,Hors EP,CM2,Français,23,22,0.16,0,80.84,72.4
2018,90,Bordeaux,Nord,Hors EP,CM2,Mathématiques,23,22,0.16,0,83.52,78.91
2018,90,Bordeaux,Nord,Hors EP,6e,Français,24,22,0.16,0,82.41,66.52
2018,90,Bordeaux,Nord,Hors EP,6e,Mathématiques,22,22,0.16,0,83.39,66.01
2018,91,Nantes,Paris,Hors EP,CP,Français,26,21,-3.79,0,65.24,71.72
2018,91,Nantes,Paris,Hors EP,CP,Mathématiques,23,21,-3.79,0,62.74,57.68
2018,91,Nantes,Paris,Hors EP,CE1,Français,24,21,-3.79,0,72.1,74.41
2018,91,Nantes,Paris,Hors EP,CE1,Mathématiques,21,21,-3.79,0,73.71,66.16
2018,91,Nantes,Paris,Hors EP,CM1,Français,19,21,-3.79,0,84.11,78.54
2018,91,Nantes,Paris,Hors EP,CM1,Mathématiques,21,21,-3.79,0,75.81,57.92
2018,91,Nantes,Paris,Hors EP,CM2,Français,20,21,-3.79,0,89.46,73.5
2018,91,Nantes,Paris,Hors EP,CM2,Mathématiques,20,21,-3.79,0,82.78,68.68
2018,91,Nantes,Paris,Hors EP,6e,Français,22,21,-3.79,0,91.27,71.26
2018,91,Nantes,Paris,Hors EP,6e,Mathématiques,21,21,-3.79,0,86.54,78.69
2018,92,Paris,Puy-de-Dôme,REP,CP,Français,23,17,-9.41,0,47.27,53.79
2018,92,Paris,Puy-de-Dôme,REP,CP,Mathématiques,16,17,-9.41,1,71.93,66.87
2018,92,Paris,Puy-de-Dôme,REP,CE1,Français,15,17,-9.41,1,67.52,64.82
2018,92,Paris,Puy-de-Dôme,REP,CE1,Mathématiques,21,17,-9.41,0,54.85,52.52
2018,92,Paris,Puy-de-Dôme,REP,CM1,Français,20,17,-9.41,0,65.66,53.18
2018,92,Paris,Puy-de-Dôme,REP,CM1,Mathématiques,16,17,-9.41,1,73.93,71.35
2018,92,Paris,Puy-de-Dôme,REP,CM2,Français,22,17,-9.41,0,71.78,65.25
2018,92,Paris,Puy-de-Dôme,REP,CM2,Mathématiques,20,17,-9.41,0,64.07,57.8
2018,92,Paris,Puy-de-Dôme,REP,6e,Français,16,17,-9.41,1,80.25,71.24
2018,92,Paris,Puy-de-Dôme,REP,6e,Mathématiques,18,17,-9.41,1,85.97,76.19
2018,93,Lyon,Saône-et-Loire,Hors EP,CP,Français,24,29,4.95,0,68.86,65.17
2018,93,Lyon,Saône-et-Loire,Hors EP,CP,Mathématiques,24,29,4.95,0,64.43,55.69
2018,93,Lyon,Saône-et-Loire,Hors EP,CE1,Français,25,29,4.95,0,65.23,65.69
2018,93,Lyon,Saône-et-Loire,Hors EP,CE1,Mathématiques,29,29,4.95,0,66.11,69.82
2018,93,Lyon,Saône-et-Loire,Hors EP,CM1,Français,26,29,4.95,0,89.04,74.41
2018,93,Lyon,Saône-et-Loire,Hors EP,CM1,Mathématiques,27,29,4.95,0,69.7,64.26
2018,93,Lyon,Saône-et-Loire,Hors EP,CM2,Français,28,29,4.95,0,78.08,76.98
2018,93,Lyon,Saône-et-Loire,Hors EP,CM2,Mathématiques,27,29,4.95,0,77.71,63.3
2018,93,Lyon,Saône-et-Loire,Hors EP,6e,Français,27,29,4.95,0,83.89,69.0
2018,93,Lyon,Saône-et-Loire,Hors EP,6e,Mathématiques,24,29,4.95,0,96.22,79.11
2018,94,Lille,Ain,Hors EP,CP,Français,23,21,6.56,0,71.33,60.28
2018,94,Lille,Ain,Hors EP,CP,Mathématiques,23,21,6.56,0,61.34,53.62
2018,94,Lille,Ain,Hors EP,CE1,Français,20,21,6.56,0,69.64,67.68
2018,94,Lille,Ain,Hors EP,CE1,Mathématiques,24,21,6.56,0,72.78,64.69
2018,94,Lille,Ain,Hors EP,CM1,Français,24,21,6.56,0,69.46,66.55
2018,94,Lille,Ain,Hors EP,CM1,Mathématiques,22,21,6.56,0,79.01,70.63
2018,94,Lille,Ain,Hors EP,CM2,Français,20,21,6.56,0,79.25,65.33
2018,94,Lille,Ain,Hors EP,CM2,Mathématiques,23,21,6.56,0,83.39,64.87
2018,94,Lille,Ain,Hors EP,6e,Français,20,21,6.56,0,87.73,72.87
2018,94,Lille,Ain,Hors EP,6e,Mathématiques,19,21,6.56,0,82.49,66.98
2018,95,Bordeaux,Bas-Rhin,REP,CP,Français,13,15,12.7,1,67.6,66.09
2018,95,Bordeaux,Bas-Rhin,REP,CP,Mathématiques,15,15,12.7,1,62.94,63.62
2018,95,Bordeaux,Bas-Rhin,REP,CE1,Français,15,15,12.7,1,77.49,69.84
2018,95,Bordeaux,Bas-Rhin,REP,CE1,Mathématiques,15,15,12.7,1,71.68,65.35
2018,95,Bordeaux,Bas-Rhin,REP,CM1,Français,19,15,12.7,0,66.16,60.19
2018,95,Bordeaux,Bas-Rhin,REP,CM1,Mathématiques,16,15,12.7,1,78.69,63.39
2018,95,Bordeaux,Bas-Rhin,REP,CM2,Français,19,15,12.7,0,75.72,59.91
2018,95,Bordeaux,Bas-Rhin,REP,CM2,Mathématiques,19,15,12.7,0,80.68,74.87
2018,95,Bordeaux,Bas-Rhin,REP,6e,Français,20,15,12.7,0,78.11,59.81
2018,95,Bordeaux,Bas-Rhin,REP,6e,Mathématiques,12,15,12.7,1,86.67,70.98
2018,96,Nantes,Bouches-du-Rhône,Hors EP,CP,Français,26,29,-15.58,0,56.39,51.1
2018,96,Nantes,Bouches-du-Rhône,Hors EP,CP,Mathématiques,28,29,-15.58,0,53.29,55.59
2018,96,Nantes,Bouches-du-Rhône,Hors EP,CE1,Français,23,29,-15.58,0,72.09,69.51
2018,96,Nantes,Bouches-du-Rhône,Hors EP,CE1,Mathématiques,26,29,-15.58,0,68.02,55.5
2018,96,Nantes,Bouches-du-Rhône,Hors EP,CM1,Français,27,29,-15.58,0,68.19,62.67
2018,96,Nantes,Bouches-du-Rhône,Hors EP,CM1,Mathématiques,25,29,-15.58,0,73.01,66.33
2018,96,Nantes,Bouches-du-Rhône,Hors EP,CM2,Français,22,29,-15.58,0,75.46,70.67
2018,96,Nantes,Bouches-du-Rhône,Hors EP,CM2,Mathématiques,24,29,-15.58,0,81.9,70.47
2018,96,Nantes,Bouches-du-Rhône,Hors EP,6e,Français,20,29,-15.58,0,92.68,76.17
2018,96,Nantes,Bouches-du-Rhône,Hors EP,6e,Mathématiques,25,29,-15.58,0,77.92,76.21
2018,97,Paris,Gironde,Hors EP,CP,Français,24,27,-13.11,0,72.28,61.7
2018,97,Paris,Gironde,Hors EP,CP,Mathématiques,24,27,-13.11,0,49.65,48.57
2018,97,Paris,Gironde,Hors EP,CE1,Français,22,27,-13.11,0,67.14,66.07
2018,97,Paris,Gironde,Hors EP,CE1,Mathématiques,22,27,-13.11,0,67.03,58.69
2018,97,Paris,Gironde,Hors EP,CM1,Français,18,27,-13.11,0,75.33,71.03
2018,97,Paris,Gironde,Hors EP,CM1,Mathématiques,18,27,-13.11,0,73.98,63.31
2018,97,Paris,Gironde,Hors EP,CM2,Français,27,27,-13.11,0,80.79,67.15
2018,97,Paris,Gironde,Hors EP,CM2,Mathématiques,26,27,-13.11,0,71.89,68.93
2018,97,Paris,Gironde,Hors EP,6e,Français,20,27,-13.11,0,93.46,76.52
2018,97,Paris,Gironde,Hors EP,6e,Mathématiques,20,27,-13.11,0,84.65,73.95
2018,98,Lyon,Hérault,Hors EP,CP,Français,27,24,7.44,0,64.52,56.67
2018,98,Lyon,Hérault,Hors EP,CP,Mathématiques,26,24,7.44,0,65.17,69.62
2018,98,Lyon,Hérault,Hors EP,CE1,Français,28,24,7.44,0,72.29,79.6
2018,98,Lyon,Hérault,Hors EP,CE1,Mathématiques,27,24,7.44,0,67.97,64.74
2018,98,Lyon,Hérault,Hors EP,CM1,Français,23,24,7.44,0,76.4,64.42
2018,98,Lyon,Hérault,Hors EP,CM1,Mathématiques,28,24,7.44,0,70.11,63.37
2018,98,Lyon,Hérault,Hors EP,CM2,Français,29,24,7.44,0,81.88,69.87
2018,98,Lyon,Hérault,Hors EP,CM2,Mathématiques,24,24,7.44,0,84.6,76.4
2018,98,Lyon,Hérault,Hors EP,6e,Français,22,24,7.44,0,87.88,75.59
2018,98,Lyon,Hérault,Hors EP,6e,Mathématiques,28,24,7.44,0,84.99,74.21
2018,99,Lille,Loire,REP+,CP,Français,17,19,-3.14,1,58.47,45.33
2018,99,Lille,Loire,REP+,CP,Mathématiques,16,19,-3.14,1,55.88,51.59
2018,99,Lille,Loire,REP+,CE1,Français,16,19,-3.14,1,64.82,53.68
2018,99,Lille,Loire,REP+,CE1,Mathématiques,13,19,-3.14,1,58.06,58.3
2018,99,Lille,Loire,REP+,CM1,Français,21,19,-3.14,0,60.44,48.76
2018,99,Lille,Loire,REP+,CM1,Mathématiques,16,19,-3.14,1,66.78,61.3
2018,99,Lille,Loire,REP+,CM2,Français,18,19,-3.14,1,69.5,62.58
2018,99,Lille,Loire,REP+,CM2,Mathématiques,18,19,-3.14,1,74.34,61.52
2018,99,Lille,Loire,REP+,6e,Français,16,19,-3.14,1,66.46,57.08
2018,99,Lille,Loire,REP+,6e,Mathématiques,16,19,-3.14,1,71.04,64.13
2018,100,Bordeaux,Maine-et-Loire,Hors EP,CP,Français,18,17,-11.14,0,64.89,59.28
2018,100,Bordeaux,Maine-et-Loire,Hors EP,CP,Mathématiques,16,17,-11.14,0,69.03,62.56
2018,100,Bordeaux,Maine-et-Loire,Hors EP,CE1,Français,16,17,-11.14,0,67.75,53.68
2018,100,Bordeaux,Maine-et-Loire,Hors EP,CE1,Mathématiques,16,17,-11.14,0,71.63,60.66
2018,100,Bordeaux,Maine-et-Loire,Hors EP,CM1,Français,19,17,-11.14,0,78.51,63.56
2018,100,Bordeaux,Maine-et-Loire,Hors EP,CM1,Mathématiques,16,17,-11.14,0,78.68,70.13
2018,100,Bordeaux,Maine-et-Loire,Hors EP,CM2,Français,22,17,-11.14,0,79.05,68.39
2018,100,Bordeaux,Maine-et-Loire,Hors EP,CM2,Mathématiques,18,17,-11.14,0,82.56,68.64
2018,100,Bordeaux,Maine-et-Loire,Hors EP,6e,Français,13,17,-11.14,0,88.36,69.72
2018,100,Bordeaux,Maine-et-Loire,Hors EP,6e,Mathématiques,13,17,-11.14,0,84.08,66.94
2018,101,Nantes,Moselle,REP,CP,Français,17,23,-3.12,1,64.4,60.79
2018,101,Nantes,Moselle,REP,CP,Mathématiques,24,23,-3.12,0,46.02,51.55
2018,101,Nantes,Moselle,REP,CE1,Français,18,23,-3.12,1,65.01,62.76
2018,101,Nantes,Moselle,REP,CE1,Mathématiques,26,23,-3.12,0,53.65,51.28
2018,101,Nantes,Moselle,REP,CM1,Français,17,23,-3.12,1,67.52,61.56
2018,101,Nantes,Moselle,REP,CM1,Mathématiques,21,23,-3.12,0,56.95,54.05
2018,101,Nantes,Moselle,REP,CM2,Français,22,23,-3.12,0,73.28,65.51
2018,101,Nantes,Moselle,REP,CM2,Mathématiques,25,23,-3.12,0,63.36,57.51
2018,101,Nantes,Moselle,REP,6e,Français,25,23,-3.12,0,66.92,74.58
2018,101,Nantes,Moselle,REP,6e,Mathématiques,23,23,-3.12,0,71.84,66.48
2018,102,Paris,Nord,REP+,CP,Français,18,23,16.84,1,61.5,50.43
2018,102,Paris,Nord,REP+,CP,Mathématiques,20,23,16.84,0,44.29,45.62
2018,102,Paris,Nord,REP+,CE1,Français,18,23,16.84,1,73.68,75.02
2018,102,Paris,Nord,REP+,CE1,Mathématiques,19,23,16.84,0,52.41,48.77
2018,102,Paris,Nord,REP+,CM1,Français,22,23,16.84,0,56.94,51.61
2018,102,Paris,Nord,REP+,CM1,Mathématiques,21,23,16.84,0,53.9,51.46
2018,102,Paris,Nord,REP+,CM2,Français,15,23,16.84,1,79.19,78.55
2018,102,Paris,Nord,REP+,CM2,Mathématiques,21,23,16.84,0,67.9,56.94
2018,102,Paris,Nord,REP+,6e,Français,20,23,16.84,0,65.98,58.73
2018,102,Paris,Nord,REP+,6e,Mathématiques,21,23,16.84,0,66.78,53.35
2018,103,Lyon,Paris,Hors EP,CP,Français,23,21,24.77,0,61.94,64.22
2018,103,Lyon,Paris,Hors EP,CP,Mathématiques,22,21,24.77,0,61.42,55.25
2018,103,Lyon,Paris,Hors EP,CE1,Français,23,21,24.77,0,76.95,60.78
2018,103,Lyon,Paris,Hors EP,CE1,Mathématiques,22,21,24.77,0,62.75,56.56
2018,103,Lyon,Paris,Hors EP,CM1,Français,23,21,24.77,0,80.55,67.28
2018,103,Lyon,Paris,Hors EP,CM1,Mathématiques,22,21,24.77,0,82.76,77.83
2018,103,Lyon,Paris,Hors EP,CM2,Français,22,21,24.77,0,91.24,80.71
2018,103,Lyon,Paris,Hors EP,CM2,Mathématiques,21,21,24.77,0,84.67,71.39
2018,103,Lyon,Paris,Hors EP,6e,Français,17,21,24.77,0,90.67,75.25
2018,103,Lyon,Paris,Hors EP,6e,Mathématiques,21,21,24.77,0,95.76,79.9
2018,104,Lille,Puy-de-Dôme,REP,CP,Français,22,26,7.14,0,61.21,59.8
2018,104,Lille,Puy-de-Dôme,REP,CP,Mathématiques,20,26,7.14,0,54.78,60.49
2018,104,Lille,Puy-de-Dôme,REP,CE1,Français,23,26,7.14,0,60.37,58.78
2018,104,Lille,Puy-de-Dôme,REP,CE1,Mathématiques,20,26,7.14,0,60.35,49.07
2018,104,Lille,Puy-de-Dôme,REP,CM1,Français,21,26,7.14,0,71.0,65.06
2018,104,Lille,Puy-de-Dôme,REP,CM1,Mathématiques,22,26,7.14,0,64.27,58.4
2018,104,Lille,Puy-de-Dôme,REP,CM2,Français,23,26,7.14,0,72.31,60.54
2018,104,Lille,Puy-de-Dôme,REP,CM2,Mathématiques,23,26,7.14,0,64.95,51.24
2018,104,Lille,Puy-de-Dôme,REP,6e,Français,21,26,7.14,0,83.21,73.51
2018,104,Lille,Puy-de-Dôme,REP,6e,Mathématiques,20,26,7.14,0,67.12,60.08
2018,105,Bordeaux,Saône-et-Loire,REP,CP,Français,20,19,4.22,0,50.7,54.16
2018,105,Bordeaux,Saône-et-Loire,REP,CP,Mathématiques,18,19,4.22,1,68.39,57.43
2018,105,Bordeaux,Saône-et-Loire,REP,CE1,Français,19,19,4.22,0,63.19,57.2
2018,105,Bordeaux,Saône-et-Loire,REP,CE1,Mathématiques,20,19,4.22,0,56.51,50.18
2018,105,Bordeaux,Saône-et-Loire,REP,CM1,Français,23,19,4.22,0,68.73,57.93
2018,105,Bordeaux,Saône-et-Loire,REP,CM1,Mathématiques,20,19,4.22,0,60.36,50.12
2018,105,Bordeaux,Saône-et-Loire,REP,CM2,Français,22,19,4.22,0,62.24,61.96
2018,105,Bordeaux,Saône-et-Loire,REP,CM2,Mathématiques,18,19,4.22,1,78.55,70.47
2018,105,Bordeaux,Saône-et-Loire,REP,6e,Français,20,19,4.22,0,72.99,68.22
2018,105,Bordeaux,Saône-et-Loire,REP,6e,Mathématiques,19,19,4.22,0,68.95,61.04
2018,106,Nantes,Ain,Hors EP,CP,Français,30,29,-14.28,0,63.31,61.68
2018,106,Nantes,Ain,Hors EP,CP,Mathématiques,31,29,-14.28,0,57.22,53.55
2018,106,Nantes,Ain,Hors EP,CE1,Français,27,29,-14.28,0,57.65,55.9
2018,106,Nantes,Ain,Hors EP,CE1,Mathématiques,29,29,-14.28,0,63.89,51.76
2018,106,Nantes,Ain,Hors EP,CM1,Français,31,29,-14.28,0,77.83,68.32
2018,106,Nantes,Ain,Hors EP,CM1,Mathématiques,29,29,-14.28,0,68.78,71.93
2018,106,Nantes,Ain,Hors EP,CM2,Français,26,29,-14.28,0,79.0,64.72
2018,106,Nantes,Ain,Hors EP,CM2,Mathématiques,28,29,-14.28,0,73.06,71.42
2018,106,Nantes,Ain,Hors EP,6e,Français,34,29,-14.28,0,77.9,66.09
2018,106,Nantes,Ain,Hors EP,6e,Mathématiques,34,29,-14.28,0,70.96,60.4
2018,107,Paris,Bas-Rhin,Hors EP,CP,Français,25,26,29.01,0,75.74,66.86
2018,107,Paris,Bas-Rhin,Hors EP,CP,Mathématiques,30,26,29.01,0,54.27,59.24
2018,107,Paris,Bas-Rhin,Hors EP,CE1,Français,30,26,29.01,0,68.51,64.81
2018,107,Paris,Bas-Rhin,Hors EP,CE1,Mathématiques,26,26,29.01,0,66.67,58.02
2018,107,Paris,Bas-Rhin,Hors EP,CM1,Français,23,26,29.01,0,84.86,78.66
2018,107,Paris,Bas-Rhin,Hors EP,CM1,Mathématiques,26,26,29.01,0,76.85,65.93
2018,107,Paris,Bas-Rhin,Hors EP,CM2,Français,29,26,29.01,0,77.76,63.46
2018,107,Paris,Bas-Rhin,Hors EP,CM2,Mathématiques,31,26,29.01,0,75.49,76.45
2018,107,Paris,Bas-Rhin,Hors EP,6e,Français,28,26,29.01,0,82.31,77.11
2018,107,Paris,Bas-Rhin,Hors EP,6e,Mathématiques,30,26,29.01,0,84.95,78.72
2018,108,Lyon,Bouches-du-Rhône,Hors EP,CP,Français,23,25,-15.49,0,71.66,64.91
2018,108,Lyon,Bouches-du-Rhône,Hors EP,CP,Mathématiques,21,25,-15.49,0,57.44,62.38
2018,108,Lyon,Bouches-du-Rhône,Hors EP,CE1,Français,24,25,-15.49,0,65.83,58.39
2018,108,Lyon,Bouches-du-Rhône,Hors EP,CE1,Mathématiques,20,25,-15.49,0,75.75,64.54
2018,108,Lyon,Bouches-du-Rhône,Hors EP,CM1,Français,27,25,-15.49,0,72.27,71.29
2018,108,Lyon,Bouches-du-Rhône,Hors EP,CM1,Mathématiques,25,25,-15.49,0,74.68,69.38
2018,108,Lyon,Bouches-du-Rhône,Hors EP,CM2,Français,26,25,-15.49,0,79.51,67.9
2018,108,Lyon,Bouches-du-Rhône,Hors EP,CM2,Mathématiques,29,25,-15.49,0,68.16,61.37
2018,108,Lyon,Bouches-du-Rhône,Hors EP,6e,Français,24,25,-15.49,0,86.55,71.71
2018,108,Lyon,Bouches-du-Rhône,Hors EP,6e,Mathématiques,25,25,-15.49,0,80.08,61.55
2018,109,Lille,Gironde,REP,CP,Français,18,17,1.64,1,69.57,65.14
2018,109,Lille,Gironde,REP,CP,Mathématiques,12,17,1.64,1,58.07,64.36
2018,109,Lille,Gironde,REP,CE1,Français,14,17,1.64,1,73.95,61.85
2018,109,Lille,Gironde,REP,CE1,Mathématiques,17,17,1.64,1,65.35,62.24
2018,109,Lille,Gironde,REP,CM1,Français,17,17,1.64,1,75.18,60.87
2018,109,Lille,Gironde,REP,CM1,Mathématiques,18,17,1.64,1,68.74,63.88
2018,109,Lille,Gironde,REP,CM2,Français,24,17,1.64,0,73.87,68.83
2018,109,Lille,Gironde,REP,CM2,Mathématiques,17,17,1.64,1,70.47,56.31
2018,109,Lille,Gironde,REP,6e,Français,20,17,1.64,0,72.84,61.04
2018,109,Lille,Gironde,REP,6e,Mathématiques,17,17,1.64,1,79.42,62.87
2018,110,Bordeaux,Hérault,Hors EP,CP,Français,22,23,-9.37,0,66.23,59.14
2018,110,Bordeaux,Hérault,Hors EP,CP,Mathématiques,22,23,-9.37,0,63.64,56.88
2018,110,Bordeaux,Hérault,Hors EP,CE1,Français,22,23,-9.37,0,74.28,64.78
2018,110,Bordeaux,Hérault,Hors EP,CE1,Mathématiques,21,23,-9.37,0,65.66,55.34
2018,110,Bordeaux,Hérault,Hors EP,CM1,Français,23,23,-9.37,0,78.38,70.57
2018,110,Bordeaux,Hérault,Hors EP,CM1,Mathématiques,22,23,-9.37,0,74.48,69.13
2018,110,Bordeaux,Hérault,Hors EP,CM2,Français,23,23,-9.37,0,85.48,72.62
2018,110,Bordeaux,Hérault,Hors EP,CM2,Mathématiques,24,23,-9.37,0,78.5,71.54
2018,110,Bordeaux,Hérault,Hors EP,6e,Français,22,23,-9.37,0,88.39,71.42
2018,110,Bordeaux,Hérault,Hors EP,6e,Mathématiques,23,23,-9.37,0,96.18,78.53
2018,111,Nantes,Loire,REP,CP,Français,17,17,18.53,1,67.09,52.68
2018,111,Nantes,Loire,REP,CP,Mathématiques,17,17,18.53,1,58.54,57.96
2018,111,Nantes,Loire,REP,CE1,Français,26,17,18.53,0,55.37,44.32
2018,111,Nantes,Loire,REP,CE1,Mathématiques,21,17,18.53,0,55.25,59.07
2018,111,Nantes,Loire,REP,CM1,Français,18,17,18.53,1,76.38,66.05
2018,111,Nantes,Loire,REP,CM1,Mathématiques,21,17,18.53,0,63.5,55.7
2018,111,Nantes,Loire,REP,CM2,Français,19,17,18.53,0,68.6,63.63
2018,111,Nantes,Loire,REP,CM2,Mathématiques,15,17,18.53,1,79.23,72.67
2018,111,Nantes,Loire,REP,6e,Français,20,17,18.53,0,81.08,69.81
2018,111,Nantes,Loire,REP,6e,Mathématiques,22,17,18.53,0,77.79,70.12
2018,112,Paris,Maine-et-Loire,Hors EP,CP,Français,27,24,-16.13,0,64.42,64.26
2018,112,Paris,Maine-et-Loire,Hors EP,CP,Mathématiques,24,24,-16.13,0,57.59,56.46
2018,112,Paris,Maine-et-Loire,Hors EP,CE1,Français,26,24,-16.13,0,58.38,56.57
2018,112,Paris,Maine-et-Loire,Hors EP,CE1,Mathématiques,21,24,-16.13,0,64.11,65.35
2018,112,Paris,Maine-et-Loire,Hors EP,CM1,Français,31,24,-16.13,0,62.89,56.12
2018,112,Paris,Maine-et-Loire,Hors EP,CM1,Mathématiques,26,24,-16.13,0,77.88,65.49
2018,112,Paris,Maine-et-Loire,Hors EP,CM2,Français,25,24,-16.13,0,85.73,71.43
2018,112,Paris,Maine-et-Loire,Hors EP,CM2,Mathématiques,28,24,-16.13,0,66.42,59.31
2018,112,Paris,Maine-et-Loire,Hors EP,6e,Français,22,24,-16.13,0,81.72,74.76
2018,112,Paris,Maine-et-Loire,Hors EP,6e,Mathématiques,26,24,-16.13,0,78.43,64.59
2018,113,Lyon,Moselle,Hors EP,CP,Français,23,29,-31.5,0,64.44,58.32
2018,113,Lyon,Moselle,Hors EP,CP,Mathématiques,26,29,-31.5,0,59.22,53.75
2018,113,Lyon,Moselle,Hors EP,CE1,Français,24,29,-31.5,0,65.72,65.43
2018,113,Lyon,Moselle,Hors EP,CE1,Mathématiques,23,29,-31.5,0,64.44,59.73
2018,113,Lyon,Moselle,Hors EP,CM1,Français,29,29,-31.5,0,66.97,65.33
2018,113,Lyon,Moselle,Hors EP,CM1,Mathématiques,28,29,-31.5,0,65.93,58.78
2018,113,Lyon,Moselle,Hors EP,CM2,Français,24,29,-31.5,0,76.67,71.41
2018,113,Lyon,Moselle,Hors EP,CM2,Mathématiques,26,29,-31.5,0,74.08,59.75
2018,113,Lyon,Moselle,Hors EP,6e,Français,23,29,-31.5,0,93.37,77.6
2018,113,Lyon,Moselle,Hors EP,6e,Mathématiques,23,29,-31.5,0,87.16,75.68
2018,114,Lille,Nord,REP,CP,Français,17,23,-2.04,1,66.36,61.61
2018,114,Lille,Nord,REP,CP,Mathématiques,25,23,-2.04,0,48.84,36.54
2018,114,Lille,Nord,REP,CE1,Français,20,23,-2.04,0,72.28,68.48
2018,114,Lille,Nord,REP,CE1,Mathématiques,18,23,-2.04,1,70.42,59.17
2018,114,Lille,Nord,REP,CM1,Français,17,23,-2.04,1,75.19,66.59
2018,114,Lille,Nord,REP,CM1,Mathématiques,15,23,-2.04,1,68.58,61.69
2018,114,Lille,Nord,REP,CM2,Français,19,23,-2.04,0,73.63,59.0
2018,114,Lille,Nord,REP,CM2,Mathématiques,22,23,-2.04,0,60.83,64.58
2018,114,Lille,Nord,REP,6e,Français,16,23,-2.04,1,81.84,72.74
2018,114,Lille,Nord,REP,6e,Mathématiques,24,23,-2.04,0,70.77,65.94
2018,115,Bordeaux,Paris,Hors EP,CP,Français,18,21,-14.54,0,72.06,58.39
2018,115,Bordeaux,Paris,Hors EP,CP,Mathématiques,22,21,-14.54,0,57.8,55.78
2018,115,Bordeaux,Paris,Hors EP,CE1,Français,20,21,-14.54,0,78.78,70.19
2018,115,Bordeaux,Paris,Hors EP,CE1,Mathématiques,24,21,-14.54,0,62.45,57.75
2018,115,Bordeaux,Paris,Hors EP,CM1,Français,19,21,-14.54,0,77.49,66.39
2018,115,Bordeaux,Paris,Hors EP,CM1,Mathématiques,19,21,-14.54,0,70.89,56.13
2018,115,Bordeaux,Paris,Hors EP,CM2,Français,15,21,-14.54,0,80.5,72.88
2018,115,Bordeaux,Paris,Hors EP,CM2,Mathématiques,17,21,-14.54,0,76.1,75.7
2018,115,Bordeaux,Paris,Hors EP,6e,Français,19,21,-14.54,0,90.8,79.96
2018,115,Bordeaux,Paris,Hors EP,6e,Mathématiques,23,21,-14.54,0,75.9,65.46
2018,116,Nantes,Puy-de-Dôme,Hors EP,CP,Français,28,31,-12.57,0,54.76,59.0
2018,116,Nantes,Puy-de-Dôme,Hors EP,CP,Mathématiques,34,31,-12.57,0,50.95,43.04
2018,116,Nantes,Puy-de-Dôme,Hors EP,CE1,Français,25,31,-12.57,0,67.09,59.04
2018,116,Nantes,Puy-de-Dôme,Hors EP,CE1,Mathématiques,29,31,-12.57,0,62.59,59.54
2018,116,Nantes,Puy-de-Dôme,Hors EP,CM1,Français,32,31,-12.57,0,66.47,54.69
2018,116,Nantes,Puy-de-Dôme,Hors EP,CM1,Mathématiques,33,31,-12.57,0,64.05,62.99
2018,116,Nantes,Puy-de-Dôme,Hors EP,CM2,Français,33,31,-12.57,0,65.59,52.43
2018,116,Nantes,Puy-de-Dôme,Hors EP,CM2,Mathématiques,29,31,-12.57,0,67.84,64.91
2018,116,Nantes,Puy-de-Dôme,Hors EP,6e,Français,32,31,-12.57,0,82.84,73.31
2018,116,Nantes,Puy-de-Dôme,Hors EP,6e,Mathématiques,32,31,-12.57,0,80.29,71.95
2018,117,Paris,Saône-et-Loire,Hors EP,CP,Français,26,31,-3.65,0,67.53,67.1
2018,117,Paris,Saône-et-Loire,Hors EP,CP,Mathématiques,28,31,-3.65,0,65.45,49.65
2018,117,Paris,Saône-et-Loire,Hors EP,CE1,Français,28,31,-3.65,0,66.38,56.5
2018,117,Paris,Saône-et-Loire,Hors EP,CE1,Mathématiques,34,31,-3.65,0,57.86,52.31
2018,117,Paris,Saône-et-Loire,Hors EP,CM1,Français,28,31,-3.65,0,63.55,54.41
2018,117,Paris,Saône-et-Loire,Hors EP,CM1,Mathématiques,30,31,-3.65,0,64.93,55.01
2018,117,Paris,Saône-et-Loire,Hors EP,CM2,Français,31,31,-3.65,0,80.89,72.59
2018,117,Paris,Saône-et-Loire,Hors EP,CM2,Mathématiques,27,31,-3.65,0,74.38,61.56
2018,117,Paris,Saône-et-Loire,Hors EP,6e,Français,26,31,-3.65,0,79.66,66.08
2018,117,Paris,Saône-et-Loire,Hors EP,6e,Mathématiques,25,31,-3.65,0,75.23,67.25
2018,118,Lyon,Ain,Hors EP,CP,Français,30,34,3.55,0,60.48,59.85
2018,118,Lyon,Ain,Hors EP,CP,Mathématiques,31,34,3.55,0,59.2,53.98
2018,118,Lyon,Ain,Hors EP,CE1,Français,28,34,3.55,0,61.27,52.64
2018,118,Lyon,Ain,Hors EP,CE1,Mathématiques,27,34,3.55,0,60.27,58.18
2018,118,Lyon,Ain,Hors EP,CM1,Français,32,34,3.55,0,65.74,61.12
2018,118,Lyon,Ain,Hors EP,CM1,Mathématiques,26,34,3.55,0,70.85,59.73
2018,118,Lyon,Ain,Hors EP,CM2,Français,31,34,3.55,0,72.67,69.48
2018,118,Lyon,Ain,Hors EP,CM2,Mathématiques,28,34,3.55,0,72.5,58.04
2018,118,Lyon,Ain,Hors EP,6e,Français,30,34,3.55,0,85.65,74.61
2018,118,Lyon,Ain,Hors EP,6e,Mathématiques,34,34,3.55,0,81.46,68.86
2018,119,Lille,Bas-Rhin,Hors EP,CP,Français,26,27,14.0,0,67.63,64.43
2018,119,Lille,Bas-Rhin,Hors EP,CP,Mathématiques,29,27,14.0,0,61.55,56.29
2018,119,Lille,Bas-Rhin,Hors EP,CE1,Français,29,27,14.0,0,72.13,62.45
2018,119,Lille,Bas-Rhin,Hors EP,CE1,Mathématiques,25,27,14.0,0,69.26,63.9
2018,119,Lille,Bas-Rhin,Hors EP,CM1,Français,22,27,14.0,0,73.14,60.3
2018,119,Lille,Bas-Rhin,Hors EP,CM1,Mathématiques,23,27,14.0,0,73.28,68.01
2018,119,Lille,Bas-Rhin,Hors EP,CM2,Français,25,27,14.0,0,83.26,65.5
2018,119,Lille,Bas-Rhin,Hors EP,CM2,Mathématiques,24,27,14.0,0,82.92,74.36
2018,119,Lille,Bas-Rhin,Hors EP,6e,Français,23,27,14.0,0,89.91,87.13
2018,119,Lille,Bas-Rhin,Hors EP,6e,Mathématiques,25,27,14.0,0,81.26,69.39
2018,120,Bordeaux,Bouches-du-Rhône,Hors EP,CP,Français,22,25,-17.32,0,65.65,58.82
2018,120,Bordeaux,Bouches-du-Rhône,Hors EP,CP,Mathématiques,23,25,-17.32,0,61.62,57.21
2018,120,Bordeaux,Bouches-du-Rhône,Hors EP,CE1,Français,26,25,-17.32,0,66.27,62.06
2018,120,Bordeaux,Bouches-du-Rhône,Hors EP,CE1,Mathématiques,23,25,-17.32,0,69.0,63.8
2018,120,Bordeaux,Bouches-du-Rhône,Hors EP,CM1,Français,26,25,-17.32,0,75.93,69.58
2018,120,Bordeaux,Bouches-du-Rhône,Hors EP,CM1,Mathématiques,24,25,-17.32,0,72.62,69.7
2018,120,Bordeaux,Bouches-du-Rhône,Hors EP,CM2,Français,22,25,-17.32,0,78.49,69.28
2018,120,Bordeaux,Bouches-du-Rhône,Hors EP,CM2,Mathématiques,25,25,-17.32,0,71.91,63.53
2018,120,Bordeaux,Bouches-du-Rhône,Hors EP,6e,Français,24,25,-17.32,0,74.55,64.6
2018,120,Bordeaux,Bouches-du-Rhône,Hors EP,6e,Mathématiques,24,25,-17.32,0,80.8,77.02
2018,121,Nantes,Gironde,REP+,CP,Français,14,18,-5.77,1,56.01,58.63
2018,121,Nantes,Gironde,REP+,CP,Mathématiques,17,18,-5.77,1,55.66,50.99
2018,121,Nantes,Gironde,REP+,CE1,Français,18,18,-5.77,1,62.22,53.22
2018,121,Nantes,Gironde,REP+,CE1,Mathématiques,12,18,-5.77,1,57.32,57.75
2018,121,Nantes,Gironde,REP+,CM1,Français,21,18,-5.77,0,56.88,49.85
2018,121,Nantes,Gironde,REP+,CM1,Mathématiques,12,18,-5.77,1,67.79,52.27
2018,121,Nantes,Gironde,REP+,CM2,Français,16,18,-5.77,1,76.99,69.53
2018,121,Nantes,Gironde,REP+,CM2,Mathématiques,14,18,-5.77,1,72.85,65.39
2018,121,Nantes,Gironde,REP+,6e,Français,13,18,-5.77,1,86.63,72.15
2018,121,Nantes,Gironde,REP+,6e,Mathématiques,17,18,-5.77,1,64.42,65.19
2018,122,Paris,Hérault,REP,CP,Français,18,19,6.7,1,70.27,58.74
2018,122,Paris,Hérault,REP,CP,Mathématiques,18,19,6.7,1,69.88,67.39
2018,122,Paris,Hérault,REP,CE1,Français,18,19,6.7,1,68.5,58.35
2018,122,Paris,Hérault,REP,CE1,Mathématiques,22,19,6.7,0,51.7,51.94
2018,122,Paris,Hérault,REP,CM1,Français,22,19,6.7,0,64.81,64.12
2018,122,Paris,Hérault,REP,CM1,Mathématiques,19,19,6.7,0,63.94,53.59
2018,122,Paris,Hérault,REP,CM2,Français,23,19,6.7,0,65.85,61.53
2018,122,Paris,Hérault,REP,CM2,Mathématiques,20,19,6.7,0,64.27,55.66
2018,122,Paris,Hérault,REP,6e,Français,23,19,6.7,0,75.21,61.1
2018,122,Paris,Hérault,REP,6e,Mathématiques,21,19,6.7,0,72.45,81.53
2018,123,Lyon,Loire,REP,CP,Français,19,22,-22.09,0,63.42,57.55
2018,123,Lyon,Loire,REP,CP,Mathématiques,15,22,-22.09,1,59.57,62.78
2018,123,Lyon,Loire,REP,CE1,Français,20,22,-22.09,0,53.77,48.14
2018,123,Lyon,Loire,REP,CE1,Mathématiques,18,22,-22.09,1,66.97,67.23
2018,123,Lyon,Loire,REP,CM1,Français,22,22,-22.09,0,63.8,51.73
2018,123,Lyon,Loire,REP,CM1,Mathématiques,16,22,-22.09,1,73.75,58.42
2018,123,Lyon,Loire,REP,CM2,Français,18,22,-22.09,1,80.72,64.2
2018,123,Lyon,Loire,REP,CM2,Mathématiques,16,22,-22.09,1,75.93,69.15
2018,123,Lyon,Loire,REP,6e,Français,22,22,-22.09,0,74.48,66.02
2018,123,Lyon,Loire,REP,6e,Mathématiques,17,22,-22.09,1,76.53,64.49
2018,124,Lille,Maine-et-Loire,Hors EP,CP,Français,28,29,-9.43,0,62.23,50.23
2018,124,Lille,Maine-et-Loire,Hors EP,CP,Mathématiques,31,29,-9.43,0,56.04,55.03
2018,124,Lille,Maine-et-Loire,Hors EP,CE1,Français,26,29,-9.43,0,66.01,56.25
2018,124,Lille,Maine-et-Loire,Hors EP,CE1,Mathématiques,30,29,-9.43,0,65.58,63.71
2018,124,Lille,Maine-et-Loire,Hors EP,CM1,Français,26,29,-9.43,0,69.15,68.41
2018,124,Lille,Maine-et-Loire,Hors EP,CM1,Mathématiques,23,29,-9.43,0,74.64,57.56
2018,124,Lille,Maine-et-Loire,Hors EP,CM2,Français,20,29,-9.43,0,85.5,69.1
2018,124,Lille,Maine-et-Loire,Hors EP,CM2,Mathématiques,20,29,-9.43,0,83.5,82.38
2018,124,Lille,Maine-et-Loire,Hors EP,6e,Français,28,29,-9.43,0,80.71,69.93
2018,124,Lille,Maine-et-Loire,Hors EP,6e,Mathématiques,27,29,-9.43,0,84.82,70.96
2018,125,Bordeaux,Moselle,REP,CP,Français,21,24,-1.6,0,61.32,62.74
2018,125,Bordeaux,Moselle,REP,CP,Mathématiques,22,24,-1.6,0,58.94,53.15
2018,125,Bordeaux,Moselle,REP,CE1,Français,25,24,-1.6,0,57.95,70.76
2018,125,Bordeaux,Moselle,REP,CE1,Mathématiques,18,24,-1.6,1,64.71,61.09
2018,125,Bordeaux,Moselle,REP,CM1,Français,22,24,-1.6,0,72.98,61.29
2018,125,Bordeaux,Moselle,REP,CM1,Mathématiques,23,24,-1.6,0,65.54,63.09
2018,125,Bordeaux,Moselle,REP,CM2,Français,19,24,-1.6,0,78.24,74.35
2018,125,Bordeaux,Moselle,REP,CM2,Mathématiques,22,24,-1.6,0,67.13,61.78
2018,125,Bordeaux,Moselle,REP,6e,Français,21,24,-1.6,0,77.99,68.19
2018,125,Bordeaux,Moselle,REP,6e,Mathématiques,19,24,-1.6,0,69.19,58.29
2018,126,Nantes,Nord,REP,CP,Français,18,21,6.01,1,74.32,64.2
2018,126,Nantes,Nord,REP,CP,Mathématiques,19,21,6.01,0,56.99,44.57
2018,126,Nantes,Nord,REP,CE1,Français,18,21,6.01,1,76.14,58.09
2018,126,Nantes,Nord,REP,CE1,Mathématiques,23,21,6.01,0,62.02,55.33
2018,126,Nantes,Nord,REP,CM1,Français,21,21,6.01,0,71.06,60.98
2018,126,Nantes,Nord,REP,CM1,Mathématiques,22,21,6.01,0,59.1,52.8
2018,126,Nantes,Nord,REP,CM2,Français,18,21,6.01,1,84.26,78.09
2018,126,Nantes,Nord,REP,CM2,Mathématiques,20,21,6.01,0,63.2,52.56
2018,126,Nantes,Nord,REP,6e,Français,21,21,6.01,0,84.32,74.31
2018,126,Nantes,Nord,REP,6e,Mathématiques,19,21,6.01,0,78.27,67.03
2018,127,Paris,Paris,Hors EP,CP,Français,23,22,-30.47,0,61.76,54.94
2018,127,Paris,Paris,Hors EP,CP,Mathématiques,25,22,-30.47,0,55.83,49.56
2018,127,Paris,Paris,Hors EP,CE1,Français,21,22,-30.47,0,71.51,61.41
2018,127,Paris,Paris,Hors EP,CE1,Mathématiques,17,22,-30.47,0,65.45,65.91
2018,127,Paris,Paris,Hors EP,CM1,Français,21,22,-30.47,0,77.67,66.51
2018,127,Paris,Paris,Hors EP,CM1,Mathématiques,19,22,-30.47,0,81.99,69.81
2018,127,Paris,Paris,Hors EP,CM2,Français,20,22,-30.47,0,86.48,70.19
2018,127,Paris,Paris,Hors EP,CM2,Mathématiques,20,22,-30.47,0,78.59,68.44
2018,127,Paris,Paris,Hors EP,6e,Français,22,22,-30.47,0,94.16,80.71
2018,127,Paris,Paris,Hors EP,6e,Mathématiques,15,22,-30.47,0,86.81,74.22
2018,128,Lyon,Puy-de-Dôme,REP,CP,Français,21,19,-0.34,0,58.02,51.74
2018,128,Lyon,Puy-de-Dôme,REP,CP,Mathématiques,19,19,-0.34,0,67.67,57.43
2018,128,Lyon,Puy-de-Dôme,REP,CE1,Français,21,19,-0.34,0,52.53,51.3
2018,128,Lyon,Puy-de-Dôme,REP,CE1,Mathématiques,19,19,-0.34,0,56.07,58.35
2018,128,Lyon,Puy-de-Dôme,REP,CM1,Français,22,19,-0.34,0,66.92,51.65
2018,128,Lyon,Puy-de-Dôme,REP,CM1,Mathématiques,26,19,-0.34,0,52.4,58.27
2018,128,Lyon,Puy-de-Dôme,REP,CM2,Français,24,19,-0.34,0,70.16,58.43
2018,128,Lyon,Puy-de-Dôme,REP,CM2,Mathématiques,21,19,-0.34,0,65.14,59.44
2018,128,Lyon,Puy-de-Dôme,REP,6e,Français,20,19,-0.34,0,66.98,66.16
2018,128,Lyon,Puy-de-Dôme,REP,6e,Mathématiques,21,19,-0.34,0,70.08,59.85
2018,129,Lille,Saône-et-Loire,Hors EP,CP,Français,22,25,4.89,0,68.09,55.56
2018,129,Lille,Saône-et-Loire,Hors EP,CP,Mathématiques,21,25,4.89,0,60.3,50.87
2018,129,Lille,Saône-et-Loire,Hors EP,CE1,Français,19,25,4.89,0,79.48,67.24
2018,129,Lille,Saône-et-Loire,Hors EP,CE1,Mathématiques,20,25,4.89,0,80.58,71.56
2018,129,Lille,Saône-et-Loire,Hors EP,CM1,Français,22,25,4.89,0,77.32,64.6
2018,129,Lille,Saône-et-Loire,Hors EP,CM1,Mathématiques,16,25,4.89,0,83.95,74.32
2018,129,Lille,Saône-et-Loire,Hors EP,CM2,Français,21,25,4.89,0,84.27,75.98
2018,129,Lille,Saône-et-Loire,Hors EP,CM2,Mathématiques,17,25,4.89,0,81.93,65.03
2018,129,Lille,Saône-et-Loire,Hors EP,6e,Français,25,25,4.89,0,90.23,65.34
2018,129,Lille,Saône-et-Loire,Hors EP,6e,Mathématiques,17,25,4.89,0,88.99,73.15
2018,130,Bordeaux,Ain,Hors EP,CP,Français,28,30,5.7,0,66.93,58.61
2018,130,Bordeaux,Ain,Hors EP,CP,Mathématiques,29,30,5.7,0,62.53,49.38
2018,130,Bordeaux,Ain,Hors EP,CE1,Français,34,30,5.7,0,63.1,64.32
2018,130,Bordeaux,Ain,Hors EP,CE1,Mathématiques,27,30,5.7,0,61.43,50.96
2018,130,Bordeaux,Ain,Hors EP,CM1,Français,31,30,5.7,0,71.28,61.15
2018,130,Bordeaux,Ain,Hors EP,CM1,Mathématiques,27,30,5.7,0,65.88,59.56
2018,130,Bordeaux,Ain,Hors EP,CM2,Français,29,30,5.7,0,74.7,73.53
2018,130,Bordeaux,Ain,Hors EP,CM2,Mathématiques,30,30,5.7,0,79.6,66.46
2018,130,Bordeaux,Ain,Hors EP,6e,Français,31,30,5.7,0,80.73,61.41
2018,130,Bordeaux,Ain,Hors EP,6e,Mathématiques,34,30,5.7,0,74.68,69.51
2018,131,Nantes,Bas-Rhin,Hors EP,CP,Français,25,23,14.83,0,69.13,68.8
2018,131,Nantes,Bas-Rhin,Hors EP,CP,Mathématiques,27,23,14.83,0,66.12,52.86
2018,131,Nantes,Bas-Rhin,Hors EP,CE1,Français,22,23,14.83,0,69.66,66.01
2018,131,Nantes,Bas-Rhin,Hors EP,CE1,Mathématiques,24,23,14.83,0,63.12,56.98
2018,131,Nantes,Bas-Rhin,Hors EP,CM1,Français,20,23,14.83,0,81.74,62.31
2018,131,Nantes,Bas-Rhin,Hors EP,CM1,Mathématiques,25,23,14.83,0,76.18,76.34
2018,131,Nantes,Bas-Rhin,Hors EP,CM2,Français,26,23,14.83,0,79.68,73.27
2018,131,Nantes,Bas-Rhin,Hors EP,CM2,Mathématiques,21,23,14.83,0,78.75,70.21
2018,131,Nantes,Bas-Rhin,Hors EP,6e,Français,19,23,14.83,0,92.71,72.94
2018,131,Nantes,Bas-Rhin,Hors EP,6e,Mathématiques,24,23,14.83,0,80.53,71.88
2018,132,Paris,Bouches-du-Rhône,Hors EP,CP,Français,27,27,-9.22,0,56.74,55.62
2018,132,Paris,Bouches-du-Rhône,Hors EP,CP,Mathématiques,29,27,-9.22,0,69.1,58.88
2018,132,Paris,Bouches-du-Rhône,Hors EP,CE1,Français,27,27,-9.22,0,64.2,59.72
2018,132,Paris,Bouches-du-Rhône,Hors EP,CE1,Mathématiques,29,27,-9.22,0,61.75,62.42
2018,132,Paris,Bouches-du-Rhône,Hors EP,CM1,Français,26,27,-9.22,0,78.13,70.82
2018,132,Paris,Bouches-du-Rhône,Hors EP,CM1,Mathématiques,28,27,-9.22,0,67.48,73.02
2018,132,Paris,Bouches-du-Rhône,Hors EP,CM2,Français,26,27,-9.22,0,80.03,65.67
2018,132,Paris,Bouches-du-Rhône,Hors EP,CM2,Mathématiques,32,27,-9.22,0,74.28,62.12
2018,132,Paris,Bouches-du-Rhône,Hors EP,6e,Français,29,27,-9.22,0,82.15,68.28
2018,132,Paris,Bouches-du-Rhône,Hors EP,6e,Mathématiques,30,27,-9.22,0,78.85,69.69
2018,133,Lyon,Gironde,Hors EP,CP,Français,23,27,0.71,0,75.21,60.89
2018,133,Lyon,Gironde,Hors EP,CP,Mathématiques,26,27,0.71,0,60.44,64.9
2018,133,Lyon,Gironde,Hors EP,CE1,Français,23,27,0.71,0,68.28,56.58
2018,133,Lyon,Gironde,Hors EP,CE1,Mathématiques,26,27,0.71,0,59.71,53.21
2018,133,Lyon,Gironde,Hors EP,CM1,Français,20,27,0.71,0,81.37,67.83
2018,133,Lyon,Gironde,Hors EP,CM1,Mathématiques,21,27,0.71,0,81.27,63.73
2018,133,Lyon,Gironde,Hors EP,CM2,Français,27,27,0.71,0,75.83,74.57
2018,133,Lyon,Gironde,Hors EP,CM2,Mathématiques,27,27,0.71,0,71.45,59.0
2018,133,Lyon,Gironde,Hors EP,6e,Français,27,27,0.71,0,82.8,70.46
2018,133,Lyon,Gironde,Hors EP,6e,Mathématiques,28,27,0.71,0,76.72,67.62
2018,134,Lille,Hérault,Hors EP,CP,Français,22,28,-3.47,0,63.23,59.59
2018,134,Lille,Hérault,Hors EP,CP,Mathématiques,26,28,-3.47,0,61.72,62.17
2018,134,Lille,Hérault,Hors EP,CE1,Français,23,28,-3.47,0,70.02,63.56
2018,134,Lille,Hérault,Hors EP,CE1,Mathématiques,24,28,-3.47,0,73.63,69.61
2018,134,Lille,Hérault,Hors EP,CM1,Français,27,28,-3.47,0,81.56,62.96
2018,134,Lille,Hérault,Hors EP,CM1,Mathématiques,26,28,-3.47,0,73.03,60.09
2018,134,Lille,Hérault,Hors EP,CM2,Français,27,28,-3.47,0,73.5,68.44
2018,134,Lille,Hérault,Hors EP,CM2,Mathématiques,29,28,-3.47,0,74.91,56.67
2018,134,Lille,Hérault,Hors EP,6e,Français,24,28,-3.47,0,88.73,75.44
2018,134,Lille,Hérault,Hors EP,6e,Mathématiques,19,28,-3.47,0,93.28,79.11
2018,135,Bordeaux,Loire,Hors EP,CP,Français,28,26,-8.26,0,70.02,70.73
2018,135,Bordeaux,Loire,Hors EP,CP,Mathématiques,28,26,-8.26,0,61.09,60.5
2018,135,Bordeaux,Loire,Hors EP,CE1,Français,24,26,-8.26,0,72.51,60.63
2018,135,Bordeaux,Loire,Hors EP,CE1,Mathématiques,28,26,-8.26,0,61.99,59.66
2018,135,Bordeaux,Loire,Hors EP,CM1,Français,27,26,-8.26,0,59.08,56.07
2018,135,Bordeaux,Loire,Hors EP,CM1,Mathématiques,29,26,-8.26,0,70.12,62.17
2018,135,Bordeaux,Loire,Hors EP,CM2,Français,31,26,-8.26,0,75.71,68.67
2018,135,Bordeaux,Loire,Hors EP,CM2,Mathématiques,30,26,-8.26,0,73.84,60.72
2018,135,Bordeaux,Loire,Hors EP,6e,Français,21,26,-8.26,0,86.16,77.39
2018,135,Bordeaux,Loire,Hors EP,6e,Mathématiques,26,26,-8.26,0,84.41,73.15
2018,136,Nantes,Maine-et-Loire,Hors EP,CP,Français,27,26,6.07,0,56.95,51.43
2018,136,Nantes,Maine-et-Loire,Hors EP,CP,Mathématiques,25,26,6.07,0,70.39,64.06
2018,136,Nantes,Maine-et-Loire,Hors EP,CE1,Français,22,26,6.07,0,76.54,71.39
2018,136,Nantes,Maine-et-Loire,Hors EP,CE1,Mathématiques,22,26,6.07,0,71.61,69.6
2018,136,Nantes,Maine-et-Loire,Hors EP,CM1,Français,28,26,6.07,0,77.07,67.63
2018,136,Nantes,Maine-et-Loire,Hors EP,CM1,Mathématiques,23,26,6.07,0,77.74,67.28
2018,136,Nantes,Maine-et-Loire,Hors EP,CM2,Français,23,26,6.07,0,78.47,74.84
2018,136,Nantes,Maine-et-Loire,Hors EP,CM2,Mathématiques,20,26,6.07,0,80.98,70.56
2018,136,Nantes,Maine-et-Loire,Hors EP,6e,Français,28,26,6.07,0,81.83,67.31
2018,136,Nantes,Maine-et-Loire,Hors EP,6e,Mathématiques,22,26,6.07,0,93.59,64.58
2018,137,Paris,Moselle,REP+,CP,Français,25,28,-13.27,0,42.41,48.07
2018,137,Paris,Moselle,REP+,CP,Mathématiques,30,28,-13.27,0,36.36,37.02
2018,137,Paris,Moselle,REP+,CE1,Français,27,28,-13.27,0,41.17,37.83
2018,137,Paris,Moselle,REP+,CE1,Mathématiques,21,28,-13.27,0,39.66,37.49
2018,137,Paris,Moselle,REP+,CM1,Français,22,28,-13.27,0,56.22,47.23
2018,137,Paris,Moselle,REP+,CM1,Mathématiques,17,28,-13.27,1,59.71,53.24
2018,137,Paris,Moselle,REP+,CM2,Français,23,28,-13.27,0,65.75,56.64
2018,137,Paris,Moselle,REP+,CM2,Mathématiques,27,28,-13.27,0,52.22,50.3
2018,137,Paris,Moselle,REP+,6e,Français,23,28,-13.27,0,63.64,54.45
2018,137,Paris,Moselle,REP+,6e,Mathématiques,25,28,-13.27,0,58.04,49.75
2018,138,Lyon,Nord,Hors EP,CP,Français,25,27,1.75,0,62.01,57.52
2018,138,Lyon,Nord,Hors EP,CP,Mathématiques,23,27,1.75,0,60.46,48.0
2018,138,Lyon,Nord,Hors EP,CE1,Français,24,27,1.75,0,73.36,61.41
2018,138,Lyon,Nord,Hors EP,CE1,Mathématiques,31,27,1.75,0,65.5,66.06
2018,138,Lyon,Nord,Hors EP,CM1,Français,27,27,1.75,0,82.45,67.13
2018,138,Lyon,Nord,Hors EP,CM1,Mathématiques,19,27,1.75,0,76.3,69.68
2018,138,Lyon,Nord,Hors EP,CM2,Français,25,27,1.75,0,82.15,77.47
2018,138,Lyon,Nord,Hors EP,CM2,Mathématiques,26,27,1.75,0,80.6,65.11
2018,138,Lyon,Nord,Hors EP,6e,Français,22,27,1.75,0,95.87,80.7
2018,138,Lyon,Nord,Hors EP,6e,Mathématiques,23,27,1.75,0,81.91,67.46
2018,139,Lille,Paris,Hors EP,CP,Français,19,22,-2.34,0,75.8,68.01
2018,139,Lille,Paris,Hors EP,CP,Mathématiques,21,22,-2.34,0,62.68,57.01
2018,139,Lille,Paris,Hors EP,CE1,Français,21,22,-2.34,0,76.24,66.38
2018,139,Lille,Paris,Hors EP,CE1,Mathématiques,23,22,-2.34,0,68.26,65.38
2018,139,Lille,Paris,Hors EP,CM1,Français,19,22,-2.34,0,72.66,65.75
2018,139,Lille,Paris,Hors EP,CM1,Mathématiques,22,22,-2.34,0,77.71,69.95
2018,139,Lille,Paris,Hors EP,CM2,Français,19,22,-2.34,0,82.19,73.65
2018,139,Lille,Paris,Hors EP,CM2,Mathématiques,21,22,-2.34,0,78.5,73.92
2018,139,Lille,Paris,Hors EP,6e,Français,18,22,-2.34,0,89.09,83.77
2018,139,Lille,Paris,Hors EP,6e,Mathématiques,22,22,-2.34,0,83.51,73.22
2018,140,Bordeaux,Puy-de-Dôme,Hors EP,CP,Français,15,15,-0.61,0,73.04,70.31
2018,140,Bordeaux,Puy-de-Dôme,Hors EP,CP,Mathématiques,15,15,-0.61,0,64.17,60.26
2018,140,Bordeaux,Puy-de-Dôme,Hors EP,CE1,Français,15,15,-0.61,0,75.22,64.69
2018,140,Bordeaux,Puy-de-Dôme,Hors EP,CE1,Mathématiques,22,15,-0.61,0,59.24,53.34
2018,140,Bordeaux,Puy-de-Dôme,Hors EP,CM1,Français,16,15,-0.61,0,78.41,72.82
2018,140,Bordeaux,Puy-de-Dôme,Hors EP,CM1,Mathématiques,18,15,-0.61,0,78.71,67.17
2018,140,Bordeaux,Puy-de-Dôme,Hors EP,CM2,Français,16,15,-0.61,0,86.46,73.4
2018,140,Bordeaux,Puy-de-Dôme,Hors EP,CM2,Mathématiques,16,15,-0.61,0,85.06,76.61
2018,140,Bordeaux,Puy-de-Dôme,Hors EP,6e,Français,13,15,-0.61,0,87.2,65.55
2018,140,Bordeaux,Puy-de-Dôme,Hors EP,6e,Mathématiques,18,15,-0.61,0,90.05,78.76
2018,141,Nantes,Saône-et-Loire,Hors EP,CP,Français,31,31,2.02,0,56.1,50.42
2018,141,Nantes,Saône-et-Loire,Hors EP,CP,Mathématiques,29,31,2.02,0,72.2,65.6
2018,141,Nantes,Saône-et-Loire,Hors EP,CE1,Français,33,31,2.02,0,68.17,63.19
2018,141,Nantes,Saône-et-Loire,Hors EP,CE1,Mathématiques,27,31,2.02,0,69.91,55.05
2018,141,Nantes,Saône-et-Loire,Hors EP,CM1,Français,33,31,2.02,0,69.64,49.11
2018,141,Nantes,Saône-et-Loire,Hors EP,CM1,Mathématiques,28,31,2.02,0,73.18,63.58
2018,141,Nantes,Saône-et-Loire,Hors EP,CM2,Français,31,31,2.02,0,71.72,57.24
2018,141,Nantes,Saône-et-Loire,Hors EP,CM2,Mathématiques,29,31,2.02,0,74.48,63.91
2018,141,Nantes,Saône-et-Loire,Hors EP,6e,Français,32,31,2.02,0,75.82,68.12
2018,141,Nantes,Saône-et-Loire,Hors EP,6e,Mathématiques,29,31,2.02,0,72.34,57.59
2018,142,Paris,Ain,REP+,CP,Français,15,25,-20.71,1,59.81,55.19
2018,142,Paris,Ain,REP+,CP,Mathématiques,26,25,-20.71,0,33.35,39.43
2018,142,Paris,Ain,REP+,CE1,Français,25,25,-20.71,0,43.2,42.25
2018,142,Paris,Ain,REP+,CE1,Mathématiques,23,25,-20.71,0,46.46,46.52
2018,142,Paris,Ain,REP+,CM1,Français,25,25,-20.71,0,49.14,41.77
2018,142,Paris,Ain,REP+,CM1,Mathématiques,28,25,-20.71,0,42.79,41.26
2018,142,Paris,Ain,REP+,CM2,Français,23,25,-20.71,0,58.32,52.72
2018,142,Paris,Ain,REP+,CM2,Mathématiques,23,25,-20.71,0,54.84,53.16
2018,142,Paris,Ain,REP+,6e,Français,17,25,-20.71,1,84.98,72.05
2018,142,Paris,Ain,REP+,6e,Mathématiques,24,25,-20.71,0,52.91,48.63
2018,143,Lyon,Bas-Rhin,REP,CP,Français,22,25,9.1,0,53.45,50.12
2018,143,Lyon,Bas-Rhin,REP,CP,Mathématiques,27,25,9.1,0,39.49,35.27
2018,143,Lyon,Bas-Rhin,REP,CE1,Français,19,25,9.1,0,57.3,49.9
2018,143,Lyon,Bas-Rhin,REP,CE1,Mathématiques,20,25,9.1,0,54.99,42.32
2018,143,Lyon,Bas-Rhin,REP,CM1,Français,21,25,9.1,0,71.79,65.84
2018,143,Lyon,Bas-Rhin,REP,CM1,Mathématiques,24,25,9.1,0,56.18,45.52
2018,143,Lyon,Bas-Rhin,REP,CM2,Français,21,25,9.1,0,71.2,67.75
2018,143,Lyon,Bas-Rhin,REP,CM2,Mathématiques,26,25,9.1,0,66.73,56.69
2018,143,Lyon,Bas-Rhin,REP,6e,Français,24,25,9.1,0,72.25,63.12
2018,143,Lyon,Bas-Rhin,REP,6e,Mathématiques,29,25,9.1,0,58.26,53.45
2018,144,Lille,Bouches-du-Rhône,Hors EP,CP,Français,19,23,-6.35,0,63.16,60.92
2018,144,Lille,Bouches-du-Rhône,Hors EP,CP,Mathématiques,22,23,-6.35,0,66.93,56.16
2018,144,Lille,Bouches-du-Rhône,Hors EP,CE1,Français,20,23,-6.35,0,69.39,60.52
2018,144,Lille,Bouches-du-Rhône,Hors EP,CE1,Mathématiques,25,23,-6.35,0,66.37,54.19
2018,144,Lille,Bouches-du-Rhône,Hors EP,CM1,Français,20,23,-6.35,0,73.36,58.89
2018,144,Lille,Bouches-du-Rhône,Hors EP,CM1,Mathématiques,17,23,-6.35,0,76.24,71.53
2018,144,Lille,Bouches-du-Rhône,Hors EP,CM2,Français,21,23,-6.35,0,85.89,67.91
2018,144,Lille,Bouches-du-Rhône,Hors EP,CM2,Mathématiques,19,23,-6.35,0,83.56,68.68
2018,144,Lille,Bouches-du-Rhône,Hors EP,6e,Français,19,23,-6.35,0,92.32,76.04
2018,144,Lille,Bouches-du-Rhône,Hors EP,6e,Mathématiques,21,23,-6.35,0,92.71,77.18
2018,145,Bordeaux,Gironde,Hors EP,CP,Français,24,25,-13.23,0,61.17,56.14
2018,145,Bordeaux,Gironde,Hors EP,CP,Mathématiques,28,25,-13.23,0,64.06,60.1
2018,145,Bordeaux,Gironde,Hors EP,CE1,Français,25,25,-13.23,0,58.74,55.3
2018,145,Bordeaux,Gironde,Hors EP,CE1,Mathématiques,26,25,-13.23,0,65.04,69.76
2018,145,Bordeaux,Gironde,Hors EP,CM1,Français,29,25,-13.23,0,74.05,60.54
2018,145,Bordeaux,Gironde,Hors EP,CM1,Mathématiques,25,25,-13.23,0,70.69,59.19
2018,145,Bordeaux,Gironde,Hors EP,CM2,Français,27,25,-13.23,0,78.92,63.22
2018,145,Bordeaux,Gironde,Hors EP,CM2,Mathématiques,29,25,-13.23,0,72.97,55.98
2018,145,Bordeaux,Gironde,Hors EP,6e,Français,26,25,-13.23,0,84.48,77.31
2018,145,Bordeaux,Gironde,Hors EP,6e,Mathématiques,25,25,-13.23,0,84.84,73.63
2018,146,Nantes,Hérault,Hors EP,CP,Français,21,19,14.35,0,77.75,73.16
2018,146,Nantes,Hérault,Hors EP,CP,Mathématiques,22,19,14.35,0,63.02,66.51
2018,146,Nantes,Hérault,Hors EP,CE1,Français,21,19,14.35,0,73.29,61.49
2018,146,Nantes,Hérault,Hors EP,CE1,Mathématiques,21,19,14.35,0,64.5,62.36
2018,146,Nantes,Hérault,Hors EP,CM1,Français,18,19,14.35,0,85.39,70.46
2018,146,Nantes,Hérault,Hors EP,CM1,Mathématiques,19,19,14.35,0,76.42,66.16
2018,146,Nantes,Hérault,Hors EP,CM2,Français,25,19,14.35,0,88.65,77.06
2018,146,Nantes,Hérault,Hors EP,CM2,Mathématiques,20,19,14.35,0,87.72,80.3
2018,146,Nantes,Hérault,Hors EP,6e,Français,18,19,14.35,0,93.37,69.38
2018,146,Nantes,Hérault,Hors EP,6e,Mathématiques,23,19,14.35,0,95.51,80.35
2018,147,Paris,Loire,Hors EP,CP,Français,28,25,-7.96,0,63.19,55.53
2018,147,Paris,Loire,Hors EP,CP,Mathématiques,24,25,-7.96,0,63.21,55.94
2018,147,Paris,Loire,Hors EP,CE1,Français,23,25,-7.96,0,69.05,63.65
2018,147,Paris,Loire,Hors EP,CE1,Mathématiques,26,25,-7.96,0,58.48,59.71
2018,147,Paris,Loire,Hors EP,CM1,Français,19,25,-7.96,0,78.14,65.03
2018,147,Paris,Loire,Hors EP,CM1,Mathématiques,26,25,-7.96,0,73.37,70.53
2018,147,Paris,Loire,Hors EP,CM2,Français,24,25,-7.96,0,83.28,72.61
2018,147,Paris,Loire,Hors EP,CM2,Mathématiques,22,25,-7.96,0,88.0,67.64
2018,147,Paris,Loire,Hors EP,6e,Français,27,25,-7.96,0,84.7,73.97
2018,147,Paris,Loire,Hors EP,6e,Mathématiques,25,25,-7.96,0,85.47,65.32
2018,148,Lyon,Maine-et-Loire,REP,CP,Français,21,17,5.14,0,54.37,55.88
2018,148,Lyon,Maine-et-Loire,REP,CP,Mathématiques,18,17,5.14,1,60.6,54.92
2018,148,Lyon,Maine-et-Loire,REP,CE1,Français,17,17,5.14,1,68.48,63.71
2018,148,Lyon,Maine-et-Loire,REP,CE1,Mathématiques,19,17,5.14,0,51.56,41.8
2018,148,Lyon,Maine-et-Loire,REP,CM1,Français,19,17,5.14,0,64.05,60.06
2018,148,Lyon,Maine-et-Loire,REP,CM1,Mathématiques,20,17,5.14,0,58.1,47.45
2018,148,Lyon,Maine-et-Loire,REP,CM2,Français,22,17,5.14,0,71.6,61.59
2018,148,Lyon,Maine-et-Loire,REP,CM2,Mathématiques,16,17,5.14,1,77.32,61.63
2018,148,Lyon,Maine-et-Loire,REP,6e,Français,20,17,5.14,0,73.32,70.33
2018,148,Lyon,Maine-et-Loire,REP,6e,Mathématiques,17,17,5.14,1,79.92,67.22
2018,149,Lille,Moselle,Hors EP,CP,Français,19,24,9.9,0,77.52,71.81
2018,149,Lille,Moselle,Hors EP,CP,Mathématiques,27,24,9.9,0,61.85,62.13
2018,149,Lille,Moselle,Hors EP,CE1,Français,20,24,9.9,0,78.6,64.59
2018,149,Lille,Moselle,Hors EP,CE1,Mathématiques,20,24,9.9,0,67.33,60.81
2018,149,Lille,Moselle,Hors EP,CM1,Français,22,24,9.9,0,81.28,61.23
2018,149,Lille,Moselle,Hors EP,CM1,Mathématiques,19,24,9.9,0,85.46,77.63
2018,149,Lille,Moselle,Hors EP,CM2,Français,21,24,9.9,0,85.47,78.22
2018,149,Lille,Moselle,Hors EP,CM2,Mathématiques,25,24,9.9,0,79.55,74.57
2018,149,Lille,Moselle,Hors EP,6e,Français,22,24,9.9,0,89.73,75.93
2018,149,Lille,Moselle,Hors EP,6e,Mathématiques,23,24,9.9,0,83.93,72.44
2018,150,Bordeaux,Nord,Hors EP,CP,Français,20,19,-11.72,0,67.47,62.67
2018,150,Bordeaux,Nord,Hors EP,CP,Mathématiques,16,19,-11.72,0,71.6,60.31
2018,150,Bordeaux,Nord,Hors EP,CE1,Français,24,19,-11.72,0,67.04,60.34
2018,150,Bordeaux,Nord,Hors EP,CE1,Mathématiques,26,19,-11.72,0,63.15,64.13
2018,150,Bordeaux,Nord,Hors EP,CM1,Français,21,19,-11.72,0,79.76,69.59
2018,150,Bordeaux,Nord,Hors EP,CM1,Mathématiques,23,19,-11.72,0,70.01,57.69
2018,150,Bordeaux,Nord,Hors EP,CM2,Français,19,19,-11.72,0,85.14,71.79
2018,150,Bordeaux,Nord,Hors EP,CM2,Mathématiques,23,19,-11.72,0,83.97,67.22
2018,150,Bordeaux,Nord,Hors EP,6e,Français,19,19,-11.72,0,83.23,81.75
2018,150,Bordeaux,Nord,Hors EP,6e,Mathématiques,22,19,-11.72,0,86.15,66.88
2018,151,Nantes,Paris,Hors EP,CP,Français,32,26,12.91,0,56.69,48.44
2018,151,Nantes,Paris,Hors EP,CP,Mathématiques,24,26,12.91,0,72.38,69.43
2018,151,Nantes,Paris,Hors EP,CE1,Français,26,26,12.91,0,70.51,58.87
2018,151,Nantes,Paris,Hors EP,CE1,Mathématiques,28,26,12.91,0,63.84,57.11
2018,151,Nantes,Paris,Hors EP,CM1,Français,28,26,12.91,0,73.7,63.94
2018,151,Nantes,Paris,Hors EP,CM1,Mathématiques,26,26,12.91,0,76.93,75.54
2018,151,Nantes,Paris,Hors EP,CM2,Français,27,26,12.91,0,84.06,71.16
2018,151,Nantes,Paris,Hors EP,CM2,Mathématiques,24,26,12.91,0,83.09,72.36
2018,151,Nantes,Paris,Hors EP,6e,Français,22,26,12.91,0,88.47,74.75
2018,151,Nantes,Paris,Hors EP,6e,Mathématiques,25,26,12.91,0,90.92,79.22
2018,152,Paris,Puy-de-Dôme,Hors EP,CP,Français,25,24,-11.24,0,64.41,51.96
2018,152,Paris,Puy-de-Dôme,Hors EP,CP,Mathématiques,24,24,-11.24,0,60.8,58.41
2018,152,Paris,Puy-de-Dôme,Hors EP,CE1,Français,26,24,-11.24,0,64.84,61.43
2018,152,Paris,Puy-de-Dôme,Hors EP,CE1,Mathématiques,25,24,-11.24,0,52.44,48.23
2018,152,Paris,Puy-de-Dôme,Hors EP,CM1,Français,28,24,-11.24,0,64.08,59.14
2018,152,Paris,Puy-de-Dôme,Hors EP,CM1,Mathématiques,29,24,-11.24,0,64.33,58.75
2018,152,Paris,Puy-de-Dôme,Hors EP,CM2,Français,22,24,-11.24,0,89.37,75.36
2018,152,Paris,Puy-de-Dôme,Hors EP,CM2,Mathématiques,25,24,-11.24,0,82.45,74.37
2018,152,Paris,Puy-de-Dôme,Hors EP,6e,Français,23,24,-11.24,0,83.24,74.08
2018,152,Paris,Puy-de-Dôme,Hors EP,6e,Mathématiques,23,24,-11.24,0,73.62,64.8
2018,153,Lyon,Saône-et-Loire,Hors EP,CP,Français,27,33,-10.86,0,54.09,46.29
2018,153,Lyon,Saône-et-Loire,Hors EP,CP,Mathématiques,32,33,-10.86,0,65.14,62.93
2018,153,Lyon,Saône-et-Loire,Hors EP,CE1,Français,29,33,-10.86,0,62.85,52.96
2018,153,Lyon,Saône-et-Loire,Hors EP,CE1,Mathématiques,34,33,-10.86,0,56.45,63.96
2018,153,Lyon,Saône-et-Loire,Hors EP,CM1,Français,32,33,-10.86,0,60.26,52.65
2018,153,Lyon,Saône-et-Loire,Hors EP,CM1,Mathématiques,27,33,-10.86,0,69.24,61.78
2018,153,Lyon,Saône-et-Loire,Hors EP,CM2,Français,34,33,-10.86,0,66.45,61.33
2018,153,Lyon,Saône-et-Loire,Hors EP,CM2,Mathématiques,31,33,-10.86,0,70.99,63.82
2018,153,Lyon,Saône-et-Loire,Hors EP,6e,Français,26,33,-10.86,0,83.98,74.66
2018,153,Lyon,Saône-et-Loire,Hors EP,6e,Mathématiques,30,33,-10.86,0,79.46,76.1
2018,154,Lille,Ain,Hors EP,CP,Français,23,28,-7.2,0,67.77,58.69
2018,154,Lille,Ain,Hors EP,CP,Mathématiques,22,28,-7.2,0,59.19,46.99
2018,154,Lille,Ain,Hors EP,CE1,Français,23,28,-7.2,0,64.02,53.53
2018,154,Lille,Ain,Hors EP,CE1,Mathématiques,23,28,-7.2,0,61.62,58.8
2018,154,Lille,Ain,Hors EP,CM1,Français,26,28,-7.2,0,71.46,61.41
2018,154,Lille,Ain,Hors EP,CM1,Mathématiques,25,28,-7.2,0,68.62,57.75
2018,154,Lille,Ain,Hors EP,CM2,Français,27,28,-7.2,0,82.01,73.78
2018,154,Lille,Ain,Hors EP,CM2,Mathématiques,26,28,-7.2,0,67.04,67.36
2018,154,Lille,Ain,Hors EP,6e,Français,25,28,-7.2,0,89.38,77.72
2018,154,Lille,Ain,Hors EP,6e,Mathématiques,24,28,-7.2,0,81.5,72.25
2018,155,Bordeaux,Bas-Rhin,REP+,CP,Français,25,22,-6.5,0,40.1,41.08
2018,155,Bordeaux,Bas-Rhin,REP+,CP,Mathématiques,18,22,-6.5,1,56.73,49.9
2018,155,Bordeaux,Bas-Rhin,REP+,CE1,Français,20,22,-6.5,0,55.24,49.07
2018,155,Bordeaux,Bas-Rhin,REP+,CE1,Mathématiques,22,22,-6.5,0,50.32,54.49
2018,155,Bordeaux,Bas-Rhin,REP+,CM1,Français,20,22,-6.5,0,72.01,69.24
2018,155,Bordeaux,Bas-Rhin,REP+,CM1,Mathématiques,21,22,-6.5,0,49.58,48.23
2018,155,Bordeaux,Bas-Rhin,REP+,CM2,Français,24,22,-6.5,0,66.51,67.62
2018,155,Bordeaux,Bas-Rhin,REP+,CM2,Mathématiques,22,22,-6.5,0,51.97,52.78
2018,155,Bordeaux,Bas-Rhin,REP+,6e,Français,17,22,-6.5,1,71.53,64.83
2018,155,Bordeaux,Bas-Rhin,REP+,6e,Mathématiques,21,22,-6.5,0,67.59,63.44
2018,156,Nantes,Bouches-du-Rhône,REP+,CP,Français,12,14,-18.09,1,60.16,52.14
2018,156,Nantes,Bouches-du-Rhône,REP+,CP,Mathématiques,16,14,-18.09,1,58.82,51.9
2018,156,Nantes,Bouches-du-Rhône,REP+,CE1,Français,15,14,-18.09,1,57.85,45.11
2018,156,Nantes,Bouches-du-Rhône,REP+,CE1,Mathématiques,14,14,-18.09,1,55.71,50.68
2018,156,Nantes,Bouches-du-Rhône,REP+,CM1,Français,19,14,-18.09,0,50.06,50.96
2018,156,Nantes,Bouches-du-Rhône,REP+,CM1,Mathématiques,12,14,-18.09,1,67.92,62.68
2018,156,Nantes,Bouches-du-Rhône,REP+,CM2,Français,15,14,-18.09,1,67.58,57.12
2018,156,Nantes,Bouches-du-Rhône,REP+,CM2,Mathématiques,16,14,-18.09,1,76.8,69.62
2018,156,Nantes,Bouches-du-Rhône,REP+,6e,Français,12,14,-18.09,1,78.35,80.42
2018,156,Nantes,Bouches-du-Rhône,REP+,6e,Mathématiques,14,14,-18.09,1,80.41,65.98
2018,157,Paris,Gironde,Hors EP,CP,Français,24,28,-9.2,0,69.94,68.52
2018,157,Paris,Gironde,Hors EP,CP,Mathématiques,30,28,-9.2,0,65.21,60.02
2018,157,Paris,Gironde,Hors EP,CE1,Français,25,28,-9.2,0,74.68,69.34
2018,157,Paris,Gironde,Hors EP,CE1,Mathématiques,24,28,-9.2,0,61.85,59.51
2018,157,Paris,Gironde,Hors EP,CM1,Français,26,28,-9.2,0,73.58,70.4
2018,157,Paris,Gironde,Hors EP,CM1,Mathématiques,28,28,-9.2,0,74.88,56.26
2018,157,Paris,Gironde,Hors EP,CM2,Français,27,28,-9.2,0,80.92,62.39
2018,157,Paris,Gironde,Hors EP,CM2,Mathématiques,24,28,-9.2,0,73.71,65.23
2018,157,Paris,Gironde,Hors EP,6e,Français,30,28,-9.2,0,89.2,71.58
2018,157,Paris,Gironde,Hors EP,6e,Mathématiques,27,28,-9.2,0,82.31,72.91
2018,158,Lyon,Hérault,REP,CP,Français,18,19,13.23,1,72.17,68.54
2018,158,Lyon,Hérault,REP,CP,Mathématiques,22,19,13.23,0,58.08,55.43
2018,158,Lyon,Hérault,REP,CE1,Français,22,19,13.23,0,60.53,46.07
2018,158,Lyon,Hérault,REP,CE1,Mathématiques,21,19,13.23,0,54.88,46.39
2018,158,Lyon,Hérault,REP,CM1,Français,25,19,13.23,0,65.56,59.43
2018,158,Lyon,Hérault,REP,CM1,Mathématiques,20,19,13.23,0,66.12,64.92
2018,158,Lyon,Hérault,REP,CM2,Français,19,19,13.23,0,73.67,69.43
2018,158,Lyon,Hérault,REP,CM2,Mathématiques,16,19,13.23,1,80.33,67.48
2018,158,Lyon,Hérault,REP,6e,Français,21,19,13.23,0,74.63,66.44
2018,158,Lyon,Hérault,REP,6e,Mathématiques,26,19,13.23,0,67.93,62.65
2018,159,Lille,Loire,Hors EP,CP,Français,26,25,0.06,0,68.18,62.9
2018,159,Lille,Loire,Hors EP,CP,Mathématiques,22,25,0.06,0,62.6,57.95
2018,159,Lille,Loire,Hors EP,CE1,Français,24,25,0.06,0,70.55,61.39
2018,159,Lille,Loire,Hors EP,CE1,Mathématiques,21,25,0.06,0,74.77,71.97
2018,159,Lille,Loire,Hors EP,CM1,Français,20,25,0.06,0,77.2,69.39
2018,159,Lille,Loire,Hors EP,CM1,Mathématiques,26,25,0.06,0,76.96,61.08
2018,159,Lille,Loire,Hors EP,CM2,Français,21,25,0.06,0,80.12,68.14
2018,159,Lille,Loire,Hors EP,CM2,Mathématiques,26,25,0.06,0,70.41,54.78
2018,159,Lille,Loire,Hors EP,6e,Français,20,25,0.06,0,91.5,80.32
2018,159,Lille,Loire,Hors EP,6e,Mathématiques,23,25,0.06,0,89.8,67.25
2018,160,Bordeaux,Maine-et-Loire,REP,CP,Français,19,19,-15.88,0,56.26,59.03
2018,160,Bordeaux,Maine-et-Loire,REP,CP,Mathématiques,15,19,-15.88,1,62.23,51.89
2018,160,Bordeaux,Maine-et-Loire,REP,CE1,Français,20,19,-15.88,0,61.79,63.45
2018,160,Bordeaux,Maine-et-Loire,REP,CE1,Mathématiques,18,19,-15.88,1,70.27,69.59
2018,160,Bordeaux,Maine-et-Loire,REP,CM1,Français,15,19,-15.88,1,77.85,72.73
2018,160,Bordeaux,Maine-et-Loire,REP,CM1,Mathématiques,18,19,-15.88,1,66.65,65.03
2018,160,Bordeaux,Maine-et-Loire,REP,CM2,Français,16,19,-15.88,1,79.29,68.72
2018,160,Bordeaux,Maine-et-Loire,REP,CM2,Mathématiques,21,19,-15.88,0,62.57,54.13
2018,160,Bordeaux,Maine-et-Loire,REP,6e,Français,19,19,-15.88,0,79.72,80.65
2018,160,Bordeaux,Maine-et-Loire,REP,6e,Mathématiques,15,19,-15.88,1,83.51,66.36
2018,161,Nantes,Moselle,Hors EP,CP,Français,21,20,-7.07,0,69.91,64.95
2018,161,Nantes,Moselle,Hors EP,CP,Mathématiques,21,20,-7.07,0,59.47,59.08
2018,161,Nantes,Moselle,Hors EP,CE1,Français,21,20,-7.07,0,77.68,64.28
2018,161,Nantes,Moselle,Hors EP,CE1,Mathématiques,17,20,-7.07,0,72.0,70.44
2018,161,Nantes,Moselle,Hors EP,CM1,Français,21,20,-7.07,0,77.55,63.38
2018,161,Nantes,Moselle,Hors EP,CM1,Mathématiques,25,20,-7.07,0,67.22,57.08
2018,161,Nantes,Moselle,Hors EP,CM2,Français,22,20,-7.07,0,74.2,71.83
2018,161,Nantes,Moselle,Hors EP,CM2,Mathématiques,23,20,-7.07,0,82.7,74.03
2018,161,Nantes,Moselle,Hors EP,6e,Français,21,20,-7.07,0,83.67,71.19
2018,161,Nantes,Moselle,Hors EP,6e,Mathématiques,19,20,-7.07,0,89.44,79.85
2018,162,Paris,Nord,Hors EP,CP,Français,24,23,-3.57,0,68.3,59.51
2018,162,Paris,Nord,Hors EP,CP,Mathématiques,26,23,-3.57,0,56.6,49.08
2018,162,Paris,Nord,Hors EP,CE1,Français,27,23,-3.57,0,71.46,58.67
2018,162,Paris,Nord,Hors EP,CE1,Mathématiques,27,23,-3.57,0,62.07,57.29
2018,162,Paris,Nord,Hors EP,CM1,Français,29,23,-3.57,0,75.31,70.19
2018,162,Paris,Nord,Hors EP,CM1,Mathématiques,30,23,-3.57,0,64.6,54.0
2018,162,Paris,Nord,Hors EP,CM2,Français,23,23,-3.57,0,80.93,58.26
2018,162,Paris,Nord,Hors EP,CM2,Mathématiques,24,23,-3.57,0,75.72,70.41
2018,162,Paris,Nord,Hors EP,6e,Français,26,23,-3.57,0,81.67,73.48
2018,162,Paris,Nord,Hors EP,6e,Mathématiques,27,23,-3.57,0,77.01,64.9
2018,163,Lyon,Paris,Hors EP,CP,Français,19,23,0.89,0,68.9,55.72
2018,163,Lyon,Paris,Hors EP,CP,Mathématiques,21,23,0.89,0,68.32,63.47
2018,163,Lyon,Paris,Hors EP,CE1,Français,21,23,0.89,0,66.47,57.1
2018,163,Lyon,Paris,Hors EP,CE1,Mathématiques,20,23,0.89,0,69.49,62.63
2018,163,Lyon,Paris,Hors EP,CM1,Français,25,23,0.89,0,79.46,64.1
2018,163,Lyon,Paris,Hors EP,CM1,Mathématiques,23,23,0.89,0,77.49,63.66
2018,163,Lyon,Paris,Hors EP,CM2,Français,23,23,0.89,0,81.89,63.63
2018,163,Lyon,Paris,Hors EP,CM2,Mathématiques,22,23,0.89,0,81.48,69.27
2018,163,Lyon,Paris,Hors EP,6e,Français,21,23,0.89,0,86.17,76.65
2018,163,Lyon,Paris,Hors EP,6e,Mathématiques,21,23,0.89,0,87.16,76.05
2018,164,Lille,Puy-de-Dôme,REP,CP,Français,14,20,6.78,1,68.41,63.37
2018,164,Lille,Puy-de-Dôme,REP,CP,Mathématiques,19,20,6.78,0,49.5,48.33
2018,164,Lille,Puy-de-Dôme,REP,CE1,Français,21,20,6.78,0,67.83,66.06
2018,164,Lille,Puy-de-Dôme,REP,CE1,Mathématiques,18,20,6.78,1,64.29,62.31
2018,164,Lille,Puy-de-Dôme,REP,CM1,Français,17,20,6.78,1,80.34,66.46
2018,164,Lille,Puy-de-Dôme,REP,CM1,Mathématiques,17,20,6.78,1,75.55,67.61
2018,164,Lille,Puy-de-Dôme,REP,CM2,Français,18,20,6.78,1,80.21,62.82
2018,164,Lille,Puy-de-Dôme,REP,CM2,Mathématiques,21,20,6.78,0,79.31,71.17
2018,164,Lille,Puy-de-Dôme,REP,6e,Français,14,20,6.78,1,84.33,74.89
2018,164,Lille,Puy-de-Dôme,REP,6e,Mathématiques,20,20,6.78,0,68.56,61.0
2018,165,Bordeaux,Saône-et-Loire,Hors EP,CP,Français,29,32,-18.77,0,64.91,58.73
2018,165,Bordeaux,Saône-et-Loire,Hors EP,CP,Mathématiques,28,32,-18.77,0,55.61,48.59
2018,165,Bordeaux,Saône-et-Loire,Hors EP,CE1,Français,30,32,-18.77,0,64.69,61.44
2018,165,Bordeaux,Saône-et-Loire,Hors EP,CE1,Mathématiques,31,32,-18.77,0,54.3,49.16
2018,165,Bordeaux,Saône-et-Loire,Hors EP,CM1,Français,27,32,-18.77,0,69.11,65.91
2018,165,Bordeaux,Saône-et-Loire,Hors EP,CM1,Mathématiques,27,32,-18.77,0,64.18,58.97
2018,165,Bordeaux,Saône-et-Loire,Hors EP,CM2,Français,27,32,-18.77,0,80.85,71.95
2018,165,Bordeaux,Saône-et-Loire,Hors EP,CM2,Mathématiques,28,32,-18.77,0,74.19,64.51
2018,165,Bordeaux,Saône-et-Loire,Hors EP,6e,Français,25,32,-18.77,0,84.75,70.96
2018,165,Bordeaux,Saône-et-Loire,Hors EP,6e,Mathématiques,31,32,-18.77,0,81.09,73.3
2018,166,Nantes,Ain,REP+,CP,Français,17,19,-2.59,1,59.72,57.96
2018,166,Nantes,Ain,REP+,CP,Mathématiques,19,19,-2.59,0,42.67,40.6
2018,166,Nantes,Ain,REP+,CE1,Français,21,19,-2.59,0,54.46,50.08
2018,166,Nantes,Ain,REP+,CE1,Mathématiques,17,19,-2.59,1,59.23,55.43
2018,166,Nantes,Ain,REP+,CM1,Français,18,19,-2.59,1,80.1,70.41
2018,166,Nantes,Ain,REP+,CM1,Mathématiques,19,19,-2.59,0,48.2,45.35
2018,166,Nantes,Ain,REP+,CM2,Français,20,19,-2.59,0,64.7,37.05
2018,166,Nantes,Ain,REP+,CM2,Mathématiques,19,19,-2.59,0,69.42,52.23
2018,166,Nantes,Ain,REP+,6e,Français,21,19,-2.59,0,54.51,56.76
2018,166,Nantes,Ain,REP+,6e,Mathématiques,17,19,-2.59,1,65.11,61.51
2018,167,Paris,Bas-Rhin,Hors EP,CP,Français,20,28,-4.94,0,72.72,73.2
2018,167,Paris,Bas-Rhin,Hors EP,CP,Mathématiques,28,28,-4.94,0,50.46,41.74
2018,167,Paris,Bas-Rhin,Hors EP,CE1,Français,23,28,-4.94,0,63.74,58.56
2018,167,Paris,Bas-Rhin,Hors EP,CE1,Mathématiques,26,28,-4.94,0,58.77,58.85
2018,167,Paris,Bas-Rhin,Hors EP,CM1,Français,27,28,-4.94,0,70.84,62.31
2018,167,Paris,Bas-Rhin,Hors EP,CM1,Mathématiques,20,28,-4.94,0,75.11,66.11
2018,167,Paris,Bas-Rhin,Hors EP,CM2,Français,25,28,-4.94,0,81.81,71.85
2018,167,Paris,Bas-Rhin,Hors EP,CM2,Mathématiques,24,28,-4.94,0,79.3,73.93
2018,167,Paris,Bas-Rhin,Hors EP,6e,Français,25,28,-4.94,0,86.54,72.91
2018,167,Paris,Bas-Rhin,Hors EP,6e,Mathématiques,23,28,-4.94,0,86.26,70.88
2018,168,Lyon,Bouches-du-Rhône,Hors EP,CP,Français,23,25,-3.94,0,59.62,57.46
2018,168,Lyon,Bouches-du-Rhône,Hors EP,CP,Mathématiques,25,25,-3.94,0,66.05,57.26
2018,168,Lyon,Bouches-du-Rhône,Hors EP,CE1,Français,29,25,-3.94,0,63.92,54.09
2018,168,Lyon,Bouches-du-Rhône,Hors EP,CE1,Mathématiques,22,25,-3.94,0,61.12,64.23
2018,168,Lyon,Bouches-du-Rhône,Hors EP,CM1,Français,27,25,-3.94,0,76.13,62.29
2018,168,Lyon,Bouches-du-Rhône,Hors EP,CM1,Mathématiques,29,25,-3.94,0,67.04,59.25
2018,168,Lyon,Bouches-du-Rhône,Hors EP,CM2,Français,28,25,-3.94,0,80.49,80.74
2018,168,Lyon,Bouches-du-Rhône,Hors EP,CM2,Mathématiques,25,25,-3.94,0,75.44,63.24
2018,168,Lyon,Bouches-du-Rhône,Hors EP,6e,Français,19,25,-3.94,0,89.37,81.5
2018,168,Lyon,Bouches-du-Rhône,Hors EP,6e,Mathématiques,25,25,-3.94,0,82.32,66.0
2018,169,Lille,Gironde,Hors EP,CP,Français,25,28,2.0,0,69.84,46.83
2018,169,Lille,Gironde,Hors EP,CP,Mathématiques,28,28,2.0,0,71.81,56.29
2018,169,Lille,Gironde,Hors EP,CE1,Français,26,28,2.0,0,69.0,59.61
2018,169,Lille,Gironde,Hors EP,CE1,Mathématiques,30,28,2.0,0,64.57,59.67
2018,169,Lille,Gironde,Hors EP,CM1,Français,29,28,2.0,0,72.42,80.14
2018,169,Lille,Gironde,Hors EP,CM1,Mathématiques,27,28,2.0,0,72.02,55.42
2018,169,Lille,Gironde,Hors EP,CM2,Français,26,28,2.0,0,85.2,66.26
2018,169,Lille,Gironde,Hors EP,CM2,Mathématiques,22,28,2.0,0,80.79,76.79
2018,169,Lille,Gironde,Hors EP,6e,Français,27,28,2.0,0,82.63,61.89
2018,169,Lille,Gironde,Hors EP,6e,Mathématiques,28,28,2.0,0,83.22,62.68
2018,170,Bordeaux,Hérault,REP,CP,Français,24,25,7.0,0,55.78,57.28
2018,170,Bordeaux,Hérault,REP,CP,Mathématiques,17,25,7.0,1,58.09,50.82
2018,170,Bordeaux,Hérault,REP,CE1,Français,22,25,7.0,0,60.99,58.09
2018,170,Bordeaux,Hérault,REP,CE1,Mathématiques,25,25,7.0,0,58.71,50.56
2018,170,Bordeaux,Hérault,REP,CM1,Français,23,25,7.0,0,60.53,55.22
2018,170,Bordeaux,Hérault,REP,CM1,Mathématiques,23,25,7.0,0,46.0,58.34
2018,170,Bordeaux,Hérault,REP,CM2,Français,23,25,7.0,0,66.66,69.97
2018,170,Bordeaux,Hérault,REP,CM2,Mathématiques,21,25,7.0,0,68.74,59.31
2018,170,Bordeaux,Hérault,REP,6e,Français,26,25,7.0,0,71.17,64.14
2018,170,Bordeaux,Hérault,REP,6e,Mathématiques,25,25,7.0,0,72.17,63.81
2018,171,Nantes,Loire,REP+,CP,Français,25,26,1.4,0,49.77,45.84
2018,171,Nantes,Loire,REP+,CP,Mathématiques,24,26,1.4,0,34.85,32.78
2018,171,Nantes,Loire,REP+,CE1,Français,24,26,1.4,0,48.52,56.84
2018,171,Nantes,Loire,REP+,CE1,Mathématiques,26,26,1.4,0,39.86,38.47
2018,171,Nantes,Loire,REP+,CM1,Français,28,26,1.4,0,56.24,53.38
2018,171,Nantes,Loire,REP+,CM1,Mathématiques,24,26,1.4,0,56.83,48.68
2018,171,Nantes,Loire,REP+,CM2,Français,26,26,1.4,0,68.2,62.4
2018,171,Nantes,Loire,REP+,CM2,Mathématiques,23,26,1.4,0,59.51,53.12
2018,171,Nantes,Loire,REP+,6e,Français,22,26,1.4,0,69.72,68.0
2018,171,Nantes,Loire,REP+,6e,Mathématiques,24,26,1.4,0,60.07,51.04
2018,172,Paris,Maine-et-Loire,Hors EP,CP,Français,23,24,22.71,0,72.8,68.92
2018,172,Paris,Maine-et-Loire,Hors EP,CP,Mathématiques,24,24,22.71,0,64.47,60.2
2018,172,Paris,Maine-et-Loire,Hors EP,CE1,Français,21,24,22.71,0,78.0,69.75
2018,172,Paris,Maine-et-Loire,Hors EP,CE1,Mathématiques,21,24,22.71,0,67.04,61.32
2018,172,Paris,Maine-et-Loire,Hors EP,CM1,Français,21,24,22.71,0,73.52,67.53
2018,172,Paris,Maine-et-Loire,Hors EP,CM1,Mathématiques,24,24,22.71,0,87.7,72.68
2018,172,Paris,Maine-et-Loire,Hors EP,CM2,Français,21,24,22.71,0,82.03,71.83
2018,172,Paris,Maine-et-Loire,Hors EP,CM2,Mathématiques,23,24,22.71,0,78.57,67.56
2018,172,Paris,Maine-et-Loire,Hors EP,6e,Français,17,24,22.71,0,98.89,78.39
2018,172,Paris,Maine-et-Loire,Hors EP,6e,Mathématiques,22,24,22.71,0,81.7,67.65
2018,173,Lyon,Moselle,REP,CP,Français,22,21,17.27,0,60.8,63.58
2018,173,Lyon,Moselle,REP,CP,Mathématiques,21,21,17.27,0,54.21,56.91
2018,173,Lyon,Moselle,REP,CE1,Français,23,21,17.27,0,62.49,50.22
2018,173,Lyon,Moselle,REP,CE1,Mathématiques,18,21,17.27,1,68.84,65.71
2018,173,Lyon,Moselle,REP,CM1,Français,20,21,17.27,0,73.39,71.48
2018,173,Lyon,Moselle,REP,CM1,Mathématiques,23,21,17.27,0,68.0,56.05
2018,173,Lyon,Moselle,REP,CM2,Français,21,21,17.27,0,69.64,54.11
2018,173,Lyon,Moselle,REP,CM2,Mathématiques,19,21,17.27,0,77.13,69.75
2018,173,Lyon,Moselle,REP,6e,Français,25,21,17.27,0,74.57,77.95
2018,173,Lyon,Moselle,REP,6e,Mathématiques,20,21,17.27,0,75.37,59.86
2018,174,Lille,Nord,Hors EP,CP,Français,25,25,15.37,0,72.64,62.58
2018,174,Lille,Nord,Hors EP,CP,Mathématiques,22,25,15.37,0,66.98,64.46
2018,174,Lille,Nord,Hors EP,CE1,Français,26,25,15.37,0,72.3,74.04
2018,174,Lille,Nord,Hors EP,CE1,Mathématiques,24,25,15.37,0,68.39,65.65
2018,174,Lille,Nord,Hors EP,CM1,Français,26,25,15.37,0,85.64,79.17
2018,174,Lille,Nord,Hors EP,CM1,Mathématiques,22,25,15.37,0,76.27,69.74
2018,174,Lille,Nord,Hors EP,CM2,Français,26,25,15.37,0,83.6,74.12
2018,174,Lille,Nord,Hors EP,CM2,Mathématiques,22,25,15.37,0,80.77,69.11
2018,174,Lille,Nord,Hors EP,6e,Français,22,25,15.37,0,97.98,80.43
2018,174,Lille,Nord,Hors EP,6e,Mathématiques,22,25,15.37,0,83.35,75.26
2018,175,Bordeaux,Paris,REP,CP,Français,25,23,6.89,0,54.9,53.9
2018,175,Bordeaux,Paris,REP,CP,Mathématiques,25,23,6.89,0,50.15,51.36
2018,175,Bordeaux,Paris,REP,CE1,Français,24,23,6.89,0,56.34,61.85
2018,175,Bordeaux,Paris,REP,CE1,Mathématiques,32,23,6.89,0,41.81,37.13
2018,175,Bordeaux,Paris,REP,CM1,Français,23,23,6.89,0,63.86,62.91
2018,175,Bordeaux,Paris,REP,CM1,Mathématiques,26,23,6.89,0,59.4,58.04
2018,175,Bordeaux,Paris,REP,CM2,Français,23,23,6.89,0,68.23,61.29
2018,175,Bordeaux,Paris,REP,CM2,Mathématiques,21,23,6.89,0,62.9,52.16
2018,175,Bordeaux,Paris,REP,6e,Français,27,23,6.89,0,71.83,66.9
2018,175,Bordeaux,Paris,REP,6e,Mathématiques,20,23,6.89,0,67.35,64.11
2018,176,Nantes,Puy-de-Dôme,Hors EP,CP,Français,26,28,10.12,0,70.73,79.14
2018,176,Nantes,Puy-de-Dôme,Hors EP,CP,Mathématiques,22,28,10.12,0,69.74,53.38
2018,176,Nantes,Puy-de-Dôme,Hors EP,CE1,Français,29,28,10.12,0,66.38,60.79
2018,176,Nantes,Puy-de-Dôme,Hors EP,CE1,Mathématiques,26,28,10.12,0,70.53,55.72
2018,176,Nantes,Puy-de-Dôme,Hors EP,CM1,Français,31,28,10.12,0,69.67,55.36
2018,176,Nantes,Puy-de-Dôme,Hors EP,CM1,Mathématiques,32,28,10.12,0,67.31,70.31
2018,176,Nantes,Puy-de-Dôme,Hors EP,CM2,Français,31,28,10.12,0,72.92,64.16
2018,176,Nantes,Puy-de-Dôme,Hors EP,CM2,Mathématiques,28,28,10.12,0,83.08,73.68
2018,176,Nantes,Puy-de-Dôme,Hors EP,6e,Français,28,28,10.12,0,83.31,71.4
2018,176,Nantes,Puy-de-Dôme,Hors EP,6e,Mathématiques,31,28,10.12,0,78.53,66.43
2018,177,Paris,Saône-et-Loire,Hors EP,CP,Français,26,22,-9.0,0,62.79,61.22
2018,177,Paris,Saône-et-Loire,Hors EP,CP,Mathématiques,16,22,-9.0,0,70.48,62.12
2018,177,Paris,Saône-et-Loire,Hors EP,CE1,Français,21,22,-9.0,0,73.03,62.18
2018,177,Paris,Saône-et-Loire,Hors EP,CE1,Mathématiques,17,22,-9.0,0,76.07,67.94
2018,177,Paris,Saône-et-Loire,Hors EP,CM1,Français,21,22,-9.0,0,73.87,57.88
2018,177,Paris,Saône-et-Loire,Hors EP,CM1,Mathématiques,23,22,-9.0,0,80.68,70.88
2018,177,Paris,Saône-et-Loire,Hors EP,CM2,Français,19,22,-9.0,0,86.03,73.24
2018,177,Paris,Saône-et-Loire,Hors EP,CM2,Mathématiques,24,22,-9.0,0,80.25,54.64
2018,177,Paris,Saône-et-Loire,Hors EP,6e,Français,23,22,-9.0,0,81.9,63.59
2018,177,Paris,Saône-et-Loire,Hors EP,6e,Mathématiques,22,22,-9.0,0,86.17,65.39
2018,178,Lyon,Ain,Hors EP,CP,Français,24,23,-10.41,0,69.97,55.02
2018,178,Lyon,Ain,Hors EP,CP,Mathématiques,29,23,-10.41,0,57.11,53.35
2018,178,Lyon,Ain,Hors EP,CE1,Français,22,23,-10.41,0,70.49,66.0
2018,178,Lyon,Ain,Hors EP,CE1,Mathématiques,23,23,-10.41,0,69.49,62.7
2018,178,Lyon,Ain,Hors EP,CM1,Français,24,23,-10.41,0,79.2,57.84
2018,178,Lyon,Ain,Hors EP,CM1,Mathématiques,27,23,-10.41,0,76.94,74.52
2018,178,Lyon,Ain,Hors EP,CM2,Français,27,23,-10.41,0,76.29,63.7
2018,178,Lyon,Ain,Hors EP,CM2,Mathématiques,25,23,-10.41,0,78.9,64.61
2018,178,Lyon,Ain,Hors EP,6e,Français,28,23,-10.41,0,91.35,76.81
2018,178,Lyon,Ain,Hors EP,6e,Mathématiques,23,23,-10.41,0,77.2,71.38
2018,179,Lille,Bas-Rhin,Hors EP,CP,Français,27,28,9.97,0,61.8,55.02
2018,179,Lille,Bas-Rhin,Hors EP,CP,Mathématiques,24,28,9.97,0,73.75,64.67
2018,179,Lille,Bas-Rhin,Hors EP,CE1,Français,29,28,9.97,0,64.88,53.86
2018,179,Lille,Bas-Rhin,Hors EP,CE1,Mathématiques,26,28,9.97,0,71.95,61.32
2018,179,Lille,Bas-Rhin,Hors EP,CM1,Français,25,28,9.97,0,77.6,70.26
2018,179,Lille,Bas-Rhin,Hors EP,CM1,Mathématiques,31,28,9.97,0,70.09,65.88
2018,179,Lille,Bas-Rhin,Hors EP,CM2,Français,29,28,9.97,0,73.11,59.9
2018,179,Lille,Bas-Rhin,Hors EP,CM2,Mathématiques,24,28,9.97,0,73.8,69.16
2018,179,Lille,Bas-Rhin,Hors EP,6e,Français,28,28,9.97,0,84.55,59.53
2018,179,Lille,Bas-Rhin,Hors EP,6e,Mathématiques,32,28,9.97,0,73.57,75.29
2018,180,Bordeaux,Bouches-du-Rhône,Hors EP,CP,Français,19,23,4.35,0,66.79,53.56
2018,180,Bordeaux,Bouches-du-Rhône,Hors EP,CP,Mathématiques,24,23,4.35,0,67.32,69.84
2018,180,Bordeaux,Bouches-du-Rhône,Hors EP,CE1,Français,20,23,4.35,0,75.71,60.03
2018,180,Bordeaux,Bouches-du-Rhône,Hors EP,CE1,Mathématiques,21,23,4.35,0,68.49,63.89
2018,180,Bordeaux,Bouches-du-Rhône,Hors EP,CM1,Français,25,23,4.35,0,80.68,65.65
2018,180,Bordeaux,Bouches-du-Rhône,Hors EP,CM1,Mathématiques,24,23,4.35,0,73.92,63.64
2018,180,Bordeaux,Bouches-du-Rhône,Hors EP,CM2,Français,20,23,4.35,0,83.2,80.29
2018,180,Bordeaux,Bouches-du-Rhône,Hors EP,CM2,Mathématiques,23,23,4.35,0,80.81,68.64
2018,180,Bordeaux,Bouches-du-Rhône,Hors EP,6e,Français,28,23,4.35,0,89.39,72.18
2018,180,Bordeaux,Bouches-du-Rhône,Hors EP,6e,Mathématiques,21,23,4.35,0,85.86,74.11
2019,1,Paris,Hérault,REP,CP,Français,18,24,-15.76,1,64.03,56.36
2019,1,Paris,Hérault,REP,CP,Mathématiques,26,24,-15.76,0,51.52,54.75
2019,1,Paris,Hérault,REP,CE1,Français,20,24,-15.76,0,58.12,47.26
2019,1,Paris,Hérault,REP,CE1,Mathématiques,23,24,-15.76,0,55.92,59.45
2019,1,Paris,Hérault,REP,CM1,Français,20,24,-15.76,0,64.77,59.89
2019,1,Paris,Hérault,REP,CM1,Mathématiques,23,24,-15.76,0,53.09,54.78
2019,1,Paris,Hérault,REP,CM2,Français,21,24,-15.76,0,64.74,48.6
2019,1,Paris,Hérault,REP,CM2,Mathématiques,21,24,-15.76,0,73.02,73.03
2019,1,Paris,Hérault,REP,6e,Français,22,24,-15.76,0,82.44,70.84
2019,1,Paris,Hérault,REP,6e,Mathématiques,23,24,-15.76,0,67.68,58.45
2019,2,Lyon,Loire,Hors EP,CP,Français,16,17,-7.7,0,66.87,59.45
2019,2,Lyon,Loire,Hors EP,CP,Mathématiques,22,17,-7.7,0,75.0,57.69
2019,2,Lyon,Loire,Hors EP,CE1,Français,17,17,-7.7,0,71.52,68.58
2019,2,Lyon,Loire,Hors EP,CE1,Mathématiques,19,17,-7.7,0,69.41,62.56
2019,2,Lyon,Loire,Hors EP,CM1,Français,17,17,-7.7,0,89.44,78.55
2019,2,Lyon,Loire,Hors EP,CM1,Mathématiques,20,17,-7.7,0,65.37,59.12
2019,2,Lyon,Loire,Hors EP,CM2,Français,23,17,-7.7,0,88.64,66.04
2019,2,Lyon,Loire,Hors EP,CM2,Mathématiques,17,17,-7.7,0,78.77,77.12
2019,2,Lyon,Loire,Hors EP,6e,Français,19,17,-7.7,0,87.82,74.89
2019,2,Lyon,Loire,Hors EP,6e,Mathématiques,12,17,-7.7,0,84.29,72.5
2019,3,Lille,Maine-et-Loire,Hors EP,CP,Français,14,17,12.12,0,75.59,66.73
2019,3,Lille,Maine-et-Loire,Hors EP,CP,Mathématiques,22,17,12.12,0,66.92,59.65
2019,3,Lille,Maine-et-Loire,Hors EP,CE1,Français,20,17,12.12,0,70.79,62.03
2019,3,Lille,Maine-et-Loire,Hors EP,CE1,Mathématiques,17,17,12.12,0,74.93,70.19
2019,3,Lille,Maine-et-Loire,Hors EP,CM1,Français,19,17,12.12,0,80.28,70.28
2019,3,Lille,Maine-et-Loire,Hors EP,CM1,Mathématiques,22,17,12.12,0,74.21,66.19
2019,3,Lille,Maine-et-Loire,Hors EP,CM2,Français,18,17,12.12,0,89.27,67.55
2019,3,Lille,Maine-et-Loire,Hors EP,CM2,Mathématiques,22,17,12.12,0,79.47,74.17
2019,3,Lille,Maine-et-Loire,Hors EP,6e,Français,16,17,12.12,0,91.74,83.45
2019,3,Lille,Maine-et-Loire,Hors EP,6e,Mathématiques,20,17,12.12,0,90.69,80.48
2019,4,Bordeaux,Moselle,Hors EP,CP,Français,22,24,10.85,0,77.49,66.11
2019,4,Bordeaux,Moselle,Hors EP,CP,Mathématiques,24,24,10.85,0,69.42,62.32
2019,4,Bordeaux,Moselle,Hors EP,CE1,Français,23,24,10.85,0,73.77,69.63
2019,4,Bordeaux,Moselle,Hors EP,CE1,Mathématiques,22,24,10.85,0,71.23,63.49
2019,4,Bordeaux,Moselle,Hors EP,CM1,Français,26,24,10.85,0,76.75,76.23
2019,4,Bordeaux,Moselle,Hors EP,CM1,Mathématiques,24,24,10.85,0,74.93,65.1
2019,4,Bordeaux,Moselle,Hors EP,CM2,Français,21,24,10.85,0,82.04,68.13
2019,4,Bordeaux,Moselle,Hors EP,CM2,Mathématiques,27,24,10.85,0,78.15,65.72
2019,4,Bordeaux,Moselle,Hors EP,6e,Français,27,24,10.85,0,93.28,84.71
2019,4,Bordeaux,Moselle,Hors EP,6e,Mathématiques,22,24,10.85,0,85.57,82.26
2019,5,Nantes,Nord,Hors EP,CP,Français,22,24,12.09,0,71.94,68.55
2019,5,Nantes,Nord,Hors EP,CP,Mathématiques,20,24,12.09,0,69.81,56.9
2019,5,Nantes,Nord,Hors EP,CE1,Français,21,24,12.09,0,73.32,67.24
2019,5,Nantes,Nord,Hors EP,CE1,Mathématiques,22,24,12.09,0,69.03,62.2
2019,5,Nantes,Nord,Hors EP,CM1,Français,20,24,12.09,0,84.68,78.24
2019,5,Nantes,Nord,Hors EP,CM1,Mathématiques,23,24,12.09,0,76.14,68.64
2019,5,Nantes,Nord,Hors EP,CM2,Français,18,24,12.09,0,91.97,93.05
2019,5,Nantes,Nord,Hors EP,CM2,Mathématiques,23,24,12.09,0,81.51,74.15
2019,5,Nantes,Nord,Hors EP,6e,Français,27,24,12.09,0,90.84,65.99
2019,5,Nantes,Nord,Hors EP,6e,Mathématiques,24,24,12.09,0,97.72,84.56
2019,6,Paris,Paris,Hors EP,CP,Français,23,28,14.79,0,70.71,58.79
2019,6,Paris,Paris,Hors EP,CP,Mathématiques,24,28,14.79,0,73.16,65.27
2019,6,Paris,Paris,Hors EP,CE1,Français,24,28,14.79,0,68.32,52.1
2019,6,Paris,Paris,Hors EP,CE1,Mathématiques,22,28,14.79,0,72.78,69.39
2019,6,Paris,Paris,Hors EP,CM1,Français,24,28,14.79,0,86.54,70.26
2019,6,Paris,Paris,Hors EP,CM1,Mathématiques,24,28,14.79,0,71.62,68.65
2019,6,Paris,Paris,Hors EP,CM2,Français,30,28,14.79,0,71.15,61.65
2019,6,Paris,Paris,Hors EP,CM2,Mathématiques,28,28,14.79,0,71.36,66.36
2019,6,Paris,Paris,Hors EP,6e,Français,28,28,14.79,0,86.23,76.39
2019,6,Paris,Paris,Hors EP,6e,Mathématiques,29,28,14.79,0,90.74,76.4
2019,7,Lyon,Puy-de-Dôme,Hors EP,CP,Français,20,24,-16.46,0,69.79,59.94
2019,7,Lyon,Puy-de-Dôme,Hors EP,CP,Mathématiques,22,24,-16.46,0,76.06,66.12
2019,7,Lyon,Puy-de-Dôme,Hors EP,CE1,Français,20,24,-16.46,0,77.89,69.17
2019,7,Lyon,Puy-de-Dôme,Hors EP,CE1,Mathématiques,25,24,-16.46,0,66.57,59.02
2019,7,Lyon,Puy-de-Dôme,Hors EP,CM1,Français,17,24,-16.46,0,73.84,56.03
2019,7,Lyon,Puy-de-Dôme,Hors EP,CM1,Mathématiques,22,24,-16.46,0,68.39,67.79
2019,7,Lyon,Puy-de-Dôme,Hors EP,CM2,Français,21,24,-16.46,0,82.33,66.76
2019,7,Lyon,Puy-de-Dôme,Hors EP,CM2,Mathématiques,23,24,-16.46,0,75.0,61.08
2019,7,Lyon,Puy-de-Dôme,Hors EP,6e,Français,24,24,-16.46,0,87.32,73.2
2019,7,Lyon,Puy-de-Dôme,Hors EP,6e,Mathématiques,23,24,-16.46,0,83.66,73.81
2019,8,Lille,Saône-et-Loire,Hors EP,CP,Français,30,33,18.67,0,68.17,65.03
2019,8,Lille,Saône-et-Loire,Hors EP,CP,Mathématiques,33,33,18.67,0,55.06,57.82
2019,8,Lille,Saône-et-Loire,Hors EP,CE1,Français,34,33,18.67,0,63.78,58.54
2019,8,Lille,Saône-et-Loire,Hors EP,CE1,Mathématiques,29,33,18.67,0,64.88,67.68
2019,8,Lille,Saône-et-Loire,Hors EP,CM1,Français,27,33,18.67,0,73.0,72.7
2019,8,Lille,Saône-et-Loire,Hors EP,CM1,Mathématiques,32,33,18.67,0,79.28,66.66
2019,8,Lille,Saône-et-Loire,Hors EP,CM2,Français,30,33,18.67,0,76.57,67.78
2019,8,Lille,Saône-et-Loire,Hors EP,CM2,Mathématiques,26,33,18.67,0,83.22,73.21
2019,8,Lille,Saône-et-Loire,Hors EP,6e,Français,30,33,18.67,0,82.78,66.82
2019,8,Lille,Saône-et-Loire,Hors EP,6e,Mathématiques,32,33,18.67,0,74.47,68.2
2019,9,Bordeaux,Ain,REP+,CP,Français,22,24,-6.44,0,46.41,39.56
2019,9,Bordeaux,Ain,REP+,CP,Mathématiques,22,24,-6.44,0,43.68,54.28
2019,9,Bordeaux,Ain,REP+,CE1,Français,20,24,-6.44,0,57.78,47.96
2019,9,Bordeaux,Ain,REP+,CE1,Mathématiques,18,24,-6.44,1,63.57,63.65
2019,9,Bordeaux,Ain,REP+,CM1,Français,19,24,-6.44,0,59.54,48.58
2019,9,Bordeaux,Ain,REP+,CM1,Mathématiques,21,24,-6.44,0,58.39,52.53
2019,9,Bordeaux,Ain,REP+,CM2,Français,20,24,-6.44,0,58.44,51.5
2019,9,Bordeaux,Ain,REP+,CM2,Mathématiques,25,24,-6.44,0,56.36,48.31
2019,9,Bordeaux,Ain,REP+,6e,Français,20,24,-6.44,0,61.34,51.64
2019,9,Bordeaux,Ain,REP+,6e,Mathématiques,24,24,-6.44,0,61.29,66.13
2019,10,Nantes,Bas-Rhin,Hors EP,CP,Français,25,29,-32.07,0,62.73,65.09
2019,10,Nantes,Bas-Rhin,Hors EP,CP,Mathématiques,26,29,-32.07,0,53.95,57.9
2019,10,Nantes,Bas-Rhin,Hors EP,CE1,Français,23,29,-32.07,0,64.68,59.97
2019,10,Nantes,Bas-Rhin,Hors EP,CE1,Mathématiques,23,29,-32.07,0,72.67,66.12
2019,10,Nantes,Bas-Rhin,Hors EP,CM1,Français,25,29,-32.07,0,77.0,72.83
2019,10,Nantes,Bas-Rhin,Hors EP,CM1,Mathématiques,26,29,-32.07,0,75.44,69.34
2019,10,Nantes,Bas-Rhin,Hors EP,CM2,Français,24,29,-32.07,0,84.43,71.96
2019,10,Nantes,Bas-Rhin,Hors EP,CM2,Mathématiques,24,29,-32.07,0,83.6,79.96
2019,10,Nantes,Bas-Rhin,Hors EP,6e,Français,24,29,-32.07,0,81.81,77.95
2019,10,Nantes,Bas-Rhin,Hors EP,6e,Mathématiques,26,29,-32.07,0,80.47,68.11
2019,11,Paris,Bouches-du-Rhône,Hors EP,CP,Français,25,25,1.55,0,65.3,63.92
2019,11,Paris,Bouches-du-Rhône,Hors EP,CP,Mathématiques,27,25,1.55,0,66.55,58.87
2019,11,Paris,Bouches-du-Rhône,Hors EP,CE1,Français,26,25,1.55,0,70.44,56.72
2019,11,Paris,Bouches-du-Rhône,Hors EP,CE1,Mathématiques,26,25,1.55,0,67.74,74.03
2019,11,Paris,Bouches-du-Rhône,Hors EP,CM1,Français,28,25,1.55,0,77.49,68.94
2019,11,Paris,Bouches-du-Rhône,Hors EP,CM1,Mathématiques,24,25,1.55,0,70.37,54.16
2019,11,Paris,Bouches-du-Rhône,Hors EP,CM2,Français,22,25,1.55,0,84.47,61.91
2019,11,Paris,Bouches-du-Rhône,Hors EP,CM2,Mathématiques,23,25,1.55,0,79.67,68.1
2019,11,Paris,Bouches-du-Rhône,Hors EP,6e,Français,22,25,1.55,0,88.15,83.56
2019,11,Paris,Bouches-du-Rhône,Hors EP,6e,Mathématiques,26,25,1.55,0,80.56,69.44
2019,12,Lyon,Gironde,Hors EP,CP,Français,21,26,12.13,0,66.93,60.3
2019,12,Lyon,Gironde,Hors EP,CP,Mathématiques,22,26,12.13,0,59.08,54.97
2019,12,Lyon,Gironde,Hors EP,CE1,Français,24,26,12.13,0,75.19,77.28
2019,12,Lyon,Gironde,Hors EP,CE1,Mathématiques,25,26,12.13,0,75.78,80.53
2019,12,Lyon,Gironde,Hors EP,CM1,Français,24,26,12.13,0,79.89,74.19
2019,12,Lyon,Gironde,Hors EP,CM1,Mathématiques,21,26,12.13,0,79.34,65.71
2019,12,Lyon,Gironde,Hors EP,CM2,Français,23,26,12.13,0,82.12,67.41
2019,12,Lyon,Gironde,Hors EP,CM2,Mathématiques,23,26,12.13,0,81.44,60.74
2019,12,Lyon,Gironde,Hors EP,6e,Français,18,26,12.13,0,89.39,71.37
2019,12,Lyon,Gironde,Hors EP,6e,Mathématiques,23,26,12.13,0,88.04,80.19
2019,13,Lille,Hérault,Hors EP,CP,Français,30,25,2.52,0,66.74,62.26
2019,13,Lille,Hérault,Hors EP,CP,Mathématiques,30,25,2.52,0,49.05,46.9
2019,13,Lille,Hérault,Hors EP,CE1,Français,26,25,2.52,0,75.39,74.12
2019,13,Lille,Hérault,Hors EP,CE1,Mathématiques,23,25,2.52,0,76.25,60.99
2019,13,Lille,Hérault,Hors EP,CM1,Français,24,25,2.52,0,76.95,65.73
2019,13,Lille,Hérault,Hors EP,CM1,Mathématiques,23,25,2.52,0,78.83,72.0
2019,13,Lille,Hérault,Hors EP,CM2,Français,30,25,2.52,0,75.65,66.25
2019,13,Lille,Hérault,Hors EP,CM2,Mathématiques,27,25,2.52,0,84.9,58.56
2019,13,Lille,Hérault,Hors EP,6e,Français,25,25,2.52,0,87.13,68.82
2019,13,Lille,Hérault,Hors EP,6e,Mathématiques,26,25,2.52,0,82.63,67.9
2019,14,Bordeaux,Loire,Hors EP,CP,Français,26,26,-5.44,0,65.21,50.64
2019,14,Bordeaux,Loire,Hors EP,CP,Mathématiques,27,26,-5.44,0,59.32,61.64
2019,14,Bordeaux,Loire,Hors EP,CE1,Français,27,26,-5.44,0,73.61,60.0
2019,14,Bordeaux,Loire,Hors EP,CE1,Mathématiques,25,26,-5.44,0,61.56,53.33
2019,14,Bordeaux,Loire,Hors EP,CM1,Français,29,26,-5.44,0,79.24,63.14
2019,14,Bordeaux,Loire,Hors EP,CM1,Mathématiques,25,26,-5.44,0,72.8,67.44
2019,14,Bordeaux,Loire,Hors EP,CM2,Français,22,26,-5.44,0,76.63,69.56
2019,14,Bordeaux,Loire,Hors EP,CM2,Mathématiques,21,26,-5.44,0,79.74,70.03
2019,14,Bordeaux,Loire,Hors EP,6e,Français,27,26,-5.44,0,83.71,70.09
2019,14,Bordeaux,Loire,Hors EP,6e,Mathématiques,28,26,-5.44,0,81.73,67.34
2019,15,Nantes,Maine-et-Loire,REP+,CP,Français,21,18,9.44,0,46.78,44.19
2019,15,Nantes,Maine-et-Loire,REP+,CP,Mathématiques,17,18,9.44,1,57.59,49.12
2019,15,Nantes,Maine-et-Loire,REP+,CE1,Français,21,18,9.44,0,57.51,52.58
2019,15,Nantes,Maine-et-Loire,REP+,CE1,Mathématiques,20,18,9.44,0,52.44,54.26
2019,15,Nantes,Maine-et-Loire,REP+,CM1,Français,15,18,9.44,1,70.58,62.7
2019,15,Nantes,Maine-et-Loire,REP+,CM1,Mathématiques,20,18,9.44,0,54.6,39.63
2019,15,Nantes,Maine-et-Loire,REP+,CM2,Français,15,18,9.44,1,75.96,66.97
2019,15,Nantes,Maine-et-Loire,REP+,CM2,Mathématiques,22,18,9.44,0,63.25,58.42
2019,15,Nantes,Maine-et-Loire,REP+,6e,Français,18,18,9.44,1,86.2,70.67
2019,15,Nantes,Maine-et-Loire,REP+,6e,Mathématiques,18,18,9.44,1,73.33,71.96
2019,16,Paris,Moselle,REP,CP,Français,17,20,6.12,1,66.43,56.9
2019,16,Paris,Moselle,REP,CP,Mathématiques,19,20,6.12,0,54.32,49.67
2019,16,Paris,Moselle,REP,CE1,Français,15,20,6.12,1,73.18,63.86
2019,16,Paris,Moselle,REP,CE1,Mathématiques,17,20,6.12,1,70.73,66.84
2019,16,Paris,Moselle,REP,CM1,Français,20,20,6.12,0,70.52,61.75
2019,16,Paris,Moselle,REP,CM1,Mathématiques,17,20,6.12,1,71.14,60.41
2019,16,Paris,Moselle,REP,CM2,Français,18,20,6.12,1,80.3,70.08
2019,16,Paris,Moselle,REP,CM2,Mathématiques,16,20,6.12,1,73.36,68.98
2019,16,Paris,Moselle,REP,6e,Français,17,20,6.12,1,85.07,67.38
2019,16,Paris,Moselle,REP,6e,Mathématiques,19,20,6.12,0,82.12,68.83
2019,17,Lyon,Nord,Hors EP,CP,Français,33,29,23.6,0,50.25,48.69
2019,17,Lyon,Nord,Hors EP,CP,Mathématiques,25,29,23.6,0,65.44,57.41
2019,17,Lyon,Nord,Hors EP,CE1,Français,29,29,23.6,0,69.53,57.72
2019,17,Lyon,Nord,Hors EP,CE1,Mathématiques,27,29,23.6,0,71.15,57.46
2019,17,Lyon,Nord,Hors EP,CM1,Français,23,29,23.6,0,90.4,73.26
2019,17,Lyon,Nord,Hors EP,CM1,Mathématiques,27,29,23.6,0,73.04,67.41
2019,17,Lyon,Nord,Hors EP,CM2,Français,31,29,23.6,0,81.84,63.06
2019,17,Lyon,Nord,Hors EP,CM2,Mathématiques,24,29,23.6,0,80.74,68.56
2019,17,Lyon,Nord,Hors EP,6e,Français,23,29,23.6,0,95.12,74.25
2019,17,Lyon,Nord,Hors EP,6e,Mathématiques,31,29,23.6,0,89.43,74.57
2019,18,Lille,Paris,REP+,CP,Français,12,13,-5.98,1,58.08,52.17
2019,18,Lille,Paris,REP+,CP,Mathématiques,12,13,-5.98,1,60.66,52.32
2019,18,Lille,Paris,REP+,CE1,Français,17,13,-5.98,1,57.42,62.12
2019,18,Lille,Paris,REP+,CE1,Mathématiques,12,13,-5.98,1,60.38,53.61
2019,18,Lille,Paris,REP+,CM1,Français,12,13,-5.98,1,72.99,72.13
2019,18,Lille,Paris,REP+,CM1,Mathématiques,16,13,-5.98,1,64.56,59.82
2019,18,Lille,Paris,REP+,CM2,Français,12,13,-5.98,1,69.92,56.81
2019,18,Lille,Paris,REP+,CM2,Mathématiques,12,13,-5.98,1,72.51,54.74
2019,18,Lille,Paris,REP+,6e,Français,13,13,-5.98,1,86.2,79.23
2019,18,Lille,Paris,REP+,6e,Mathématiques,12,13,-5.98,1,70.1,64.96
2019,19,Bordeaux,Puy-de-Dôme,Hors EP,CP,Français,23,24,21.98,0,75.37,65.75
2019,19,Bordeaux,Puy-de-Dôme,Hors EP,CP,Mathématiques,26,24,21.98,0,59.37,58.35
2019,19,Bordeaux,Puy-de-Dôme,Hors EP,CE1,Français,29,24,21.98,0,77.87,72.99
2019,19,Bordeaux,Puy-de-Dôme,Hors EP,CE1,Mathématiques,26,24,21.98,0,65.02,52.37
2019,19,Bordeaux,Puy-de-Dôme,Hors EP,CM1,Français,31,24,21.98,0,70.54,70.37
2019,19,Bordeaux,Puy-de-Dôme,Hors EP,CM1,Mathématiques,28,24,21.98,0,75.22,64.62
2019,19,Bordeaux,Puy-de-Dôme,Hors EP,CM2,Français,29,24,21.98,0,80.77,68.08
2019,19,Bordeaux,Puy-de-Dôme,Hors EP,CM2,Mathématiques,29,24,21.98,0,77.19,63.5
2019,19,Bordeaux,Puy-de-Dôme,Hors EP,6e,Français,28,24,21.98,0,86.45,76.23
2019,19,Bordeaux,Puy-de-Dôme,Hors EP,6e,Mathématiques,26,24,21.98,0,80.1,78.14
2019,20,Nantes,Saône-et-Loire,REP,CP,Français,26,26,-3.6,0,49.88,45.75
2019,20,Nantes,Saône-et-Loire,REP,CP,Mathématiques,28,26,-3.6,0,46.45,55.43
2019,20,Nantes,Saône-et-Loire,REP,CE1,Français,20,26,-3.6,0,63.2,68.33
2019,20,Nantes,Saône-et-Loire,REP,CE1,Mathématiques,23,26,-3.6,0,53.98,45.87
2019,20,Nantes,Saône-et-Loire,REP,CM1,Français,26,26,-3.6,0,58.0,53.97
2019,20,Nantes,Saône-et-Loire,REP,CM1,Mathématiques,20,26,-3.6,0,70.87,68.97
2019,20,Nantes,Saône-et-Loire,REP,CM2,Français,23,26,-3.6,0,63.97,66.18
2019,20,Nantes,Saône-et-Loire,REP,CM2,Mathématiques,22,26,-3.6,0,62.09,48.41
2019,20,Nantes,Saône-et-Loire,REP,6e,Français,21,26,-3.6,0,69.42,59.09
2019,20,Nantes,Saône-et-Loire,REP,6e,Mathématiques,25,26,-3.6,0,67.68,62.8
2019,21,Paris,Ain,REP,CP,Français,21,22,-4.18,0,48.85,55.82
2019,21,Paris,Ain,REP,CP,Mathématiques,19,22,-4.18,0,59.43,54.79
2019,21,Paris,Ain,REP,CE1,Français,22,22,-4.18,0,62.02,54.91
2019,21,Paris,Ain,REP,CE1,Mathématiques,23,22,-4.18,0,51.68,54.03
2019,21,Paris,Ain,REP,CM1,Français,19,22,-4.18,0,69.27,59.79
2019,21,Paris,Ain,REP,CM1,Mathématiques,20,22,-4.18,0,58.96,56.33
2019,21,Paris,Ain,REP,CM2,Français,20,22,-4.18,0,69.37,61.89
2019,21,Paris,Ain,REP,CM2,Mathématiques,20,22,-4.18,0,66.02,59.25
2019,21,Paris,Ain,REP,6e,Français,17,22,-4.18,1,98.15,87.04
2019,21,Paris,Ain,REP,6e,Mathématiques,21,22,-4.18,0,78.17,58.26
2019,22,Lyon,Bas-Rhin,REP,CP,Français,20,21,-2.84,0,61.1,50.86
2019,22,Lyon,Bas-Rhin,REP,CP,Mathématiques,20,21,-2.84,0,54.02,53.47
2019,22,Lyon,Bas-Rhin,REP,CE1,Français,18,21,-2.84,1,77.98,67.51
2019,22,Lyon,Bas-Rhin,REP,CE1,Mathématiques,23,21,-2.84,0,51.7,53.87
2019,22,Lyon,Bas-Rhin,REP,CM1,Français,19,21,-2.84,0,66.38,63.3
2019,22,Lyon,Bas-Rhin,REP,CM1,Mathématiques,18,21,-2.84,1,62.78,42.38
2019,22,Lyon,Bas-Rhin,REP,CM2,Français,22,21,-2.84,0,75.7,75.91
2019,22,Lyon,Bas-Rhin,REP,CM2,Mathématiques,19,21,-2.84,0,64.04,56.45
2019,22,Lyon,Bas-Rhin,REP,6e,Français,19,21,-2.84,0,73.33,73.11
2019,22,Lyon,Bas-Rhin,REP,6e,Mathématiques,25,21,-2.84,0,71.61,63.64
2019,23,Lille,Bouches-du-Rhône,Hors EP,CP,Français,30,34,-3.47,0,59.25,56.02
2019,23,Lille,Bouches-du-Rhône,Hors EP,CP,Mathématiques,25,34,-3.47,0,68.28,60.91
2019,23,Lille,Bouches-du-Rhône,Hors EP,CE1,Français,32,34,-3.47,0,63.18,57.28
2019,23,Lille,Bouches-du-Rhône,Hors EP,CE1,Mathématiques,26,34,-3.47,0,69.9,58.15
2019,23,Lille,Bouches-du-Rhône,Hors EP,CM1,Français,28,34,-3.47,0,73.69,65.71
2019,23,Lille,Bouches-du-Rhône,Hors EP,CM1,Mathématiques,25,34,-3.47,0,72.34,68.17
2019,23,Lille,Bouches-du-Rhône,Hors EP,CM2,Français,28,34,-3.47,0,77.67,68.63
2019,23,Lille,Bouches-du-Rhône,Hors EP,CM2,Mathématiques,29,34,-3.47,0,70.15,62.52
2019,23,Lille,Bouches-du-Rhône,Hors EP,6e,Français,31,34,-3.47,0,76.25,64.98
2019,23,Lille,Bouches-du-Rhône,Hors EP,6e,Mathématiques,26,34,-3.47,0,86.72,73.51
2019,24,Bordeaux,Gironde,Hors EP,CP,Français,20,27,-12.4,0,65.01,65.99
2019,24,Bordeaux,Gironde,Hors EP,CP,Mathématiques,22,27,-12.4,0,67.11,56.45
2019,24,Bordeaux,Gironde,Hors EP,CE1,Français,26,27,-12.4,0,63.79,58.58
2019,24,Bordeaux,Gironde,Hors EP,CE1,Mathématiques,24,27,-12.4,0,77.69,70.98
2019,24,Bordeaux,Gironde,Hors EP,CM1,Français,23,27,-12.4,0,80.19,80.22
2019,24,Bordeaux,Gironde,Hors EP,CM1,Mathématiques,20,27,-12.4,0,73.02,63.47
2019,24,Bordeaux,Gironde,Hors EP,CM2,Français,23,27,-12.4,0,80.61,63.3
2019,24,Bordeaux,Gironde,Hors EP,CM2,Mathématiques,28,27,-12.4,0,68.21,60.38
2019,24,Bordeaux,Gironde,Hors EP,6e,Français,27,27,-12.4,0,83.38,66.8
2019,24,Bordeaux,Gironde,Hors EP,6e,Mathématiques,21,27,-12.4,0,84.88,68.93
2019,25,Nantes,Hérault,REP,CP,Français,16,16,1.39,1,74.75,63.64
2019,25,Nantes,Hérault,REP,CP,Mathématiques,14,16,1.39,1,62.8,56.74
2019,25,Nantes,Hérault,REP,CE1,Français,16,16,1.39,1,68.53,51.48
2019,25,Nantes,Hérault,REP,CE1,Mathématiques,15,16,1.39,1,70.89,63.88
2019,25,Nantes,Hérault,REP,CM1,Français,19,16,1.39,0,77.17,71.27
2019,25,Nantes,Hérault,REP,CM1,Mathématiques,19,16,1.39,0,68.82,70.34
2019,25,Nantes,Hérault,REP,CM2,Français,21,16,1.39,0,75.85,70.11
2019,25,Nantes,Hérault,REP,CM2,Mathématiques,15,16,1.39,1,80.08,67.77
2019,25,Nantes,Hérault,REP,6e,Français,18,16,1.39,1,85.02,71.86
2019,25,Nantes,Hérault,REP,6e,Mathématiques,12,16,1.39,1,93.02,77.15
2019,26,Paris,Loire,Hors EP,CP,Français,25,32,17.33,0,79.67,74.61
2019,26,Paris,Loire,Hors EP,CP,Mathématiques,29,32,17.33,0,68.69,55.87
2019,26,Paris,Loire,Hors EP,CE1,Français,27,32,17.33,0,77.58,58.42
2019,26,Paris,Loire,Hors EP,CE1,Mathématiques,29,32,17.33,0,68.67,71.54
2019,26,Paris,Loire,Hors EP,CM1,Français,24,32,17.33,0,87.02,71.38
2019,26,Paris,Loire,Hors EP,CM1,Mathématiques,27,32,17.33,0,68.58,56.2
2019,26,Paris,Loire,Hors EP,CM2,Français,29,32,17.33,0,75.27,69.89
2019,26,Paris,Loire,Hors EP,CM2,Mathématiques,26,32,17.33,0,74.52,63.04
2019,26,Paris,Loire,Hors EP,6e,Français,29,32,17.33,0,84.03,72.31
2019,26,Paris,Loire,Hors EP,6e,Mathématiques,30,32,17.33,0,86.25,72.1
2019,27,Lyon,Maine-et-Loire,Hors EP,CP,Français,22,22,-17.53,0,64.16,57.59
2019,27,Lyon,Maine-et-Loire,Hors EP,CP,Mathématiques,22,22,-17.53,0,67.58,52.93
2019,27,Lyon,Maine-et-Loire,Hors EP,CE1,Français,20,22,-17.53,0,71.69,62.87
2019,27,Lyon,Maine-et-Loire,Hors EP,CE1,Mathématiques,20,22,-17.53,0,67.47,58.87
2019,27,Lyon,Maine-et-Loire,Hors EP,CM1,Français,23,22,-17.53,0,77.18,64.17
2019,27,Lyon,Maine-et-Loire,Hors EP,CM1,Mathématiques,28,22,-17.53,0,71.19,59.38
2019,27,Lyon,Maine-et-Loire,Hors EP,CM2,Français,24,22,-17.53,0,81.15,76.26
2019,27,Lyon,Maine-et-Loire,Hors EP,CM2,Mathématiques,22,22,-17.53,0,82.85,71.55
2019,27,Lyon,Maine-et-Loire,Hors EP,6e,Français,28,22,-17.53,0,87.81,75.69
2019,27,Lyon,Maine-et-Loire,Hors EP,6e,Mathématiques,23,22,-17.53,0,85.78,72.43
2019,28,Lille,Moselle,REP,CP,Français,17,23,-5.52,1,69.94,58.46
2019,28,Lille,Moselle,REP,CP,Mathématiques,23,23,-5.52,0,45.12,46.32
2019,28,Lille,Moselle,REP,CE1,Français,23,23,-5.52,0,48.25,57.9
2019,28,Lille,Moselle,REP,CE1,Mathématiques,19,23,-5.52,0,59.17,58.09
2019,28,Lille,Moselle,REP,CM1,Français,22,23,-5.52,0,66.07,64.91
2019,28,Lille,Moselle,REP,CM1,Mathématiques,21,23,-5.52,0,70.66,65.66
2019,28,Lille,Moselle,REP,CM2,Français,25,23,-5.52,0,71.19,54.38
2019,28,Lille,Moselle,REP,CM2,Mathématiques,27,23,-5.52,0,59.75,63.11
2019,28,Lille,Moselle,REP,6e,Français,20,23,-5.52,0,81.41,66.92
2019,28,Lille,Moselle,REP,6e,Mathématiques,22,23,-5.52,0,70.7,70.97
2019,29,Bordeaux,Nord,REP,CP,Français,24,28,-1.03,0,54.58,56.92
2019,29,Bordeaux,Nord,REP,CP,Mathématiques,22,28,-1.03,0,52.6,56.67
2019,29,Bordeaux,Nord,REP,CE1,Français,17,28,-1.03,1,74.63,64.08
2019,29,Bordeaux,Nord,REP,CE1,Mathématiques,21,28,-1.03,0,58.79,61.12
2019,29,Bordeaux,Nord,REP,CM1,Français,26,28,-1.03,0,61.17,60.97
2019,29,Bordeaux,Nord,REP,CM1,Mathématiques,25,28,-1.03,0,59.28,51.85
2019,29,Bordeaux,Nord,REP,CM2,Français,21,28,-1.03,0,75.05,65.82
2019,29,Bordeaux,Nord,REP,CM2,Mathématiques,20,28,-1.03,0,61.59,61.04
2019,29,Bordeaux,Nord,REP,6e,Français,22,28,-1.03,0,76.86,73.47
2019,29,Bordeaux,Nord,REP,6e,Mathématiques,20,28,-1.03,0,73.97,64.45
2019,30,Nantes,Paris,REP,CP,Français,27,27,6.84,0,50.98,48.98
2019,30,Nantes,Paris,REP,CP,Mathématiques,25,27,6.84,0,52.17,53.39
2019,30,Nantes,Paris,REP,CE1,Français,25,27,6.84,0,53.2,56.13
2019,30,Nantes,Paris,REP,CE1,Mathématiques,27,27,6.84,0,53.66,44.02
2019,30,Nantes,Paris,REP,CM1,Français,24,27,6.84,0,65.4,53.75
2019,30,Nantes,Paris,REP,CM1,Mathématiques,23,27,6.84,0,56.08,56.17
2019,30,Nantes,Paris,REP,CM2,Français,24,27,6.84,0,62.11,59.0
2019,30,Nantes,Paris,REP,CM2,Mathématiques,24,27,6.84,0,68.84,59.86
2019,30,Nantes,Paris,REP,6e,Français,22,27,6.84,0,72.85,61.85
2019,30,Nantes,Paris,REP,6e,Mathématiques,24,27,6.84,0,72.19,63.13
2019,31,Paris,Puy-de-Dôme,Hors EP,CP,Français,22,25,-9.25,0,83.21,73.69
2019,31,Paris,Puy-de-Dôme,Hors EP,CP,Mathématiques,20,25,-9.25,0,70.98,58.72
2019,31,Paris,Puy-de-Dôme,Hors EP,CE1,Français,25,25,-9.25,0,68.74,59.54
2019,31,Paris,Puy-de-Dôme,Hors EP,CE1,Mathématiques,27,25,-9.25,0,67.44,65.72
2019,31,Paris,Puy-de-Dôme,Hors EP,CM1,Français,24,25,-9.25,0,74.59,68.78
2019,31,Paris,Puy-de-Dôme,Hors EP,CM1,Mathématiques,26,25,-9.25,0,72.4,73.24
2019,31,Paris,Puy-de-Dôme,Hors EP,CM2,Français,25,25,-9.25,0,81.64,71.78
2019,31,Paris,Puy-de-Dôme,Hors EP,CM2,Mathématiques,23,25,-9.25,0,73.86,64.77
2019,31,Paris,Puy-de-Dôme,Hors EP,6e,Français,24,25,-9.25,0,84.72,74.3
2019,31,Paris,Puy-de-Dôme,Hors EP,6e,Mathématiques,23,25,-9.25,0,87.97,78.14
2019,32,Lyon,Saône-et-Loire,Hors EP,CP,Français,20,21,-1.7,0,69.55,59.85
2019,32,Lyon,Saône-et-Loire,Hors EP,CP,Mathématiques,24,21,-1.7,0,70.73,65.32
2019,32,Lyon,Saône-et-Loire,Hors EP,CE1,Français,20,21,-1.7,0,77.88,68.33
2019,32,Lyon,Saône-et-Loire,Hors EP,CE1,Mathématiques,20,21,-1.7,0,73.62,62.85
2019,32,Lyon,Saône-et-Loire,Hors EP,CM1,Français,21,21,-1.7,0,81.11,73.17
2019,32,Lyon,Saône-et-Loire,Hors EP,CM1,Mathématiques,18,21,-1.7,0,83.09,66.97
2019,32,Lyon,Saône-et-Loire,Hors EP,CM2,Français,19,21,-1.7,0,84.62,67.18
2019,32,Lyon,Saône-et-Loire,Hors EP,CM2,Mathématiques,23,21,-1.7,0,76.03,63.21
2019,32,Lyon,Saône-et-Loire,Hors EP,6e,Français,23,21,-1.7,0,85.83,72.42
2019,32,Lyon,Saône-et-Loire,Hors EP,6e,Mathématiques,17,21,-1.7,0,93.64,82.91
2019,33,Lille,Ain,Hors EP,CP,Français,24,26,-6.29,0,72.75,68.29
2019,33,Lille,Ain,Hors EP,CP,Mathématiques,24,26,-6.29,0,64.12,57.1
2019,33,Lille,Ain,Hors EP,CE1,Français,23,26,-6.29,0,72.64,62.32
2019,33,Lille,Ain,Hors EP,CE1,Mathématiques,24,26,-6.29,0,61.29,48.86
2019,33,Lille,Ain,Hors EP,CM1,Français,25,26,-6.29,0,75.66,62.07
2019,33,Lille,Ain,Hors EP,CM1,Mathématiques,28,26,-6.29,0,70.05,65.52
2019,33,Lille,Ain,Hors EP,CM2,Français,26,26,-6.29,0,76.6,67.66
2019,33,Lille,Ain,Hors EP,CM2,Mathématiques,23,26,-6.29,0,82.27,66.26
2019,33,Lille,Ain,Hors EP,6e,Français,28,26,-6.29,0,81.82,75.95
2019,33,Lille,Ain,Hors EP,6e,Mathématiques,23,26,-6.29,0,81.79,72.53
2019,34,Bordeaux,Bas-Rhin,REP,CP,Français,24,29,22.05,0,61.29,51.97
2019,34,Bordeaux,Bas-Rhin,REP,CP,Mathématiques,26,29,22.05,0,41.01,37.28
2019,34,Bordeaux,Bas-Rhin,REP,CE1,Français,26,29,22.05,0,52.64,52.93
2019,34,Bordeaux,Bas-Rhin,REP,CE1,Mathématiques,27,29,22.05,0,52.39,45.78
2019,34,Bordeaux,Bas-Rhin,REP,CM1,Français,24,29,22.05,0,62.0,56.65
2019,34,Bordeaux,Bas-Rhin,REP,CM1,Mathématiques,25,29,22.05,0,61.07,64.9
2019,34,Bordeaux,Bas-Rhin,REP,CM2,Français,23,29,22.05,0,78.51,63.18
2019,34,Bordeaux,Bas-Rhin,REP,CM2,Mathématiques,25,29,22.05,0,72.77,70.14
2019,34,Bordeaux,Bas-Rhin,REP,6e,Français,24,29,22.05,0,78.84,70.72
2019,34,Bordeaux,Bas-Rhin,REP,6e,Mathématiques,24,29,22.05,0,76.12,76.07
2019,35,Nantes,Bouches-du-Rhône,Hors EP,CP,Français,27,28,-17.53,0,58.32,51.71
2019,35,Nantes,Bouches-du-Rhône,Hors EP,CP,Mathématiques,31,28,-17.53,0,55.16,48.81
2019,35,Nantes,Bouches-du-Rhône,Hors EP,CE1,Français,29,28,-17.53,0,60.83,54.13
2019,35,Nantes,Bouches-du-Rhône,Hors EP,CE1,Mathématiques,29,28,-17.53,0,62.29,49.55
2019,35,Nantes,Bouches-du-Rhône,Hors EP,CM1,Français,27,28,-17.53,0,71.11,71.06
2019,35,Nantes,Bouches-du-Rhône,Hors EP,CM1,Mathématiques,24,28,-17.53,0,77.33,76.46
2019,35,Nantes,Bouches-du-Rhône,Hors EP,CM2,Français,24,28,-17.53,0,79.73,71.16
2019,35,Nantes,Bouches-du-Rhône,Hors EP,CM2,Mathématiques,24,28,-17.53,0,78.81,67.47
2019,35,Nantes,Bouches-du-Rhône,Hors EP,6e,Français,25,28,-17.53,0,84.92,73.1
2019,35,Nantes,Bouches-du-Rhône,Hors EP,6e,Mathématiques,26,28,-17.53,0,78.1,65.33
2019,36,Paris,Gironde,Hors EP,CP,Français,19,23,3.89,0,69.38,60.78
2019,36,Paris,Gironde,Hors EP,CP,Mathématiques,22,23,3.89,0,74.3,65.62
2019,36,Paris,Gironde,Hors EP,CE1,Français,24,23,3.89,0,69.99,62.52
2019,36,Paris,Gironde,Hors EP,CE1,Mathématiques,21,23,3.89,0,71.1,58.66
2019,36,Paris,Gironde,Hors EP,CM1,Français,23,23,3.89,0,67.55,55.29
2019,36,Paris,Gironde,Hors EP,CM1,Mathématiques,28,23,3.89,0,75.3,72.8
2019,36,Paris,Gironde,Hors EP,CM2,Français,27,23,3.89,0,83.49,69.51
2019,36,Paris,Gironde,Hors EP,CM2,Mathématiques,21,23,3.89,0,88.03,75.18
2019,36,Paris,Gironde,Hors EP,6e,Français,30,23,3.89,0,81.12,80.03
2019,36,Paris,Gironde,Hors EP,6e,Mathématiques,24,23,3.89,0,91.18,85.48
2019,37,Lyon,Hérault,Hors EP,CP,Français,25,22,-14.76,0,64.14,58.88
2019,37,Lyon,Hérault,Hors EP,CP,Mathématiques,24,22,-14.76,0,54.57,58.54
2019,37,Lyon,Hérault,Hors EP,CE1,Français,22,22,-14.76,0,74.12,68.51
2019,37,Lyon,Hérault,Hors EP,CE1,Mathématiques,26,22,-14.76,0,64.66,48.35
2019,37,Lyon,Hérault,Hors EP,CM1,Français,23,22,-14.76,0,77.73,62.69
2019,37,Lyon,Hérault,Hors EP,CM1,Mathématiques,23,22,-14.76,0,72.2,57.39
2019,37,Lyon,Hérault,Hors EP,CM2,Français,25,22,-14.76,0,77.49,65.66
2019,37,Lyon,Hérault,Hors EP,CM2,Mathématiques,22,22,-14.76,0,85.29,72.79
2019,37,Lyon,Hérault,Hors EP,6e,Français,23,22,-14.76,0,84.85,75.01
2019,37,Lyon,Hérault,Hors EP,6e,Mathématiques,26,22,-14.76,0,84.04,75.58
2019,38,Lille,Loire,Hors EP,CP,Français,18,23,-2.46,0,68.01,51.89
2019,38,Lille,Loire,Hors EP,CP,Mathématiques,17,23,-2.46,0,68.65,61.34
2019,38,Lille,Loire,Hors EP,CE1,Français,18,23,-2.46,0,77.16,65.3
2019,38,Lille,Loire,Hors EP,CE1,Mathématiques,23,23,-2.46,0,68.58,65.11
2019,38,Lille,Loire,Hors EP,CM1,Français,21,23,-2.46,0,73.8,64.73
2019,38,Lille,Loire,Hors EP,CM1,Mathématiques,17,23,-2.46,0,79.32,65.21
2019,38,Lille,Loire,Hors EP,CM2,Français,21,23,-2.46,0,79.06,68.84
2019,38,Lille,Loire,Hors EP,CM2,Mathématiques,21,23,-2.46,0,86.19,69.79
2019,38,Lille,Loire,Hors EP,6e,Français,20,23,-2.46,0,91.83,85.18
2019,38,Lille,Loire,Hors EP,6e,Mathématiques,16,23,-2.46,0,85.7,87.3
2019,39,Bordeaux,Maine-et-Loire,REP+,CP,Français,13,14,-33.23,1,59.76,51.08
2019,39,Bordeaux,Maine-et-Loire,REP+,CP,Mathématiques,12,14,-33.23,1,57.27,45.19
2019,39,Bordeaux,Maine-et-Loire,REP+,CE1,Français,12,14,-33.23,1,59.09,51.42
2019,39,Bordeaux,Maine-et-Loire,REP+,CE1,Mathématiques,12,14,-33.23,1,51.43,51.04
2019,39,Bordeaux,Maine-et-Loire,REP+,CM1,Français,12,14,-33.23,1,68.58,62.64
2019,39,Bordeaux,Maine-et-Loire,REP+,CM1,Mathématiques,13,14,-33.23,1,56.6,55.95
2019,39,Bordeaux,Maine-et-Loire,REP+,CM2,Français,12,14,-33.23,1,70.36,68.09
2019,39,Bordeaux,Maine-et-Loire,REP+,CM2,Mathématiques,12,14,-33.23,1,74.19,72.67
2019,39,Bordeaux,Maine-et-Loire,REP+,6e,Français,14,14,-33.23,1,71.7,52.82
2019,39,Bordeaux,Maine-et-Loire,REP+,6e,Mathématiques,15,14,-33.23,1,73.61,61.33
2019,40,Nantes,Moselle,Hors EP,CP,Français,18,25,6.3,0,73.36,70.33
2019,40,Nantes,Moselle,Hors EP,CP,Mathématiques,22,25,6.3,0,72.87,70.22
2019,40,Nantes,Moselle,Hors EP,CE1,Français,21,25,6.3,0,64.64,53.43
2019,40,Nantes,Moselle,Hors EP,CE1,Mathématiques,23,25,6.3,0,63.38,56.46
2019,40,Nantes,Moselle,Hors EP,CM1,Français,22,25,6.3,0,86.87,71.2
2019,40,Nantes,Moselle,Hors EP,CM1,Mathématiques,19,25,6.3,0,79.72,70.96
2019,40,Nantes,Moselle,Hors EP,CM2,Français,21,25,6.3,0,90.88,72.8
2019,40,Nantes,Moselle,Hors EP,CM2,Mathématiques,21,25,6.3,0,85.16,70.91
2019,40,Nantes,Moselle,Hors EP,6e,Français,23,25,6.3,0,90.03,80.16
2019,40,Nantes,Moselle,Hors EP,6e,Mathématiques,21,25,6.3,0,89.85,72.94
2019,41,Paris,Nord,Hors EP,CP,Français,28,31,-12.28,0,51.94,47.45
2019,41,Paris,Nord,Hors EP,CP,Mathématiques,30,31,-12.28,0,57.26,54.53
2019,41,Paris,Nord,Hors EP,CE1,Français,20,31,-12.28,0,72.06,65.69
2019,41,Paris,Nord,Hors EP,CE1,Mathématiques,29,31,-12.28,0,67.06,59.55
2019,41,Paris,Nord,Hors EP,CM1,Français,28,31,-12.28,0,66.63,59.29
2019,41,Paris,Nord,Hors EP,CM1,Mathématiques,25,31,-12.28,0,64.01,53.1
2019,41,Paris,Nord,Hors EP,CM2,Français,32,31,-12.28,0,72.81,65.61
2019,41,Paris,Nord,Hors EP,CM2,Mathématiques,27,31,-12.28,0,67.47,65.56
2019,41,Paris,Nord,Hors EP,6e,Français,23,31,-12.28,0,84.63,72.28
2019,41,Paris,Nord,Hors EP,6e,Mathématiques,29,31,-12.28,0,75.46,57.12
2019,42,Lyon,Paris,REP,CP,Français,15,21,11.64,1,70.85,63.97
2019,42,Lyon,Paris,REP,CP,Mathématiques,20,21,11.64,0,55.1,56.42
2019,42,Lyon,Paris,REP,CE1,Français,18,21,11.64,1,75.45,58.79
2019,42,Lyon,Paris,REP,CE1,Mathématiques,12,21,11.64,1,72.2,66.25
2019,42,Lyon,Paris,REP,CM1,Français,19,21,11.64,0,67.23,68.17
2019,42,Lyon,Paris,REP,CM1,Mathématiques,17,21,11.64,1,78.39,71.28
2019,42,Lyon,Paris,REP,CM2,Français,22,21,11.64,0,70.47,59.65
2019,42,Lyon,Paris,REP,CM2,Mathématiques,14,21,11.64,1,88.48,77.28
2019,42,Lyon,Paris,REP,6e,Français,19,21,11.64,0,93.62,80.29
2019,42,Lyon,Paris,REP,6e,Mathématiques,15,21,11.64,1,85.62,68.34
2019,43,Lille,Puy-de-Dôme,Hors EP,CP,Français,27,24,-16.72,0,64.34,57.62
2019,43,Lille,Puy-de-Dôme,Hors EP,CP,Mathématiques,25,24,-16.72,0,63.91,59.84
2019,43,Lille,Puy-de-Dôme,Hors EP,CE1,Français,25,24,-16.72,0,69.4,65.54
2019,43,Lille,Puy-de-Dôme,Hors EP,CE1,Mathématiques,25,24,-16.72,0,66.53,59.14
2019,43,Lille,Puy-de-Dôme,Hors EP,CM1,Français,27,24,-16.72,0,70.84,65.13
2019,43,Lille,Puy-de-Dôme,Hors EP,CM1,Mathématiques,24,24,-16.72,0,69.95,58.53
2019,43,Lille,Puy-de-Dôme,Hors EP,CM2,Français,22,24,-16.72,0,80.28,62.3
2019,43,Lille,Puy-de-Dôme,Hors EP,CM2,Mathématiques,21,24,-16.72,0,81.59,76.81
2019,43,Lille,Puy-de-Dôme,Hors EP,6e,Français,24,24,-16.72,0,74.0,68.52
2019,43,Lille,Puy-de-Dôme,Hors EP,6e,Mathématiques,22,24,-16.72,0,86.53,73.77
2019,44,Bordeaux,Saône-et-Loire,Hors EP,CP,Français,24,22,16.13,0,74.52,70.37
2019,44,Bordeaux,Saône-et-Loire,Hors EP,CP,Mathématiques,26,22,16.13,0,56.8,59.2
2019,44,Bordeaux,Saône-et-Loire,Hors EP,CE1,Français,23,22,16.13,0,77.76,63.01
2019,44,Bordeaux,Saône-et-Loire,Hors EP,CE1,Mathématiques,21,22,16.13,0,82.23,66.13
2019,44,Bordeaux,Saône-et-Loire,Hors EP,CM1,Français,27,22,16.13,0,77.47,65.58
2019,44,Bordeaux,Saône-et-Loire,Hors EP,CM1,Mathématiques,24,22,16.13,0,70.78,63.06
2019,44,Bordeaux,Saône-et-Loire,Hors EP,CM2,Français,21,22,16.13,0,85.56,77.8
2019,44,Bordeaux,Saône-et-Loire,Hors EP,CM2,Mathématiques,25,22,16.13,0,74.07,69.62
2019,44,Bordeaux,Saône-et-Loire,Hors EP,6e,Français,24,22,16.13,0,87.2,78.03
2019,44,Bordeaux,Saône-et-Loire,Hors EP,6e,Mathématiques,24,22,16.13,0,81.39,79.58
2019,45,Nantes,Ain,REP+,CP,Français,16,17,14.16,1,54.85,48.9
2019,45,Nantes,Ain,REP+,CP,Mathématiques,20,17,14.16,0,51.74,48.91
2019,45,Nantes,Ain,REP+,CE1,Français,20,17,14.16,0,58.36,53.36
2019,45,Nantes,Ain,REP+,CE1,Mathématiques,17,17,14.16,1,64.28,54.55
2019,45,Nantes,Ain,REP+,CM1,Français,17,17,14.16,1,73.19,56.33
2019,45,Nantes,Ain,REP+,CM1,Mathématiques,17,17,14.16,1,67.44,66.0
2019,45,Nantes,Ain,REP+,CM2,Français,12,17,14.16,1,75.08,63.65
2019,45,Nantes,Ain,REP+,CM2,Mathématiques,19,17,14.16,0,63.7,67.3
2019,45,Nantes,Ain,REP+,6e,Français,19,17,14.16,0,70.05,63.83
2019,45,Nantes,Ain,REP+,6e,Mathématiques,16,17,14.16,1,82.67,64.55
2019,46,Paris,Bas-Rhin,REP,CP,Français,24,23,-26.42,0,49.9,39.51
2019,46,Paris,Bas-Rhin,REP,CP,Mathématiques,13,23,-26.42,1,55.05,52.33
2019,46,Paris,Bas-Rhin,REP,CE1,Français,21,23,-26.42,0,60.08,53.11
2019,46,Paris,Bas-Rhin,REP,CE1,Mathématiques,18,23,-26.42,1,64.07,58.74
2019,46,Paris,Bas-Rhin,REP,CM1,Français,22,23,-26.42,0,58.78,59.48
2019,46,Paris,Bas-Rhin,REP,CM1,Mathématiques,19,23,-26.42,0,58.12,51.81
2019,46,Paris,Bas-Rhin,REP,CM2,Français,24,23,-26.42,0,64.93,55.68
2019,46,Paris,Bas-Rhin,REP,CM2,Mathématiques,23,23,-26.42,0,73.07,65.74
2019,46,Paris,Bas-Rhin,REP,6e,Français,24,23,-26.42,0,75.19,63.1
2019,46,Paris,Bas-Rhin,REP,6e,Mathématiques,21,23,-26.42,0,64.46,57.81
2019,47,Lyon,Bouches-du-Rhône,Hors EP,CP,Français,24,25,-3.45,0,66.75,51.07
2019,47,Lyon,Bouches-du-Rhône,Hors EP,CP,Mathématiques,21,25,-3.45,0,60.15,57.12
2019,47,Lyon,Bouches-du-Rhône,Hors EP,CE1,Français,24,25,-3.45,0,72.44,60.32
2019,47,Lyon,Bouches-du-Rhône,Hors EP,CE1,Mathématiques,24,25,-3.45,0,66.17,54.31
2019,47,Lyon,Bouches-du-Rhône,Hors EP,CM1,Français,25,25,-3.45,0,80.07,74.19
2019,47,Lyon,Bouches-du-Rhône,Hors EP,CM1,Mathématiques,21,25,-3.45,0,82.29,68.49
2019,47,Lyon,Bouches-du-Rhône,Hors EP,CM2,Français,25,25,-3.45,0,79.09,67.66
2019,47,Lyon,Bouches-du-Rhône,Hors EP,CM2,Mathématiques,17,25,-3.45,0,83.33,72.12
2019,47,Lyon,Bouches-du-Rhône,Hors EP,6e,Français,22,25,-3.45,0,96.99,75.14
2019,47,Lyon,Bouches-du-Rhône,Hors EP,6e,Mathématiques,22,25,-3.45,0,82.01,67.95
2019,48,Lille,Gironde,REP,CP,Français,21,26,-8.68,0,61.24,62.25
2019,48,Lille,Gironde,REP,CP,Mathématiques,24,26,-8.68,0,43.38,37.96
2019,48,Lille,Gironde,REP,CE1,Français,24,26,-8.68,0,59.13,44.88
2019,48,Lille,Gironde,REP,CE1,Mathématiques,23,26,-8.68,0,61.84,55.96
2019,48,Lille,Gironde,REP,CM1,Français,28,26,-8.68,0,61.98,51.72
2019,48,Lille,Gironde,REP,CM1,Mathématiques,23,26,-8.68,0,59.98,51.02
2019,48,Lille,Gironde,REP,CM2,Français,22,26,-8.68,0,76.24,61.96
2019,48,Lille,Gironde,REP,CM2,Mathématiques,27,26,-8.68,0,59.99,55.67
2019,48,Lille,Gironde,REP,6e,Français,25,26,-8.68,0,69.07,64.8
2019,48,Lille,Gironde,REP,6e,Mathématiques,19,26,-8.68,0,76.14,54.43
2019,49,Bordeaux,Hérault,Hors EP,CP,Français,24,26,-15.58,0,62.73,58.59
2019,49,Bordeaux,Hérault,Hors EP,CP,Mathématiques,22,26,-15.58,0,64.57,60.47
2019,49,Bordeaux,Hérault,Hors EP,CE1,Français,26,26,-15.58,0,70.39,63.99
2019,49,Bordeaux,Hérault,Hors EP,CE1,Mathématiques,26,26,-15.58,0,56.32,53.96
2019,49,Bordeaux,Hérault,Hors EP,CM1,Français,25,26,-15.58,0,72.33,66.58
2019,49,Bordeaux,Hérault,Hors EP,CM1,Mathématiques,31,26,-15.58,0,66.36,62.89
2019,49,Bordeaux,Hérault,Hors EP,CM2,Français,23,26,-15.58,0,82.84,71.03
2019,49,Bordeaux,Hérault,Hors EP,CM2,Mathématiques,30,26,-15.58,0,70.0,61.39
2019,49,Bordeaux,Hérault,Hors EP,6e,Français,30,26,-15.58,0,80.02,63.87
2019,49,Bordeaux,Hérault,Hors EP,6e,Mathématiques,33,26,-15.58,0,69.88,62.19
2019,50,Nantes,Loire,Hors EP,CP,Français,24,23,-2.22,0,62.41,68.19
2019,50,Nantes,Loire,Hors EP,CP,Mathématiques,24,23,-2.22,0,67.12,58.97
2019,50,Nantes,Loire,Hors EP,CE1,Français,24,23,-2.22,0,69.38,54.43
2019,50,Nantes,Loire,Hors EP,CE1,Mathématiques,25,23,-2.22,0,65.7,65.54
2019,50,Nantes,Loire,Hors EP,CM1,Français,22,23,-2.22,0,76.64,62.62
2019,50,Nantes,Loire,Hors EP,CM1,Mathématiques,29,23,-2.22,0,66.02,62.71
2019,50,Nantes,Loire,Hors EP,CM2,Français,27,23,-2.22,0,79.08,61.89
2019,50,Nantes,Loire,Hors EP,CM2,Mathématiques,22,23,-2.22,0,85.1,66.57
2019,50,Nantes,Loire,Hors EP,6e,Français,26,23,-2.22,0,86.15,75.47
2019,50,Nantes,Loire,Hors EP,6e,Mathématiques,26,23,-2.22,0,78.43,63.46
2019,51,Paris,Maine-et-Loire,REP,CP,Français,15,19,7.79,1,71.14,70.34
2019,51,Paris,Maine-et-Loire,REP,CP,Mathématiques,18,19,7.79,1,70.52,63.72
2019,51,Paris,Maine-et-Loire,REP,CE1,Français,22,19,7.79,0,55.65,52.8
2019,51,Paris,Maine-et-Loire,REP,CE1,Mathématiques,20,19,7.79,0,58.38,60.46
2019,51,Paris,Maine-et-Loire,REP,CM1,Français,17,19,7.79,1,88.35,85.69
2019,51,Paris,Maine-et-Loire,REP,CM1,Mathématiques,19,19,7.79,0,68.62,67.62
2019,51,Paris,Maine-et-Loire,REP,CM2,Français,15,19,7.79,1,78.13,74.41
2019,51,Paris,Maine-et-Loire,REP,CM2,Mathématiques,19,19,7.79,0,70.11,62.73
2019,51,Paris,Maine-et-Loire,REP,6e,Français,12,19,7.79,1,88.18,71.19
2019,51,Paris,Maine-et-Loire,REP,6e,Mathématiques,20,19,7.79,0,79.71,72.09
2019,52,Lyon,Moselle,Hors EP,CP,Français,23,21,7.55,0,79.04,60.28
2019,52,Lyon,Moselle,Hors EP,CP,Mathématiques,19,21,7.55,0,66.77,61.26
2019,52,Lyon,Moselle,Hors EP,CE1,Français,20,21,7.55,0,75.15,71.24
2019,52,Lyon,Moselle,Hors EP,CE1,Mathématiques,17,21,7.55,0,70.32,57.7
2019,52,Lyon,Moselle,Hors EP,CM1,Français,19,21,7.55,0,77.58,67.51
2019,52,Lyon,Moselle,Hors EP,CM1,Mathématiques,20,21,7.55,0,75.67,70.82
2019,52,Lyon,Moselle,Hors EP,CM2,Français,20,21,7.55,0,91.99,76.58
2019,52,Lyon,Moselle,Hors EP,CM2,Mathématiques,20,21,7.55,0,81.67,70.5
2019,52,Lyon,Moselle,Hors EP,6e,Français,22,21,7.55,0,88.56,77.81
2019,52,Lyon,Moselle,Hors EP,6e,Mathématiques,18,21,7.55,0,94.42,76.31
2019,53,Lille,Nord,Hors EP,CP,Français,20,23,-13.85,0,66.87,53.55
2019,53,Lille,Nord,Hors EP,CP,Mathématiques,21,23,-13.85,0,68.54,61.58
2019,53,Lille,Nord,Hors EP,CE1,Français,23,23,-13.85,0,69.2,59.07
2019,53,Lille,Nord,Hors EP,CE1,Mathématiques,28,23,-13.85,0,60.13,49.28
2019,53,Lille,Nord,Hors EP,CM1,Français,26,23,-13.85,0,73.27,75.02
2019,53,Lille,Nord,Hors EP,CM1,Mathématiques,23,23,-13.85,0,77.75,73.28
2019,53,Lille,Nord,Hors EP,CM2,Français,23,23,-13.85,0,78.59,72.15
2019,53,Lille,Nord,Hors EP,CM2,Mathématiques,25,23,-13.85,0,70.79,57.5
2019,53,Lille,Nord,Hors EP,6e,Français,18,23,-13.85,0,94.12,77.69
2019,53,Lille,Nord,Hors EP,6e,Mathématiques,24,23,-13.85,0,75.43,60.8
2019,54,Bordeaux,Paris,REP,CP,Français,24,18,7.0,0,54.45,57.6
2019,54,Bordeaux,Paris,REP,CP,Mathématiques,16,18,7.0,1,58.4,52.95
2019,54,Bordeaux,Paris,REP,CE1,Français,14,18,7.0,1,73.01,60.74
2019,54,Bordeaux,Paris,REP,CE1,Mathématiques,13,18,7.0,1,77.75,65.18
2019,54,Bordeaux,Paris,REP,CM1,Français,14,18,7.0,1,82.98,67.78
2019,54,Bordeaux,Paris,REP,CM1,Mathématiques,21,18,7.0,0,60.94,53.73
2019,54,Bordeaux,Paris,REP,CM2,Français,19,18,7.0,0,76.71,71.01
2019,54,Bordeaux,Paris,REP,CM2,Mathématiques,18,18,7.0,1,83.32,75.39
2019,54,Bordeaux,Paris,REP,6e,Français,19,18,7.0,0,78.4,61.08
2019,54,Bordeaux,Paris,REP,6e,Mathématiques,19,18,7.0,0,76.23,64.77
2019,55,Nantes,Puy-de-Dôme,Hors EP,CP,Français,21,22,-0.27,0,68.59,53.31
2019,55,Nantes,Puy-de-Dôme,Hors EP,CP,Mathématiques,20,22,-0.27,0,69.77,65.83
2019,55,Nantes,Puy-de-Dôme,Hors EP,CE1,Français,20,22,-0.27,0,65.4,51.76
2019,55,Nantes,Puy-de-Dôme,Hors EP,CE1,Mathématiques,25,22,-0.27,0,62.85,64.87
2019,55,Nantes,Puy-de-Dôme,Hors EP,CM1,Français,18,22,-0.27,0,82.25,74.05
2019,55,Nantes,Puy-de-Dôme,Hors EP,CM1,Mathématiques,18,22,-0.27,0,87.23,74.7
2019,55,Nantes,Puy-de-Dôme,Hors EP,CM2,Français,21,22,-0.27,0,84.16,75.52
2019,55,Nantes,Puy-de-Dôme,Hors EP,CM2,Mathématiques,24,22,-0.27,0,79.08,77.42
2019,55,Nantes,Puy-de-Dôme,Hors EP,6e,Français,18,22,-0.27,0,96.51,83.07
2019,55,Nantes,Puy-de-Dôme,Hors EP,6e,Mathématiques,17,22,-0.27,0,91.03,76.94
2019,56,Paris,Saône-et-Loire,REP,CP,Français,21,21,-0.87,0,55.89,51.17
2019,56,Paris,Saône-et-Loire,REP,CP,Mathématiques,21,21,-0.87,0,50.4,62.55
2019,56,Paris,Saône-et-Loire,REP,CE1,Français,17,21,-0.87,1,69.36,59.64
2019,56,Paris,Saône-et-Loire,REP,CE1,Mathématiques,26,21,-0.87,0,46.85,48.99
2019,56,Paris,Saône-et-Loire,REP,CM1,Français,22,21,-0.87,0,66.9,66.67
2019,56,Paris,Saône-et-Loire,REP,CM1,Mathématiques,24,21,-0.87,0,58.57,55.8
2019,56,Paris,Saône-et-Loire,REP,CM2,Français,16,21,-0.87,1,83.44,67.77
2019,56,Paris,Saône-et-Loire,REP,CM2,Mathématiques,21,21,-0.87,0,60.71,58.31
2019,56,Paris,Saône-et-Loire,REP,6e,Français,17,21,-0.87,1,88.66,69.16
2019,56,Paris,Saône-et-Loire,REP,6e,Mathématiques,19,21,-0.87,0,80.29,72.54
2019,57,Lyon,Ain,REP,CP,Français,21,23,17.99,0,61.92,54.64
2019,57,Lyon,Ain,REP,CP,Mathématiques,23,23,17.99,0,56.52,58.16
2019,57,Lyon,Ain,REP,CE1,Français,27,23,17.99,0,58.13,55.19
2019,57,Lyon,Ain,REP,CE1,Mathématiques,26,23,17.99,0,56.43,56.08
2019,57,Lyon,Ain,REP,CM1,Français,26,23,17.99,0,67.85,53.0
2019,57,Lyon,Ain,REP,CM1,Mathématiques,25,23,17.99,0,55.73,54.28
2019,57,Lyon,Ain,REP,CM2,Français,29,23,17.99,0,64.23,59.31
2019,57,Lyon,Ain,REP,CM2,Mathématiques,27,23,17.99,0,55.85,50.37
2019,57,Lyon,Ain,REP,6e,Français,26,23,17.99,0,61.02,51.61
2019,57,Lyon,Ain,REP,6e,Mathématiques,28,23,17.99,0,73.77,67.04
2019,58,Lille,Bas-Rhin,Hors EP,CP,Français,25,23,-3.79,0,63.5,64.5
2019,58,Lille,Bas-Rhin,Hors EP,CP,Mathématiques,29,23,-3.79,0,65.96,57.81
2019,58,Lille,Bas-Rhin,Hors EP,CE1,Français,23,23,-3.79,0,77.89,70.69
2019,58,Lille,Bas-Rhin,Hors EP,CE1,Mathématiques,26,23,-3.79,0,63.59,60.37
2019,58,Lille,Bas-Rhin,Hors EP,CM1,Français,22,23,-3.79,0,81.9,77.59
2019,58,Lille,Bas-Rhin,Hors EP,CM1,Mathématiques,29,23,-3.79,0,72.93,57.68
2019,58,Lille,Bas-Rhin,Hors EP,CM2,Français,25,23,-3.79,0,90.97,72.52
2019,58,Lille,Bas-Rhin,Hors EP,CM2,Mathématiques,25,23,-3.79,0,84.71,75.69
2019,58,Lille,Bas-Rhin,Hors EP,6e,Français,31,23,-3.79,0,77.65,62.85
2019,58,Lille,Bas-Rhin,Hors EP,6e,Mathématiques,28,23,-3.79,0,75.26,65.2
2019,59,Bordeaux,Bouches-du-Rhône,Hors EP,CP,Français,26,26,5.48,0,72.03,84.11
2019,59,Bordeaux,Bouches-du-Rhône,Hors EP,CP,Mathématiques,29,26,5.48,0,61.31,50.2
2019,59,Bordeaux,Bouches-du-Rhône,Hors EP,CE1,Français,25,26,5.48,0,70.5,60.26
2019,59,Bordeaux,Bouches-du-Rhône,Hors EP,CE1,Mathématiques,27,26,5.48,0,74.66,72.0
2019,59,Bordeaux,Bouches-du-Rhône,Hors EP,CM1,Français,27,26,5.48,0,70.22,69.44
2019,59,Bordeaux,Bouches-du-Rhône,Hors EP,CM1,Mathématiques,27,26,5.48,0,64.89,62.69
2019,59,Bordeaux,Bouches-du-Rhône,Hors EP,CM2,Français,30,26,5.48,0,67.04,56.47
2019,59,Bordeaux,Bouches-du-Rhône,Hors EP,CM2,Mathématiques,27,26,5.48,0,80.96,67.48
2019,59,Bordeaux,Bouches-du-Rhône,Hors EP,6e,Français,25,26,5.48,0,90.73,74.36
2019,59,Bordeaux,Bouches-du-Rhône,Hors EP,6e,Mathématiques,28,26,5.48,0,76.76,60.43
2019,60,Nantes,Gironde,Hors EP,CP,Français,23,27,-6.39,0,73.96,57.68
2019,60,Nantes,Gironde,Hors EP,CP,Mathématiques,28,27,-6.39,0,66.28,64.37
2019,60,Nantes,Gironde,Hors EP,CE1,Français,23,27,-6.39,0,68.16,60.3
2019,60,Nantes,Gironde,Hors EP,CE1,Mathématiques,22,27,-6.39,0,65.41,62.7
2019,60,Nantes,Gironde,Hors EP,CM1,Français,27,27,-6.39,0,69.51,65.65
2019,60,Nantes,Gironde,Hors EP,CM1,Mathématiques,26,27,-6.39,0,78.93,71.52
2019,60,Nantes,Gironde,Hors EP,CM2,Français,28,27,-6.39,0,80.48,74.63
2019,60,Nantes,Gironde,Hors EP,CM2,Mathématiques,22,27,-6.39,0,80.19,69.33
2019,60,Nantes,Gironde,Hors EP,6e,Français,24,27,-6.39,0,88.93,78.64
2019,60,Nantes,Gironde,Hors EP,6e,Mathématiques,26,27,-6.39,0,81.34,66.63
2019,61,Paris,Hérault,Hors EP,CP,Français,21,28,-2.32,0,70.28,61.8
2019,61,Paris,Hérault,Hors EP,CP,Mathématiques,24,28,-2.32,0,71.55,57.87
2019,61,Paris,Hérault,Hors EP,CE1,Français,27,28,-2.32,0,78.56,73.81
2019,61,Paris,Hérault,Hors EP,CE1,Mathématiques,25,28,-2.32,0,62.42,50.63
2019,61,Paris,Hérault,Hors EP,CM1,Français,24,28,-2.32,0,74.33,61.95
2019,61,Paris,Hérault,Hors EP,CM1,Mathématiques,24,28,-2.32,0,73.96,67.72
2019,61,Paris,Hérault,Hors EP,CM2,Français,22,28,-2.32,0,81.15,69.38
2019,61,Paris,Hérault,Hors EP,CM2,Mathématiques,25,28,-2.32,0,86.78,75.18
2019,61,Paris,Hérault,Hors EP,6e,Français,21,28,-2.32,0,92.0,80.29
2019,61,Paris,Hérault,Hors EP,6e,Mathématiques,25,28,-2.32,0,78.06,76.87
2019,62,Lyon,Loire,Hors EP,CP,Français,30,29,7.21,0,65.69,56.88
2019,62,Lyon,Loire,Hors EP,CP,Mathématiques,29,29,7.21,0,58.23,55.41
2019,62,Lyon,Loire,Hors EP,CE1,Français,23,29,7.21,0,68.82,62.05
2019,62,Lyon,Loire,Hors EP,CE1,Mathématiques,27,29,7.21,0,59.2,57.75
2019,62,Lyon,Loire,Hors EP,CM1,Français,24,29,7.21,0,84.32,70.58
2019,62,Lyon,Loire,Hors EP,CM1,Mathématiques,23,29,7.21,0,76.81,62.65
2019,62,Lyon,Loire,Hors EP,CM2,Français,29,29,7.21,0,79.07,68.01
2019,62,Lyon,Loire,Hors EP,CM2,Mathématiques,27,29,7.21,0,73.34,58.43
2019,62,Lyon,Loire,Hors EP,6e,Français,27,29,7.21,0,80.92,64.52
2019,62,Lyon,Loire,Hors EP,6e,Mathématiques,28,29,7.21,0,84.33,66.07
2019,63,Lille,Maine-et-Loire,REP,CP,Français,16,17,10.87,1,72.0,57.18
2019,63,Lille,Maine-et-Loire,REP,CP,Mathématiques,15,17,10.87,1,66.88,62.74
2019,63,Lille,Maine-et-Loire,REP,CE1,Français,17,17,10.87,1,74.52,66.07
2019,63,Lille,Maine-et-Loire,REP,CE1,Mathématiques,17,17,10.87,1,69.07,59.84
2019,63,Lille,Maine-et-Loire,REP,CM1,Français,18,17,10.87,1,81.25,71.24
2019,63,Lille,Maine-et-Loire,REP,CM1,Mathématiques,14,17,10.87,1,71.91,65.89
2019,63,Lille,Maine-et-Loire,REP,CM2,Français,21,17,10.87,0,73.39,62.85
2019,63,Lille,Maine-et-Loire,REP,CM2,Mathématiques,18,17,10.87,1,76.29,73.42
2019,63,Lille,Maine-et-Loire,REP,6e,Français,17,17,10.87,1,86.39,72.91
2019,63,Lille,Maine-et-Loire,REP,6e,Mathématiques,16,17,10.87,1,92.31,76.76
2019,64,Bordeaux,Moselle,REP,CP,Français,23,26,2.32,0,47.89,48.83
2019,64,Bordeaux,Moselle,REP,CP,Mathématiques,22,26,2.32,0,53.36,51.47
2019,64,Bordeaux,Moselle,REP,CE1,Français,23,26,2.32,0,64.9,53.23
2019,64,Bordeaux,Moselle,REP,CE1,Mathématiques,21,26,2.32,0,60.68,58.67
2019,64,Bordeaux,Moselle,REP,CM1,Français,23,26,2.32,0,77.27,70.61
2019,64,Bordeaux,Moselle,REP,CM1,Mathématiques,25,26,2.32,0,58.7,49.95
2019,64,Bordeaux,Moselle,REP,CM2,Français,21,26,2.32,0,74.88,67.95
2019,64,Bordeaux,Moselle,REP,CM2,Mathématiques,23,26,2.32,0,65.91,57.95
2019,64,Bordeaux,Moselle,REP,6e,Français,22,26,2.32,0,79.04,72.95
2019,64,Bordeaux,Moselle,REP,6e,Mathématiques,19,26,2.32,0,78.91,65.4
2019,65,Nantes,Nord,Hors EP,CP,Français,23,25,-5.02,0,70.73,58.73
2019,65,Nantes,Nord,Hors EP,CP,Mathématiques,23,25,-5.02,0,63.8,55.81
2019,65,Nantes,Nord,Hors EP,CE1,Français,22,25,-5.02,0,77.9,64.98
2019,65,Nantes,Nord,Hors EP,CE1,Mathématiques,24,25,-5.02,0,69.51,55.28
2019,65,Nantes,Nord,Hors EP,CM1,Français,24,25,-5.02,0,70.74,66.24
2019,65,Nantes,Nord,Hors EP,CM1,Mathématiques,22,25,-5.02,0,75.94,60.16
2019,65,Nantes,Nord,Hors EP,CM2,Français,23,25,-5.02,0,87.17,70.24
2019,65,Nantes,Nord,Hors EP,CM2,Mathématiques,21,25,-5.02,0,83.84,74.41
2019,65,Nantes,Nord,Hors EP,6e,Français,17,25,-5.02,0,100.0,85.64
2019,65,Nantes,Nord,Hors EP,6e,Mathématiques,25,25,-5.02,0,82.55,61.86
2019,66,Paris,Paris,REP,CP,Français,17,20,-2.84,1,68.83,57.93
2019,66,Paris,Paris,REP,CP,Mathématiques,20,20,-2.84,0,48.61,59.28
2019,66,Paris,Paris,REP,CE1,Français,24,20,-2.84,0,64.71,65.38
2019,66,Paris,Paris,REP,CE1,Mathématiques,18,20,-2.84,1,74.01,64.85
2019,66,Paris,Paris,REP,CM1,Français,14,20,-2.84,1,84.52,78.12
2019,66,Paris,Paris,REP,CM1,Mathématiques,18,20,-2.84,1,69.25,59.16
2019,66,Paris,Paris,REP,CM2,Français,13,20,-2.84,1,87.01,66.15
2019,66,Paris,Paris,REP,CM2,Mathématiques,19,20,-2.84,0,66.06,52.79
2019,66,Paris,Paris,REP,6e,Français,19,20,-2.84,0,76.36,71.11
2019,66,Paris,Paris,REP,6e,Mathématiques,15,20,-2.84,1,81.35,58.38
2019,67,Lyon,Puy-de-Dôme,Hors EP,CP,Français,27,28,1.11,0,63.79,62.75
2019,67,Lyon,Puy-de-Dôme,Hors EP,CP,Mathématiques,28,28,1.11,0,62.3,57.3
2019,67,Lyon,Puy-de-Dôme,Hors EP,CE1,Français,28,28,1.11,0,65.87,61.26
2019,67,Lyon,Puy-de-Dôme,Hors EP,CE1,Mathématiques,27,28,1.11,0,68.17,59.0
2019,67,Lyon,Puy-de-Dôme,Hors EP,CM1,Français,29,28,1.11,0,79.56,68.26
2019,67,Lyon,Puy-de-Dôme,Hors EP,CM1,Mathématiques,31,28,1.11,0,60.47,53.77
2019,67,Lyon,Puy-de-Dôme,Hors EP,CM2,Français,29,28,1.11,0,86.99,64.35
2019,67,Lyon,Puy-de-Dôme,Hors EP,CM2,Mathématiques,29,28,1.11,0,81.89,66.76
2019,67,Lyon,Puy-de-Dôme,Hors EP,6e,Français,28,28,1.11,0,85.73,74.22
2019,67,Lyon,Puy-de-Dôme,Hors EP,6e,Mathématiques,33,28,1.11,0,78.75,75.19
2019,68,Lille,Saône-et-Loire,REP,CP,Français,19,20,-13.91,0,54.79,48.9
2019,68,Lille,Saône-et-Loire,REP,CP,Mathématiques,19,20,-13.91,0,48.38,51.75
2019,68,Lille,Saône-et-Loire,REP,CE1,Français,17,20,-13.91,1,75.65,64.48
2019,68,Lille,Saône-et-Loire,REP,CE1,Mathématiques,20,20,-13.91,0,57.44,57.78
2019,68,Lille,Saône-et-Loire,REP,CM1,Français,18,20,-13.91,1,68.95,66.93
2019,68,Lille,Saône-et-Loire,REP,CM1,Mathématiques,18,20,-13.91,1,76.98,70.8
2019,68,Lille,Saône-et-Loire,REP,CM2,Français,16,20,-13.91,1,77.31,70.85
2019,68,Lille,Saône-et-Loire,REP,CM2,Mathématiques,17,20,-13.91,1,82.64,70.31
2019,68,Lille,Saône-et-Loire,REP,6e,Français,21,20,-13.91,0,76.64,68.55
2019,68,Lille,Saône-et-Loire,REP,6e,Mathématiques,17,20,-13.91,1,84.48,78.41
2019,69,Bordeaux,Ain,Hors EP,CP,Français,30,23,1.5,0,67.89,61.56
2019,69,Bordeaux,Ain,Hors EP,CP,Mathématiques,27,23,1.5,0,59.02,54.27
2019,69,Bordeaux,Ain,Hors EP,CE1,Français,27,23,1.5,0,73.01,68.39
2019,69,Bordeaux,Ain,Hors EP,CE1,Mathématiques,23,23,1.5,0,74.18,65.0
2019,69,Bordeaux,Ain,Hors EP,CM1,Français,24,23,1.5,0,83.89,79.36
2019,69,Bordeaux,Ain,Hors EP,CM1,Mathématiques,27,23,1.5,0,75.37,70.09
2019,69,Bordeaux,Ain,Hors EP,CM2,Français,29,23,1.5,0,81.66,63.89
2019,69,Bordeaux,Ain,Hors EP,CM2,Mathématiques,31,23,1.5,0,78.37,65.75
2019,69,Bordeaux,Ain,Hors EP,6e,Français,23,23,1.5,0,91.05,75.52
2019,69,Bordeaux,Ain,Hors EP,6e,Mathématiques,27,23,1.5,0,85.52,70.32
2019,70,Nantes,Bas-Rhin,Hors EP,CP,Français,22,26,1.75,0,68.58,65.21
2019,70,Nantes,Bas-Rhin,Hors EP,CP,Mathématiques,27,26,1.75,0,58.66,49.05
2019,70,Nantes,Bas-Rhin,Hors EP,CE1,Français,25,26,1.75,0,73.54,67.03
2019,70,Nantes,Bas-Rhin,Hors EP,CE1,Mathématiques,24,26,1.75,0,70.25,70.28
2019,70,Nantes,Bas-Rhin,Hors EP,CM1,Français,26,26,1.75,0,68.76,62.77
2019,70,Nantes,Bas-Rhin,Hors EP,CM1,Mathématiques,30,26,1.75,0,63.72,58.48
2019,70,Nantes,Bas-Rhin,Hors EP,CM2,Français,24,26,1.75,0,83.34,72.64
2019,70,Nantes,Bas-Rhin,Hors EP,CM2,Mathématiques,28,26,1.75,0,76.69,73.54
2019,70,Nantes,Bas-Rhin,Hors EP,6e,Français,25,26,1.75,0,85.43,69.75
2019,70,Nantes,Bas-Rhin,Hors EP,6e,Mathématiques,20,26,1.75,0,89.75,86.3
2019,71,Paris,Bouches-du-Rhône,Hors EP,CP,Français,28,26,-2.93,0,72.79,71.94
2019,71,Paris,Bouches-du-Rhône,Hors EP,CP,Mathématiques,28,26,-2.93,0,60.91,57.46
2019,71,Paris,Bouches-du-Rhône,Hors EP,CE1,Français,24,26,-2.93,0,64.83,53.45
2019,71,Paris,Bouches-du-Rhône,Hors EP,CE1,Mathématiques,26,26,-2.93,0,65.23,52.01
2019,71,Paris,Bouches-du-Rhône,Hors EP,CM1,Français,26,26,-2.93,0,74.12,59.53
2019,71,Paris,Bouches-du-Rhône,Hors EP,CM1,Mathématiques,25,26,-2.93,0,72.0,60.88
2019,71,Paris,Bouches-du-Rhône,Hors EP,CM2,Français,28,26,-2.93,0,70.19,52.8
2019,71,Paris,Bouches-du-Rhône,Hors EP,CM2,Mathématiques,26,26,-2.93,0,77.98,70.05
2019,71,Paris,Bouches-du-Rhône,Hors EP,6e,Français,25,26,-2.93,0,82.32,70.94
2019,71,Paris,Bouches-du-Rhône,Hors EP,6e,Mathématiques,25,26,-2.93,0,90.43,74.87
2019,72,Lyon,Gironde,Hors EP,CP,Français,33,35,6.67,0,63.69,59.76
2019,72,Lyon,Gironde,Hors EP,CP,Mathématiques,31,35,6.67,0,59.65,52.68
2019,72,Lyon,Gironde,Hors EP,CE1,Français,32,35,6.67,0,74.43,71.67
2019,72,Lyon,Gironde,Hors EP,CE1,Mathématiques,32,35,6.67,0,66.15,55.64
2019,72,Lyon,Gironde,Hors EP,CM1,Français,30,35,6.67,0,77.37,75.04
2019,72,Lyon,Gironde,Hors EP,CM1,Mathématiques,29,35,6.67,0,68.82,72.71
2019,72,Lyon,Gironde,Hors EP,CM2,Français,31,35,6.67,0,85.41,74.11
2019,72,Lyon,Gironde,Hors EP,CM2,Mathématiques,32,35,6.67,0,71.93,68.62
2019,72,Lyon,Gironde,Hors EP,6e,Français,34,35,6.67,0,74.84,64.13
2019,72,Lyon,Gironde,Hors EP,6e,Mathématiques,33,35,6.67,0,76.82,64.77
2019,73,Lille,Hérault,REP,CP,Français,20,25,2.55,0,53.58,52.05
2019,73,Lille,Hérault,REP,CP,Mathématiques,23,25,2.55,0,47.55,43.76
2019,73,Lille,Hérault,REP,CE1,Français,20,25,2.55,0,63.65,48.45
2019,73,Lille,Hérault,REP,CE1,Mathématiques,20,25,2.55,0,50.22,51.25
2019,73,Lille,Hérault,REP,CM1,Français,18,25,2.55,1,78.55,76.61
2019,73,Lille,Hérault,REP,CM1,Mathématiques,27,25,2.55,0,50.18,50.61
2019,73,Lille,Hérault,REP,CM2,Français,21,25,2.55,0,66.34,59.54
2019,73,Lille,Hérault,REP,CM2,Mathématiques,26,25,2.55,0,66.9,56.92
2019,73,Lille,Hérault,REP,6e,Français,25,25,2.55,0,63.01,54.08
2019,73,Lille,Hérault,REP,6e,Mathématiques,21,25,2.55,0,74.06,64.35
2019,74,Bordeaux,Loire,Hors EP,CP,Français,23,22,6.48,0,68.1,63.32
2019,74,Bordeaux,Loire,Hors EP,CP,Mathématiques,25,22,6.48,0,62.08,56.91
2019,74,Bordeaux,Loire,Hors EP,CE1,Français,26,22,6.48,0,65.72,68.71
2019,74,Bordeaux,Loire,Hors EP,CE1,Mathématiques,20,22,6.48,0,71.52,58.89
2019,74,Bordeaux,Loire,Hors EP,CM1,Français,28,22,6.48,0,72.61,61.87
2019,74,Bordeaux,Loire,Hors EP,CM1,Mathématiques,22,22,6.48,0,77.71,66.2
2019,74,Bordeaux,Loire,Hors EP,CM2,Français,23,22,6.48,0,68.5,61.86
2019,74,Bordeaux,Loire,Hors EP,CM2,Mathématiques,23,22,6.48,0,86.05,80.06
2019,74,Bordeaux,Loire,Hors EP,6e,Français,23,22,6.48,0,93.05,72.77
2019,74,Bordeaux,Loire,Hors EP,6e,Mathématiques,25,22,6.48,0,82.0,64.84
2019,75,Nantes,Maine-et-Loire,Hors EP,CP,Français,26,31,17.96,0,72.77,61.22
2019,75,Nantes,Maine-et-Loire,Hors EP,CP,Mathématiques,29,31,17.96,0,63.33,61.37
2019,75,Nantes,Maine-et-Loire,Hors EP,CE1,Français,29,31,17.96,0,66.03,64.3
2019,75,Nantes,Maine-et-Loire,Hors EP,CE1,Mathématiques,32,31,17.96,0,61.03,47.32
2019,75,Nantes,Maine-et-Loire,Hors EP,CM1,Français,29,31,17.96,0,73.86,64.57
2019,75,Nantes,Maine-et-Loire,Hors EP,CM1,Mathématiques,29,31,17.96,0,70.3,61.46
2019,75,Nantes,Maine-et-Loire,Hors EP,CM2,Français,28,31,17.96,0,87.87,74.9
2019,75,Nantes,Maine-et-Loire,Hors EP,CM2,Mathématiques,25,31,17.96,0,75.57,67.09
2019,75,Nantes,Maine-et-Loire,Hors EP,6e,Français,25,31,17.96,0,81.92,73.89
2019,75,Nantes,Maine-et-Loire,Hors EP,6e,Mathématiques,30,31,17.96,0,79.8,70.73
2019,76,Paris,Moselle,Hors EP,CP,Français,25,28,-31.27,0,65.38,57.4
2019,76,Paris,Moselle,Hors EP,CP,Mathématiques,26,28,-31.27,0,62.53,57.92
2019,76,Paris,Moselle,Hors EP,CE1,Français,30,28,-31.27,0,67.62,60.39
2019,76,Paris,Moselle,Hors EP,CE1,Mathématiques,26,28,-31.27,0,50.32,47.59
2019,76,Paris,Moselle,Hors EP,CM1,Français,23,28,-31.27,0,75.84,67.34
2019,76,Paris,Moselle,Hors EP,CM1,Mathématiques,28,28,-31.27,0,73.63,64.94
2019,76,Paris,Moselle,Hors EP,CM2,Français,32,28,-31.27,0,72.79,57.95
2019,76,Paris,Moselle,Hors EP,CM2,Mathématiques,25,28,-31.27,0,73.37,67.85
2019,76,Paris,Moselle,Hors EP,6e,Français,24,28,-31.27,0,82.61,70.37
2019,76,Paris,Moselle,Hors EP,6e,Mathématiques,25,28,-31.27,0,83.7,75.12
2019,77,Lyon,Nord,Hors EP,CP,Français,20,26,-16.37,0,63.87,58.48
2019,77,Lyon,Nord,Hors EP,CP,Mathématiques,26,26,-16.37,0,58.23,52.21
2019,77,Lyon,Nord,Hors EP,CE1,Français,22,26,-16.37,0,74.11,63.01
2019,77,Lyon,Nord,Hors EP,CE1,Mathématiques,22,26,-16.37,0,62.48,54.63
2019,77,Lyon,Nord,Hors EP,CM1,Français,26,26,-16.37,0,74.35,61.86
2019,77,Lyon,Nord,Hors EP,CM1,Mathématiques,26,26,-16.37,0,68.3,68.55
2019,77,Lyon,Nord,Hors EP,CM2,Français,27,26,-16.37,0,78.29,60.74
2019,77,Lyon,Nord,Hors EP,CM2,Mathématiques,29,26,-16.37,0,74.98,64.37
2019,77,Lyon,Nord,Hors EP,6e,Français,25,26,-16.37,0,88.0,81.39
2019,77,Lyon,Nord,Hors EP,6e,Mathématiques,21,26,-16.37,0,86.87,68.14
2019,78,Lille,Paris,REP+,CP,Français,16,16,-1.76,1,55.98,57.02
2019,78,Lille,Paris,REP+,CP,Mathématiques,21,16,-1.76,0,42.68,46.79
2019,78,Lille,Paris,REP+,CE1,Français,18,16,-1.76,1,63.93,50.84
2019,78,Lille,Paris,REP+,CE1,Mathématiques,14,16,-1.76,1,57.37,43.32
2019,78,Lille,Paris,REP+,CM1,Français,21,16,-1.76,0,59.84,55.54
2019,78,Lille,Paris,REP+,CM1,Mathématiques,12,16,-1.76,1,58.68,54.89
2019,78,Lille,Paris,REP+,CM2,Français,22,16,-1.76,0,59.15,59.54
2019,78,Lille,Paris,REP+,CM2,Mathématiques,16,16,-1.76,1,72.14,70.13
2019,78,Lille,Paris,REP+,6e,Français,16,16,-1.76,1,76.78,74.3
2019,78,Lille,Paris,REP+,6e,Mathématiques,17,16,-1.76,1,81.8,67.2
2019,79,Bordeaux,Puy-de-Dôme,Hors EP,CP,Français,24,23,1.58,0,67.88,58.95
2019,79,Bordeaux,Puy-de-Dôme,Hors EP,CP,Mathématiques,27,23,1.58,0,61.28,49.19
2019,79,Bordeaux,Puy-de-Dôme,Hors EP,CE1,Français,21,23,1.58,0,66.82,63.53
2019,79,Bordeaux,Puy-de-Dôme,Hors EP,CE1,Mathématiques,22,23,1.58,0,72.04,64.67
2019,79,Bordeaux,Puy-de-Dôme,Hors EP,CM1,Français,25,23,1.58,0,78.96,69.49
2019,79,Bordeaux,Puy-de-Dôme,Hors EP,CM1,Mathématiques,18,23,1.58,0,78.83,70.73
2019,79,Bordeaux,Puy-de-Dôme,Hors EP,CM2,Français,29,23,1.58,0,85.98,66.65
2019,79,Bordeaux,Puy-de-Dôme,Hors EP,CM2,Mathématiques,24,23,1.58,0,72.84,72.13
2019,79,Bordeaux,Puy-de-Dôme,Hors EP,6e,Français,28,23,1.58,0,85.87,74.22
2019,79,Bordeaux,Puy-de-Dôme,Hors EP,6e,Mathématiques,28,23,1.58,0,86.74,79.77
2019,80,Nantes,Saône-et-Loire,REP,CP,Français,19,20,9.79,0,57.79,59.97
2019,80,Nantes,Saône-et-Loire,REP,CP,Mathématiques,23,20,9.79,0,49.4,47.28
2019,80,Nantes,Saône-et-Loire,REP,CE1,Français,20,20,9.79,0,64.66,56.36
2019,80,Nantes,Saône-et-Loire,REP,CE1,Mathématiques,24,20,9.79,0,57.77,56.94
2019,80,Nantes,Saône-et-Loire,REP,CM1,Français,23,20,9.79,0,63.75,57.91
2019,80,Nantes,Saône-et-Loire,REP,CM1,Mathématiques,16,20,9.79,1,75.5,58.9
2019,80,Nantes,Saône-et-Loire,REP,CM2,Français,21,20,9.79,0,74.47,64.25
2019,80,Nantes,Saône-et-Loire,REP,CM2,Mathématiques,19,20,9.79,0,74.8,60.19
2019,80,Nantes,Saône-et-Loire,REP,6e,Français,20,20,9.79,0,81.62,61.59
2019,80,Nantes,Saône-et-Loire,REP,6e,Mathématiques,21,20,9.79,0,67.04,60.0
2019,81,Paris,Ain,Hors EP,CP,Français,28,28,-19.8,0,59.86,48.18
2019,81,Paris,Ain,Hors EP,CP,Mathématiques,29,28,-19.8,0,48.86,43.04
2019,81,Paris,Ain,Hors EP,CE1,Français,27,28,-19.8,0,70.23,69.24
2019,81,Paris,Ain,Hors EP,CE1,Mathématiques,31,28,-19.8,0,59.33,43.21
2019,81,Paris,Ain,Hors EP,CM1,Français,29,28,-19.8,0,77.44,73.83
2019,81,Paris,Ain,Hors EP,CM1,Mathématiques,29,28,-19.8,0,62.47,54.85
2019,81,Paris,Ain,Hors EP,CM2,Français,33,28,-19.8,0,65.85,54.04
2019,81,Paris,Ain,Hors EP,CM2,Mathématiques,30,28,-19.8,0,69.98,56.68
2019,81,Paris,Ain,Hors EP,6e,Français,32,28,-19.8,0,80.2,67.63
2019,81,Paris,Ain,Hors EP,6e,Mathématiques,25,28,-19.8,0,90.64,76.51
2019,82,Lyon,Bas-Rhin,REP,CP,Français,27,21,-6.16,0,56.84,44.27
2019,82,Lyon,Bas-Rhin,REP,CP,Mathématiques,24,21,-6.16,0,49.42,43.44
2019,82,Lyon,Bas-Rhin,REP,CE1,Français,24,21,-6.16,0,50.89,47.27
2019,82,Lyon,Bas-Rhin,REP,CE1,Mathématiques,21,21,-6.16,0,54.41,51.64
2019,82,Lyon,Bas-Rhin,REP,CM1,Français,20,21,-6.16,0,73.64,67.54
2019,82,Lyon,Bas-Rhin,REP,CM1,Mathématiques,27,21,-6.16,0,56.54,50.7
2019,82,Lyon,Bas-Rhin,REP,CM2,Français,27,21,-6.16,0,62.66,56.72
2019,82,Lyon,Bas-Rhin,REP,CM2,Mathématiques,25,21,-6.16,0,58.49,58.33
2019,82,Lyon,Bas-Rhin,REP,6e,Français,24,21,-6.16,0,78.67,72.95
2019,82,Lyon,Bas-Rhin,REP,6e,Mathématiques,26,21,-6.16,0,67.66,56.7
2019,83,Lille,Bouches-du-Rhône,Hors EP,CP,Français,23,20,6.78,0,70.27,67.78
2019,83,Lille,Bouches-du-Rhône,Hors EP,CP,Mathématiques,14,20,6.78,0,68.67,52.32
2019,83,Lille,Bouches-du-Rhône,Hors EP,CE1,Français,21,20,6.78,0,68.25,55.02
2019,83,Lille,Bouches-du-Rhône,Hors EP,CE1,Mathématiques,20,20,6.78,0,77.89,67.17
2019,83,Lille,Bouches-du-Rhône,Hors EP,CM1,Français,20,20,6.78,0,84.53,71.41
2019,83,Lille,Bouches-du-Rhône,Hors EP,CM1,Mathématiques,16,20,6.78,0,83.46,74.82
2019,83,Lille,Bouches-du-Rhône,Hors EP,CM2,Français,21,20,6.78,0,87.62,68.74
2019,83,Lille,Bouches-du-Rhône,Hors EP,CM2,Mathématiques,21,20,6.78,0,83.21,69.17
2019,83,Lille,Bouches-du-Rhône,Hors EP,6e,Français,18,20,6.78,0,90.81,81.19
2019,83,Lille,Bouches-du-Rhône,Hors EP,6e,Mathématiques,15,20,6.78,0,86.44,72.14
2019,84,Bordeaux,Gironde,REP,CP,Français,26,24,16.22,0,48.56,35.42
2019,84,Bordeaux,Gironde,REP,CP,Mathématiques,23,24,16.22,0,58.6,62.8
2019,84,Bordeaux,Gironde,REP,CE1,Français,21,24,16.22,0,70.23,51.62
2019,84,Bordeaux,Gironde,REP,CE1,Mathématiques,22,24,16.22,0,56.57,59.23
2019,84,Bordeaux,Gironde,REP,CM1,Français,26,24,16.22,0,68.14,54.58
2019,84,Bordeaux,Gironde,REP,CM1,Mathématiques,25,24,16.22,0,64.04,50.19
2019,84,Bordeaux,Gironde,REP,CM2,Français,18,24,16.22,1,89.72,75.11
2019,84,Bordeaux,Gironde,REP,CM2,Mathématiques,20,24,16.22,0,70.31,64.63
2019,84,Bordeaux,Gironde,REP,6e,Français,23,24,16.22,0,69.56,71.73
2019,84,Bordeaux,Gironde,REP,6e,Mathématiques,26,24,16.22,0,69.34,60.67
2019,85,Nantes,Hérault,Hors EP,CP,Français,21,21,-15.97,0,63.23,52.4
2019,85,Nantes,Hérault,Hors EP,CP,Mathématiques,25,21,-15.97,0,62.15,58.3
2019,85,Nantes,Hérault,Hors EP,CE1,Français,16,21,-15.97,0,72.5,66.6
2019,85,Nantes,Hérault,Hors EP,CE1,Mathématiques,21,21,-15.97,0,59.79,56.69
2019,85,Nantes,Hérault,Hors EP,CM1,Français,22,21,-15.97,0,83.36,68.41
2019,85,Nantes,Hérault,Hors EP,CM1,Mathématiques,15,21,-15.97,0,73.7,59.63
2019,85,Nantes,Hérault,Hors EP,CM2,Français,23,21,-15.97,0,69.46,59.99
2019,85,Nantes,Hérault,Hors EP,CM2,Mathématiques,25,21,-15.97,0,76.92,71.78
2019,85,Nantes,Hérault,Hors EP,6e,Français,17,21,-15.97,0,83.97,79.29
2019,85,Nantes,Hérault,Hors EP,6e,Mathématiques,21,21,-15.97,0,85.95,67.85
2019,86,Paris,Loire,Hors EP,CP,Français,22,25,32.73,0,70.57,50.32
2019,86,Paris,Loire,Hors EP,CP,Mathématiques,17,25,32.73,0,81.02,64.95
2019,86,Paris,Loire,Hors EP,CE1,Français,20,25,32.73,0,82.18,78.29
2019,86,Paris,Loire,Hors EP,CE1,Mathématiques,21,25,32.73,0,73.51,65.34
2019,86,Paris,Loire,Hors EP,CM1,Français,19,25,32.73,0,83.55,73.87
2019,86,Paris,Loire,Hors EP,CM1,Mathématiques,21,25,32.73,0,90.92,79.02
2019,86,Paris,Loire,Hors EP,CM2,Français,24,25,32.73,0,81.81,73.25
2019,86,Paris,Loire,Hors EP,CM2,Mathématiques,19,25,32.73,0,89.91,79.58
2019,86,Paris,Loire,Hors EP,6e,Français,21,25,32.73,0,100.0,90.14
2019,86,Paris,Loire,Hors EP,6e,Mathématiques,24,25,32.73,0,92.07,86.42
2019,87,Lyon,Maine-et-Loire,REP,CP,Français,25,24,-6.77,0,57.54,48.36
2019,87,Lyon,Maine-et-Loire,REP,CP,Mathématiques,23,24,-6.77,0,51.23,48.9
2019,87,Lyon,Maine-et-Loire,REP,CE1,Français,26,24,-6.77,0,70.55,65.07
2019,87,Lyon,Maine-et-Loire,REP,CE1,Mathématiques,22,24,-6.77,0,49.85,47.27
2019,87,Lyon,Maine-et-Loire,REP,CM1,Français,22,24,-6.77,0,66.79,62.68
2019,87,Lyon,Maine-et-Loire,REP,CM1,Mathématiques,23,24,-6.77,0,69.72,58.73
2019,87,Lyon,Maine-et-Loire,REP,CM2,Français,24,24,-6.77,0,70.76,67.58
2019,87,Lyon,Maine-et-Loire,REP,CM2,Mathématiques,27,24,-6.77,0,64.12,63.85
2019,87,Lyon,Maine-et-Loire,REP,6e,Français,22,24,-6.77,0,78.82,73.12
2019,87,Lyon,Maine-et-Loire,REP,6e,Mathématiques,28,24,-6.77,0,58.78,50.43
2019,88,Lille,Moselle,Hors EP,CP,Français,15,15,12.72,0,72.69,59.06
2019,88,Lille,Moselle,Hors EP,CP,Mathématiques,15,15,12.72,0,69.41,58.78
2019,88,Lille,Moselle,Hors EP,CE1,Français,14,15,12.72,0,77.41,66.22
2019,88,Lille,Moselle,Hors EP,CE1,Mathématiques,21,15,12.72,0,71.15,65.1
2019,88,Lille,Moselle,Hors EP,CM1,Français,15,15,12.72,0,81.97,62.22
2019,88,Lille,Moselle,Hors EP,CM1,Mathématiques,12,15,12.72,0,76.19,67.73
2019,88,Lille,Moselle,Hors EP,CM2,Français,19,15,12.72,0,80.69,67.12
2019,88,Lille,Moselle,Hors EP,CM2,Mathématiques,13,15,12.72,0,85.44,78.48
2019,88,Lille,Moselle,Hors EP,6e,Français,15,15,12.72,0,94.41,86.48
2019,88,Lille,Moselle,Hors EP,6e,Mathématiques,17,15,12.72,0,88.21,75.77
2019,89,Bordeaux,Nord,Hors EP,CP,Français,25,23,-16.41,0,64.3,61.45
2019,89,Bordeaux,Nord,Hors EP,CP,Mathématiques,27,23,-16.41,0,62.18,55.77
2019,89,Bordeaux,Nord,Hors EP,CE1,Français,27,23,-16.41,0,63.1,51.31
2019,89,Bordeaux,Nord,Hors EP,CE1,Mathématiques,17,23,-16.41,0,71.82,59.73
2019,89,Bordeaux,Nord,Hors EP,CM1,Français,26,23,-16.41,0,65.06,56.01
2019,89,Bordeaux,Nord,Hors EP,CM1,Mathématiques,26,23,-16.41,0,66.3,62.13
2019,89,Bordeaux,Nord,Hors EP,CM2,Français,24,23,-16.41,0,80.58,72.77
2019,89,Bordeaux,Nord,Hors EP,CM2,Mathématiques,27,23,-16.41,0,75.45,62.23
2019,89,Bordeaux,Nord,Hors EP,6e,Français,24,23,-16.41,0,88.6,70.14
2019,89,Bordeaux,Nord,Hors EP,6e,Mathématiques,25,23,-16.41,0,80.09,68.95
2019,90,Nantes,Paris,Hors EP,CP,Français,14,20,11.57,0,76.15,72.2
2019,90,Nantes,Paris,Hors EP,CP,Mathématiques,19,20,11.57,0,68.71,57.01
2019,90,Nantes,Paris,Hors EP,CE1,Français,18,20,11.57,0,79.6,69.61
2019,90,Nantes,Paris,Hors EP,CE1,Mathématiques,18,20,11.57,0,70.62,65.13
2019,90,Nantes,Paris,Hors EP,CM1,Français,19,20,11.57,0,84.49,73.01
2019,90,Nantes,Paris,Hors EP,CM1,Mathématiques,22,20,11.57,0,75.08,72.46
2019,90,Nantes,Paris,Hors EP,CM2,Français,16,20,11.57,0,94.48,85.41
2019,90,Nantes,Paris,Hors EP,CM2,Mathématiques,17,20,11.57,0,93.96,81.24
2019,90,Nantes,Paris,Hors EP,6e,Français,16,20,11.57,0,92.8,83.77
2019,90,Nantes,Paris,Hors EP,6e,Mathématiques,20,20,11.57,0,84.93,72.05
2019,91,Paris,Puy-de-Dôme,REP+,CP,Français,15,15,2.8,1,65.8,57.91
2019,91,Paris,Puy-de-Dôme,REP+,CP,Mathématiques,18,15,2.8,1,49.93,46.69
2019,91,Paris,Puy-de-Dôme,REP+,CE1,Français,18,15,2.8,1,71.5,59.76
2019,91,Paris,Puy-de-Dôme,REP+,CE1,Mathématiques,13,15,2.8,1,63.99,55.4
2019,91,Paris,Puy-de-Dôme,REP+,CM1,Français,14,15,2.8,1,74.38,62.86
2019,91,Paris,Puy-de-Dôme,REP+,CM1,Mathématiques,12,15,2.8,1,61.58,56.93
2019,91,Paris,Puy-de-Dôme,REP+,CM2,Français,12,15,2.8,1,74.1,58.43
2019,91,Paris,Puy-de-Dôme,REP+,CM2,Mathématiques,19,15,2.8,0,72.28,58.86
2019,91,Paris,Puy-de-Dôme,REP+,6e,Français,16,15,2.8,1,76.11,65.21
2019,91,Paris,Puy-de-Dôme,REP+,6e,Mathématiques,20,15,2.8,0,64.54,57.45
2019,92,Lyon,Saône-et-Loire,REP,CP,Français,23,25,-5.31,0,50.99,53.99
2019,92,Lyon,Saône-et-Loire,REP,CP,Mathématiques,26,25,-5.31,0,41.91,53.97
2019,92,Lyon,Saône-et-Loire,REP,CE1,Français,19,25,-5.31,0,67.36,61.55
2019,92,Lyon,Saône-et-Loire,REP,CE1,Mathématiques,22,25,-5.31,0,54.02,51.57
2019,92,Lyon,Saône-et-Loire,REP,CM1,Français,24,25,-5.31,0,58.92,53.9
2019,92,Lyon,Saône-et-Loire,REP,CM1,Mathématiques,21,25,-5.31,0,57.29,49.87
2019,92,Lyon,Saône-et-Loire,REP,CM2,Français,20,25,-5.31,0,69.77,64.61
2019,92,Lyon,Saône-et-Loire,REP,CM2,Mathématiques,23,25,-5.31,0,74.85,54.84
2019,92,Lyon,Saône-et-Loire,REP,6e,Français,24,25,-5.31,0,73.09,68.78
2019,92,Lyon,Saône-et-Loire,REP,6e,Mathématiques,25,25,-5.31,0,68.42,62.39
2019,93,Lille,Ain,Hors EP,CP,Français,26,28,9.32,0,64.83,57.92
2019,93,Lille,Ain,Hors EP,CP,Mathématiques,26,28,9.32,0,69.86,78.67
2019,93,Lille,Ain,Hors EP,CE1,Français,29,28,9.32,0,65.77,62.88
2019,93,Lille,Ain,Hors EP,CE1,Mathématiques,28,28,9.32,0,62.06,50.89
2019,93,Lille,Ain,Hors EP,CM1,Français,26,28,9.32,0,80.65,61.79
2019,93,Lille,Ain,Hors EP,CM1,Mathématiques,24,28,9.32,0,78.4,68.52
2019,93,Lille,Ain,Hors EP,CM2,Français,30,28,9.32,0,72.07,75.77
2019,93,Lille,Ain,Hors EP,CM2,Mathématiques,22,28,9.32,0,73.49,64.68
2019,93,Lille,Ain,Hors EP,6e,Français,23,28,9.32,0,89.54,75.52
2019,93,Lille,Ain,Hors EP,6e,Mathématiques,26,28,9.32,0,80.23,71.72
2019,94,Bordeaux,Bas-Rhin,Hors EP,CP,Français,23,31,-11.58,0,66.44,53.83
2019,94,Bordeaux,Bas-Rhin,Hors EP,CP,Mathématiques,24,31,-11.58,0,65.68,50.78
2019,94,Bordeaux,Bas-Rhin,Hors EP,CE1,Français,31,31,-11.58,0,64.73,58.8
2019,94,Bordeaux,Bas-Rhin,Hors EP,CE1,Mathématiques,24,31,-11.58,0,70.75,63.1
2019,94,Bordeaux,Bas-Rhin,Hors EP,CM1,Français,25,31,-11.58,0,76.31,58.48
2019,94,Bordeaux,Bas-Rhin,Hors EP,CM1,Mathématiques,23,31,-11.58,0,69.17,63.78
2019,94,Bordeaux,Bas-Rhin,Hors EP,CM2,Français,27,31,-11.58,0,83.33,67.07
2019,94,Bordeaux,Bas-Rhin,Hors EP,CM2,Mathématiques,28,31,-11.58,0,74.2,60.74
2019,94,Bordeaux,Bas-Rhin,Hors EP,6e,Français,28,31,-11.58,0,82.41,67.9
2019,94,Bordeaux,Bas-Rhin,Hors EP,6e,Mathématiques,27,31,-11.58,0,80.03,68.65
2019,95,Nantes,Bouches-du-Rhône,Hors EP,CP,Français,17,21,-9.63,0,70.86,66.86
2019,95,Nantes,Bouches-du-Rhône,Hors EP,CP,Mathématiques,20,21,-9.63,0,64.75,56.18
2019,95,Nantes,Bouches-du-Rhône,Hors EP,CE1,Français,22,21,-9.63,0,61.56,60.85
2019,95,Nantes,Bouches-du-Rhône,Hors EP,CE1,Mathématiques,15,21,-9.63,0,66.57,57.7
2019,95,Nantes,Bouches-du-Rhône,Hors EP,CM1,Français,25,21,-9.63,0,83.19,75.1
2019,95,Nantes,Bouches-du-Rhône,Hors EP,CM1,Mathématiques,21,21,-9.63,0,67.86,61.93
2019,95,Nantes,Bouches-du-Rhône,Hors EP,CM2,Français,19,21,-9.63,0,82.37,71.78
2019,95,Nantes,Bouches-du-Rhône,Hors EP,CM2,Mathématiques,19,21,-9.63,0,86.96,64.45
2019,95,Nantes,Bouches-du-Rhône,Hors EP,6e,Français,20,21,-9.63,0,86.19,71.56
2019,95,Nantes,Bouches-du-Rhône,Hors EP,6e,Mathématiques,21,21,-9.63,0,81.22,71.05
2019,96,Paris,Gironde,Hors EP,CP,Français,20,24,-1.85,0,71.11,61.96
2019,96,Paris,Gironde,Hors EP,CP,Mathématiques,20,24,-1.85,0,75.23,68.23
2019,96,Paris,Gironde,Hors EP,CE1,Français,21,24,-1.85,0,74.83,60.75
2019,96,Paris,Gironde,Hors EP,CE1,Mathématiques,21,24,-1.85,0,69.74,56.19
2019,96,Paris,Gironde,Hors EP,CM1,Français,23,24,-1.85,0,76.1,64.97
2019,96,Paris,Gironde,Hors EP,CM1,Mathématiques,21,24,-1.85,0,90.49,73.22
2019,96,Paris,Gironde,Hors EP,CM2,Français,17,24,-1.85,0,80.68,73.66
2019,96,Paris,Gironde,Hors EP,CM2,Mathématiques,25,24,-1.85,0,75.51,72.74
2019,96,Paris,Gironde,Hors EP,6e,Français,24,24,-1.85,0,86.62,72.6
2019,96,Paris,Gironde,Hors EP,6e,Mathématiques,22,24,-1.85,0,90.23,78.34
2019,97,Lyon,Hérault,REP+,CP,Français,18,17,3.01,1,62.89,59.13
2019,97,Lyon,Hérault,REP+,CP,Mathématiques,16,17,3.01,1,61.5,60.41
2019,97,Lyon,Hérault,REP+,CE1,Français,17,17,3.01,1,61.34,58.64
2019,97,Lyon,Hérault,REP+,CE1,Mathématiques,16,17,3.01,1,60.07,69.24
2019,97,Lyon,Hérault,REP+,CM1,Français,12,17,3.01,1,74.78,61.53
2019,97,Lyon,Hérault,REP+,CM1,Mathématiques,16,17,3.01,1,79.02,63.92
2019,97,Lyon,Hérault,REP+,CM2,Français,14,17,3.01,1,75.38,62.02
2019,97,Lyon,Hérault,REP+,CM2,Mathématiques,18,17,3.01,1,70.06,65.91
2019,97,Lyon,Hérault,REP+,6e,Français,13,17,3.01,1,72.33,63.04
2019,97,Lyon,Hérault,REP+,6e,Mathématiques,12,17,3.01,1,84.29,64.67
2019,98,Lille,Loire,REP+,CP,Français,23,20,-18.22,0,39.91,41.15
2019,98,Lille,Loire,REP+,CP,Mathématiques,17,20,-18.22,1,58.11,56.83
2019,98,Lille,Loire,REP+,CE1,Français,16,20,-18.22,1,60.45,54.97
2019,98,Lille,Loire,REP+,CE1,Mathématiques,20,20,-18.22,0,42.86,54.23
2019,98,Lille,Loire,REP+,CM1,Français,16,20,-18.22,1,67.87,55.35
2019,98,Lille,Loire,REP+,CM1,Mathématiques,15,20,-18.22,1,60.98,51.61
2019,98,Lille,Loire,REP+,CM2,Français,17,20,-18.22,1,68.51,65.06
2019,98,Lille,Loire,REP+,CM2,Mathématiques,16,20,-18.22,1,65.89,57.84
2019,98,Lille,Loire,REP+,6e,Français,20,20,-18.22,0,68.08,60.8
2019,98,Lille,Loire,REP+,6e,Mathématiques,14,20,-18.22,1,69.77,56.05
2019,99,Bordeaux,Maine-et-Loire,REP+,CP,Français,17,22,-6.77,1,55.3,54.91
2019,99,Bordeaux,Maine-et-Loire,REP+,CP,Mathématiques,18,22,-6.77,1,65.65,65.9
2019,99,Bordeaux,Maine-et-Loire,REP+,CE1,Français,22,22,-6.77,0,53.71,49.41
2019,99,Bordeaux,Maine-et-Loire,REP+,CE1,Mathématiques,20,22,-6.77,0,47.92,55.74
2019,99,Bordeaux,Maine-et-Loire,REP+,CM1,Français,20,22,-6.77,0,59.67,56.21
2019,99,Bordeaux,Maine-et-Loire,REP+,CM1,Mathématiques,23,22,-6.77,0,46.34,55.7
2019,99,Bordeaux,Maine-et-Loire,REP+,CM2,Français,19,22,-6.77,0,58.06,50.72
2019,99,Bordeaux,Maine-et-Loire,REP+,CM2,Mathématiques,15,22,-6.77,1,74.23,60.28
2019,99,Bordeaux,Maine-et-Loire,REP+,6e,Français,19,22,-6.77,0,74.49,62.29
2019,99,Bordeaux,Maine-et-Loire,REP+,6e,Mathématiques,18,22,-6.77,1,70.42,60.95
2019,100,Nantes,Moselle,Hors EP,CP,Français,26,26,-7.34,0,65.6,57.52
2019,100,Nantes,Moselle,Hors EP,CP,Mathématiques,27,26,-7.34,0,56.83,48.85
2019,100,Nantes,Moselle,Hors EP,CE1,Français,27,26,-7.34,0,62.86,61.39
2019,100,Nantes,Moselle,Hors EP,CE1,Mathématiques,26,26,-7.34,0,57.79,54.85
2019,100,Nantes,Moselle,Hors EP,CM1,Français,22,26,-7.34,0,81.74,69.34
2019,100,Nantes,Moselle,Hors EP,CM1,Mathématiques,31,26,-7.34,0,72.34,58.89
2019,100,Nantes,Moselle,Hors EP,CM2,Français,21,26,-7.34,0,81.12,64.06
2019,100,Nantes,Moselle,Hors EP,CM2,Mathématiques,31,26,-7.34,0,72.47,68.95
2019,100,Nantes,Moselle,Hors EP,6e,Français,25,26,-7.34,0,85.11,72.71
2019,100,Nantes,Moselle,Hors EP,6e,Mathématiques,29,26,-7.34,0,80.72,64.6
2019,101,Paris,Nord,REP,CP,Français,21,18,-33.95,0,52.78,51.39
2019,101,Paris,Nord,REP,CP,Mathématiques,18,18,-33.95,1,58.44,52.89
2019,101,Paris,Nord,REP,CE1,Français,20,18,-33.95,0,60.1,54.71
2019,101,Paris,Nord,REP,CE1,Mathématiques,21,18,-33.95,0,52.97,48.5
2019,101,Paris,Nord,REP,CM1,Français,19,18,-33.95,0,58.01,55.61
2019,101,Paris,Nord,REP,CM1,Mathématiques,15,18,-33.95,1,66.4,50.06
2019,101,Paris,Nord,REP,CM2,Français,19,18,-33.95,0,76.37,66.35
2019,101,Paris,Nord,REP,CM2,Mathématiques,21,18,-33.95,0,74.91,67.96
2019,101,Paris,Nord,REP,6e,Français,17,18,-33.95,1,81.2,70.22
2019,101,Paris,Nord,REP,6e,Mathématiques,17,18,-33.95,1,78.51,73.32
2019,102,Lyon,Paris,Hors EP,CP,Français,20,21,-5.57,0,75.78,80.04
2019,102,Lyon,Paris,Hors EP,CP,Mathématiques,18,21,-5.57,0,67.56,63.88
2019,102,Lyon,Paris,Hors EP,CE1,Français,17,21,-5.57,0,75.8,64.47
2019,102,Lyon,Paris,Hors EP,CE1,Mathématiques,12,21,-5.57,0,73.99,64.4
2019,102,Lyon,Paris,Hors EP,CM1,Français,22,21,-5.57,0,78.86,62.35
2019,102,Lyon,Paris,Hors EP,CM1,Mathématiques,18,21,-5.57,0,70.02,56.56
2019,102,Lyon,Paris,Hors EP,CM2,Français,21,21,-5.57,0,83.62,76.47
2019,102,Lyon,Paris,Hors EP,CM2,Mathématiques,14,21,-5.57,0,83.34,69.29
2019,102,Lyon,Paris,Hors EP,6e,Français,21,21,-5.57,0,92.76,81.29
2019,102,Lyon,Paris,Hors EP,6e,Mathématiques,23,21,-5.57,0,83.28,78.3
2019,103,Lille,Puy-de-Dôme,Hors EP,CP,Français,22,23,-18.06,0,67.79,66.46
2019,103,Lille,Puy-de-Dôme,Hors EP,CP,Mathématiques,21,23,-18.06,0,65.49,62.08
2019,103,Lille,Puy-de-Dôme,Hors EP,CE1,Français,19,23,-18.06,0,70.86,65.55
2019,103,Lille,Puy-de-Dôme,Hors EP,CE1,Mathématiques,21,23,-18.06,0,67.4,60.42
2019,103,Lille,Puy-de-Dôme,Hors EP,CM1,Français,25,23,-18.06,0,72.64,62.03
2019,103,Lille,Puy-de-Dôme,Hors EP,CM1,Mathématiques,17,23,-18.06,0,77.74,71.15
2019,103,Lille,Puy-de-Dôme,Hors EP,CM2,Français,23,23,-18.06,0,81.92,75.48
2019,103,Lille,Puy-de-Dôme,Hors EP,CM2,Mathématiques,23,23,-18.06,0,83.44,76.66
2019,103,Lille,Puy-de-Dôme,Hors EP,6e,Français,25,23,-18.06,0,83.87,65.4
2019,103,Lille,Puy-de-Dôme,Hors EP,6e,Mathématiques,23,23,-18.06,0,86.95,81.97
2019,104,Bordeaux,Saône-et-Loire,REP,CP,Français,23,25,2.75,0,56.32,50.53
2019,104,Bordeaux,Saône-et-Loire,REP,CP,Mathématiques,27,25,2.75,0,48.57,50.39
2019,104,Bordeaux,Saône-et-Loire,REP,CE1,Français,26,25,2.75,0,60.44,42.48
2019,104,Bordeaux,Saône-et-Loire,REP,CE1,Mathématiques,26,25,2.75,0,58.64,64.23
2019,104,Bordeaux,Saône-et-Loire,REP,CM1,Français,28,25,2.75,0,68.01,62.09
2019,104,Bordeaux,Saône-et-Loire,REP,CM1,Mathématiques,26,25,2.75,0,61.61,56.88
2019,104,Bordeaux,Saône-et-Loire,REP,CM2,Français,24,25,2.75,0,66.71,54.8
2019,104,Bordeaux,Saône-et-Loire,REP,CM2,Mathématiques,27,25,2.75,0,63.38,56.3
2019,104,Bordeaux,Saône-et-Loire,REP,6e,Français,25,25,2.75,0,75.4,70.18
2019,104,Bordeaux,Saône-et-Loire,REP,6e,Mathématiques,23,25,2.75,0,66.13,64.74
2019,105,Nantes,Ain,REP+,CP,Français,21,19,19.43,0,53.92,62.93
2019,105,Nantes,Ain,REP+,CP,Mathématiques,13,19,19.43,1,57.34,58.24
2019,105,Nantes,Ain,REP+,CE1,Français,18,19,19.43,1,72.01,63.77
2019,105,Nantes,Ain,REP+,CE1,Mathématiques,19,19,19.43,0,52.3,47.95
2019,105,Nantes,Ain,REP+,CM1,Français,18,19,19.43,1,73.65,61.21
2019,105,Nantes,Ain,REP+,CM1,Mathématiques,21,19,19.43,0,60.67,61.75
2019,105,Nantes,Ain,REP+,CM2,Français,16,19,19.43,1,69.78,62.43
2019,105,Nantes,Ain,REP+,CM2,Mathématiques,26,19,19.43,0,63.93,55.7
2019,105,Nantes,Ain,REP+,6e,Français,20,19,19.43,0,74.91,59.09
2019,105,Nantes,Ain,REP+,6e,Mathématiques,22,19,19.43,0,66.08,59.48
2019,106,Paris,Bas-Rhin,Hors EP,CP,Français,28,27,-20.48,0,52.45,49.16
2019,106,Paris,Bas-Rhin,Hors EP,CP,Mathématiques,30,27,-20.48,0,59.45,60.64
2019,106,Paris,Bas-Rhin,Hors EP,CE1,Français,29,27,-20.48,0,75.59,63.46
2019,106,Paris,Bas-Rhin,Hors EP,CE1,Mathématiques,28,27,-20.48,0,60.67,61.04
2019,106,Paris,Bas-Rhin,Hors EP,CM1,Français,27,27,-20.48,0,80.28,66.93
2019,106,Paris,Bas-Rhin,Hors EP,CM1,Mathématiques,31,27,-20.48,0,68.61,61.49
2019,106,Paris,Bas-Rhin,Hors EP,CM2,Français,28,27,-20.48,0,77.82,69.7
2019,106,Paris,Bas-Rhin,Hors EP,CM2,Mathématiques,26,27,-20.48,0,72.28,62.48
2019,106,Paris,Bas-Rhin,Hors EP,6e,Français,23,27,-20.48,0,89.93,69.98
2019,106,Paris,Bas-Rhin,Hors EP,6e,Mathématiques,26,27,-20.48,0,83.36,75.88
2019,107,Lyon,Bouches-du-Rhône,Hors EP,CP,Français,27,26,0.62,0,61.38,46.49
2019,107,Lyon,Bouches-du-Rhône,Hors EP,CP,Mathématiques,26,26,0.62,0,60.56,47.39
2019,107,Lyon,Bouches-du-Rhône,Hors EP,CE1,Français,24,26,0.62,0,77.31,61.26
2019,107,Lyon,Bouches-du-Rhône,Hors EP,CE1,Mathématiques,30,26,0.62,0,59.6,55.97
2019,107,Lyon,Bouches-du-Rhône,Hors EP,CM1,Français,21,26,0.62,0,80.66,69.18
2019,107,Lyon,Bouches-du-Rhône,Hors EP,CM1,Mathématiques,20,26,0.62,0,91.09,74.47
2019,107,Lyon,Bouches-du-Rhône,Hors EP,CM2,Français,23,26,0.62,0,88.04,83.94
2019,107,Lyon,Bouches-du-Rhône,Hors EP,CM2,Mathématiques,27,26,0.62,0,71.67,64.8
2019,107,Lyon,Bouches-du-Rhône,Hors EP,6e,Français,19,26,0.62,0,96.33,72.33
2019,107,Lyon,Bouches-du-Rhône,Hors EP,6e,Mathématiques,22,26,0.62,0,86.56,76.09
2019,108,Lille,Gironde,Hors EP,CP,Français,26,31,7.74,0,74.48,61.63
2019,108,Lille,Gironde,Hors EP,CP,Mathématiques,33,31,7.74,0,66.63,62.87
2019,108,Lille,Gironde,Hors EP,CE1,Français,32,31,7.74,0,51.56,49.08
2019,108,Lille,Gironde,Hors EP,CE1,Mathématiques,32,31,7.74,0,66.59,54.18
2019,108,Lille,Gironde,Hors EP,CM1,Français,28,31,7.74,0,63.61,60.32
2019,108,Lille,Gironde,Hors EP,CM1,Mathématiques,24,31,7.74,0,80.72,75.8
2019,108,Lille,Gironde,Hors EP,CM2,Français,28,31,7.74,0,82.37,69.93
2019,108,Lille,Gironde,Hors EP,CM2,Mathématiques,30,31,7.74,0,70.07,65.76
2019,108,Lille,Gironde,Hors EP,6e,Français,25,31,7.74,0,79.49,68.45
2019,108,Lille,Gironde,Hors EP,6e,Mathématiques,28,31,7.74,0,83.25,68.37
2019,109,Bordeaux,Hérault,Hors EP,CP,Français,27,27,2.37,0,67.88,63.37
2019,109,Bordeaux,Hérault,Hors EP,CP,Mathématiques,26,27,2.37,0,54.97,43.45
2019,109,Bordeaux,Hérault,Hors EP,CE1,Français,24,27,2.37,0,71.09,66.24
2019,109,Bordeaux,Hérault,Hors EP,CE1,Mathématiques,24,27,2.37,0,71.6,57.46
2019,109,Bordeaux,Hérault,Hors EP,CM1,Français,24,27,2.37,0,71.95,65.86
2019,109,Bordeaux,Hérault,Hors EP,CM1,Mathématiques,19,27,2.37,0,81.05,62.77
2019,109,Bordeaux,Hérault,Hors EP,CM2,Français,23,27,2.37,0,87.91,75.92
2019,109,Bordeaux,Hérault,Hors EP,CM2,Mathématiques,20,27,2.37,0,80.56,62.27
2019,109,Bordeaux,Hérault,Hors EP,6e,Français,20,27,2.37,0,92.11,80.44
2019,109,Bordeaux,Hérault,Hors EP,6e,Mathématiques,25,27,2.37,0,86.8,73.96
2019,110,Nantes,Loire,Hors EP,CP,Français,19,21,-15.86,0,70.7,62.49
2019,110,Nantes,Loire,Hors EP,CP,Mathématiques,29,21,-15.86,0,52.24,49.9
2019,110,Nantes,Loire,Hors EP,CE1,Français,17,21,-15.86,0,73.45,63.21
2019,110,Nantes,Loire,Hors EP,CE1,Mathématiques,23,21,-15.86,0,65.67,58.7
2019,110,Nantes,Loire,Hors EP,CM1,Français,20,21,-15.86,0,73.09,61.44
2019,110,Nantes,Loire,Hors EP,CM1,Mathématiques,20,21,-15.86,0,76.73,69.97
2019,110,Nantes,Loire,Hors EP,CM2,Français,20,21,-15.86,0,83.26,63.01
2019,110,Nantes,Loire,Hors EP,CM2,Mathématiques,22,21,-15.86,0,76.47,70.73
2019,110,Nantes,Loire,Hors EP,6e,Français,24,21,-15.86,0,84.95,67.65
2019,110,Nantes,Loire,Hors EP,6e,Mathématiques,21,21,-15.86,0,87.07,72.63
2019,111,Paris,Maine-et-Loire,REP,CP,Français,18,25,-4.16,1,69.66,58.53
2019,111,Paris,Maine-et-Loire,REP,CP,Mathématiques,23,25,-4.16,0,51.78,40.77
2019,111,Paris,Maine-et-Loire,REP,CE1,Français,22,25,-4.16,0,61.32,59.88
2019,111,Paris,Maine-et-Loire,REP,CE1,Mathématiques,22,25,-4.16,0,47.1,53.42
2019,111,Paris,Maine-et-Loire,REP,CM1,Français,23,25,-4.16,0,58.69,50.97
2019,111,Paris,Maine-et-Loire,REP,CM1,Mathématiques,23,25,-4.16,0,64.16,56.19
2019,111,Paris,Maine-et-Loire,REP,CM2,Français,24,25,-4.16,0,60.13,50.68
2019,111,Paris,Maine-et-Loire,REP,CM2,Mathématiques,17,25,-4.16,1,75.56,73.92
2019,111,Paris,Maine-et-Loire,REP,6e,Français,27,25,-4.16,0,71.56,60.47
2019,111,Paris,Maine-et-Loire,REP,6e,Mathématiques,21,25,-4.16,0,75.03,58.21
2019,112,Lyon,Moselle,Hors EP,CP,Français,28,27,-8.99,0,64.3,55.6
2019,112,Lyon,Moselle,Hors EP,CP,Mathématiques,28,27,-8.99,0,62.76,67.48
2019,112,Lyon,Moselle,Hors EP,CE1,Français,28,27,-8.99,0,66.84,68.09
2019,112,Lyon,Moselle,Hors EP,CE1,Mathématiques,27,27,-8.99,0,58.96,56.35
2019,112,Lyon,Moselle,Hors EP,CM1,Français,31,27,-8.99,0,71.95,63.44
2019,112,Lyon,Moselle,Hors EP,CM1,Mathématiques,24,27,-8.99,0,73.36,71.05
2019,112,Lyon,Moselle,Hors EP,CM2,Français,25,27,-8.99,0,79.62,67.2
2019,112,Lyon,Moselle,Hors EP,CM2,Mathématiques,26,27,-8.99,0,77.94,70.21
2019,112,Lyon,Moselle,Hors EP,6e,Français,29,27,-8.99,0,77.73,59.62
2019,112,Lyon,Moselle,Hors EP,6e,Mathématiques,29,27,-8.99,0,76.84,76.45
2019,113,Lille,Nord,Hors EP,CP,Français,32,31,6.83,0,64.73,57.25
2019,113,Lille,Nord,Hors EP,CP,Mathématiques,33,31,6.83,0,57.42,54.69
2019,113,Lille,Nord,Hors EP,CE1,Français,26,31,6.83,0,73.62,63.76
2019,113,Lille,Nord,Hors EP,CE1,Mathématiques,31,31,6.83,0,64.28,59.61
2019,113,Lille,Nord,Hors EP,CM1,Français,30,31,6.83,0,76.66,66.13
2019,113,Lille,Nord,Hors EP,CM1,Mathématiques,26,31,6.83,0,76.28,62.83
2019,113,Lille,Nord,Hors EP,CM2,Français,27,31,6.83,0,76.22,68.25
2019,113,Lille,Nord,Hors EP,CM2,Mathématiques,30,31,6.83,0,65.52,57.64
2019,113,Lille,Nord,Hors EP,6e,Français,33,31,6.83,0,78.39,67.48
2019,113,Lille,Nord,Hors EP,6e,Mathématiques,33,31,6.83,0,81.0,75.19
2019,114,Bordeaux,Paris,Hors EP,CP,Français,27,34,29.54,0,60.61,56.25
2019,114,Bordeaux,Paris,Hors EP,CP,Mathématiques,28,34,29.54,0,67.59,66.33
2019,114,Bordeaux,Paris,Hors EP,CE1,Français,29,34,29.54,0,69.66,64.98
2019,114,Bordeaux,Paris,Hors EP,CE1,Mathématiques,28,34,29.54,0,67.11,65.82
2019,114,Bordeaux,Paris,Hors EP,CM1,Français,32,34,29.54,0,78.92,67.83
2019,114,Bordeaux,Paris,Hors EP,CM1,Mathématiques,24,34,29.54,0,77.58,63.96
2019,114,Bordeaux,Paris,Hors EP,CM2,Français,29,34,29.54,0,78.72,68.43
2019,114,Bordeaux,Paris,Hors EP,CM2,Mathématiques,26,34,29.54,0,75.68,72.58
2019,114,Bordeaux,Paris,Hors EP,6e,Français,27,34,29.54,0,88.55,79.98
2019,114,Bordeaux,Paris,Hors EP,6e,Mathématiques,31,34,29.54,0,85.52,74.67
2019,115,Nantes,Puy-de-Dôme,REP,CP,Français,23,27,-22.05,0,55.09,49.32
2019,115,Nantes,Puy-de-Dôme,REP,CP,Mathématiques,28,27,-22.05,0,44.17,45.46
2019,115,Nantes,Puy-de-Dôme,REP,CE1,Français,27,27,-22.05,0,51.53,50.92
2019,115,Nantes,Puy-de-Dôme,REP,CE1,Mathématiques,26,27,-22.05,0,43.63,43.24
2019,115,Nantes,Puy-de-Dôme,REP,CM1,Français,26,27,-22.05,0,59.55,62.83
2019,115,Nantes,Puy-de-Dôme,REP,CM1,Mathématiques,20,27,-22.05,0,54.05,55.6
2019,115,Nantes,Puy-de-Dôme,REP,CM2,Français,26,27,-22.05,0,63.38,60.1
2019,115,Nantes,Puy-de-Dôme,REP,CM2,Mathématiques,26,27,-22.05,0,57.59,50.63
2019,115,Nantes,Puy-de-Dôme,REP,6e,Français,24,27,-22.05,0,75.12,60.25
2019,115,Nantes,Puy-de-Dôme,REP,6e,Mathématiques,24,27,-22.05,0,66.96,62.62
2019,116,Paris,Saône-et-Loire,Hors EP,CP,Français,21,25,-6.47,0,62.46,53.91
2019,116,Paris,Saône-et-Loire,Hors EP,CP,Mathématiques,23,25,-6.47,0,66.27,63.06
2019,116,Paris,Saône-et-Loire,Hors EP,CE1,Français,23,25,-6.47,0,81.22,66.49
2019,116,Paris,Saône-et-Loire,Hors EP,CE1,Mathématiques,18,25,-6.47,0,68.6,58.13
2019,116,Paris,Saône-et-Loire,Hors EP,CM1,Français,20,25,-6.47,0,80.94,76.31
2019,116,Paris,Saône-et-Loire,Hors EP,CM1,Mathématiques,26,25,-6.47,0,74.39,76.29
2019,116,Paris,Saône-et-Loire,Hors EP,CM2,Français,21,25,-6.47,0,77.28,72.81
2019,116,Paris,Saône-et-Loire,Hors EP,CM2,Mathématiques,17,25,-6.47,0,80.93,72.63
2019,116,Paris,Saône-et-Loire,Hors EP,6e,Français,22,25,-6.47,0,87.86,68.84
2019,116,Paris,Saône-et-Loire,Hors EP,6e,Mathématiques,22,25,-6.47,0,90.24,76.46
2019,117,Lyon,Ain,REP,CP,Français,17,15,4.71,1,65.06,48.19
2019,117,Lyon,Ain,REP,CP,Mathématiques,17,15,4.71,1,61.63,60.35
2019,117,Lyon,Ain,REP,CE1,Français,14,15,4.71,1,68.22,62.16
2019,117,Lyon,Ain,REP,CE1,Mathématiques,22,15,4.71,0,60.44,56.78
2019,117,Lyon,Ain,REP,CM1,Français,17,15,4.71,1,70.78,57.52
2019,117,Lyon,Ain,REP,CM1,Mathématiques,12,15,4.71,1,83.45,79.38
2019,117,Lyon,Ain,REP,CM2,Français,17,15,4.71,1,84.27,64.55
2019,117,Lyon,Ain,REP,CM2,Mathématiques,15,15,4.71,1,88.73,75.99
2019,117,Lyon,Ain,REP,6e,Français,15,15,4.71,1,80.75,76.81
2019,117,Lyon,Ain,REP,6e,Mathématiques,16,15,4.71,1,77.76,63.26
2019,118,Lille,Bas-Rhin,Hors EP,CP,Français,26,24,-6.04,0,65.53,64.87
2019,118,Lille,Bas-Rhin,Hors EP,CP,Mathématiques,23,24,-6.04,0,78.58,65.61
2019,118,Lille,Bas-Rhin,Hors EP,CE1,Français,22,24,-6.04,0,68.16,60.29
2019,118,Lille,Bas-Rhin,Hors EP,CE1,Mathématiques,20,24,-6.04,0,72.9,55.05
2019,118,Lille,Bas-Rhin,Hors EP,CM1,Français,24,24,-6.04,0,70.89,61.3
2019,118,Lille,Bas-Rhin,Hors EP,CM1,Mathématiques,26,24,-6.04,0,82.54,65.74
2019,118,Lille,Bas-Rhin,Hors EP,CM2,Français,24,24,-6.04,0,78.72,64.18
2019,118,Lille,Bas-Rhin,Hors EP,CM2,Mathématiques,22,24,-6.04,0,84.48,70.01
2019,118,Lille,Bas-Rhin,Hors EP,6e,Français,30,24,-6.04,0,83.45,66.69
2019,118,Lille,Bas-Rhin,Hors EP,6e,Mathématiques,23,24,-6.04,0,81.27,74.26
2019,119,Bordeaux,Bouches-du-Rhône,Hors EP,CP,Français,23,23,8.2,0,75.8,69.19
2019,119,Bordeaux,Bouches-du-Rhône,Hors EP,CP,Mathématiques,20,23,8.2,0,72.86,58.82
2019,119,Bordeaux,Bouches-du-Rhône,Hors EP,CE1,Français,15,23,8.2,0,80.05,64.4
2019,119,Bordeaux,Bouches-du-Rhône,Hors EP,CE1,Mathématiques,20,23,8.2,0,73.82,66.44
2019,119,Bordeaux,Bouches-du-Rhône,Hors EP,CM1,Français,22,23,8.2,0,84.23,73.25
2019,119,Bordeaux,Bouches-du-Rhône,Hors EP,CM1,Mathématiques,19,23,8.2,0,80.67,66.87
2019,119,Bordeaux,Bouches-du-Rhône,Hors EP,CM2,Français,20,23,8.2,0,99.07,83.28
2019,119,Bordeaux,Bouches-du-Rhône,Hors EP,CM2,Mathématiques,21,23,8.2,0,80.21,74.64
2019,119,Bordeaux,Bouches-du-Rhône,Hors EP,6e,Français,22,23,8.2,0,93.94,79.95
2019,119,Bordeaux,Bouches-du-Rhône,Hors EP,6e,Mathématiques,23,23,8.2,0,92.31,79.18
2019,120,Nantes,Gironde,REP+,CP,Français,20,24,-8.62,0,40.43,46.63
2019,120,Nantes,Gironde,REP+,CP,Mathématiques,18,24,-8.62,1,53.94,50.62
2019,120,Nantes,Gironde,REP+,CE1,Français,20,24,-8.62,0,50.72,49.15
2019,120,Nantes,Gironde,REP+,CE1,Mathématiques,20,24,-8.62,0,47.25,43.27
2019,120,Nantes,Gironde,REP+,CM1,Français,23,24,-8.62,0,46.1,45.32
2019,120,Nantes,Gironde,REP+,CM1,Mathématiques,19,24,-8.62,0,58.05,47.2
2019,120,Nantes,Gironde,REP+,CM2,Français,19,24,-8.62,0,63.71,63.67
2019,120,Nantes,Gironde,REP+,CM2,Mathématiques,21,24,-8.62,0,54.04,49.31
2019,120,Nantes,Gironde,REP+,6e,Français,22,24,-8.62,0,61.06,56.13
2019,120,Nantes,Gironde,REP+,6e,Mathématiques,20,24,-8.62,0,63.53,71.68
2019,121,Paris,Hérault,Hors EP,CP,Français,27,29,6.33,0,63.11,57.64
2019,121,Paris,Hérault,Hors EP,CP,Mathématiques,23,29,6.33,0,61.21,61.81
2019,121,Paris,Hérault,Hors EP,CE1,Français,24,29,6.33,0,61.6,65.71
2019,121,Paris,Hérault,Hors EP,CE1,Mathématiques,23,29,6.33,0,69.25,70.3
2019,121,Paris,Hérault,Hors EP,CM1,Français,25,29,6.33,0,76.82,61.1
2019,121,Paris,Hérault,Hors EP,CM1,Mathématiques,21,29,6.33,0,77.41,69.45
2019,121,Paris,Hérault,Hors EP,CM2,Français,26,29,6.33,0,79.49,69.16
2019,121,Paris,Hérault,Hors EP,CM2,Mathématiques,20,29,6.33,0,86.13,74.38
2019,121,Paris,Hérault,Hors EP,6e,Français,30,29,6.33,0,83.09,66.79
2019,121,Paris,Hérault,Hors EP,6e,Mathématiques,25,29,6.33,0,83.08,73.67
2019,122,Lyon,Loire,Hors EP,CP,Français,23,21,3.15,0,69.34,66.21
2019,122,Lyon,Loire,Hors EP,CP,Mathématiques,23,21,3.15,0,67.18,56.61
2019,122,Lyon,Loire,Hors EP,CE1,Français,20,21,3.15,0,81.11,72.8
2019,122,Lyon,Loire,Hors EP,CE1,Mathématiques,22,21,3.15,0,68.8,60.77
2019,122,Lyon,Loire,Hors EP,CM1,Français,20,21,3.15,0,81.45,76.22
2019,122,Lyon,Loire,Hors EP,CM1,Mathématiques,14,21,3.15,0,80.62,69.42
2019,122,Lyon,Loire,Hors EP,CM2,Français,17,21,3.15,0,91.5,73.6
2019,122,Lyon,Loire,Hors EP,CM2,Mathématiques,19,21,3.15,0,92.9,83.22
2019,122,Lyon,Loire,Hors EP,6e,Français,21,21,3.15,0,92.49,77.07
2019,122,Lyon,Loire,Hors EP,6e,Mathématiques,25,21,3.15,0,87.79,70.95
2019,123,Lille,Maine-et-Loire,REP,CP,Français,23,25,-17.15,0,51.33,52.56
2019,123,Lille,Maine-et-Loire,REP,CP,Mathématiques,23,25,-17.15,0,46.81,49.99
2019,123,Lille,Maine-et-Loire,REP,CE1,Français,21,25,-17.15,0,56.39,50.69
2019,123,Lille,Maine-et-Loire,REP,CE1,Mathématiques,25,25,-17.15,0,50.48,56.19
2019,123,Lille,Maine-et-Loire,REP,CM1,Français,26,25,-17.15,0,56.52,38.83
2019,123,Lille,Maine-et-Loire,REP,CM1,Mathématiques,25,25,-17.15,0,56.2,48.89
2019,123,Lille,Maine-et-Loire,REP,CM2,Français,21,25,-17.15,0,67.48,67.37
2019,123,Lille,Maine-et-Loire,REP,CM2,Mathématiques,22,25,-17.15,0,71.22,65.9
2019,123,Lille,Maine-et-Loire,REP,6e,Français,21,25,-17.15,0,72.59,67.17
2019,123,Lille,Maine-et-Loire,REP,6e,Mathématiques,24,25,-17.15,0,73.13,63.42
2019,124,Bordeaux,Moselle,Hors EP,CP,Français,24,31,-13.62,0,64.98,62.5
2019,124,Bordeaux,Moselle,Hors EP,CP,Mathématiques,29,31,-13.62,0,52.46,47.69
2019,124,Bordeaux,Moselle,Hors EP,CE1,Français,25,31,-13.62,0,72.74,61.82
2019,124,Bordeaux,Moselle,Hors EP,CE1,Mathématiques,25,31,-13.62,0,59.81,58.09
2019,124,Bordeaux,Moselle,Hors EP,CM1,Français,26,31,-13.62,0,71.32,62.2
2019,124,Bordeaux,Moselle,Hors EP,CM1,Mathématiques,29,31,-13.62,0,64.04,54.34
2019,124,Bordeaux,Moselle,Hors EP,CM2,Français,29,31,-13.62,0,76.91,70.65
2019,124,Bordeaux,Moselle,Hors EP,CM2,Mathématiques,27,31,-13.62,0,75.21,64.4
2019,124,Bordeaux,Moselle,Hors EP,6e,Français,28,31,-13.62,0,87.7,80.05
2019,124,Bordeaux,Moselle,Hors EP,6e,Mathématiques,23,31,-13.62,0,89.84,74.3
2019,125,Nantes,Nord,Hors EP,CP,Français,22,26,6.49,0,74.05,66.05
2019,125,Nantes,Nord,Hors EP,CP,Mathématiques,22,26,6.49,0,64.09,60.63
2019,125,Nantes,Nord,Hors EP,CE1,Français,23,26,6.49,0,67.19,64.92
2019,125,Nantes,Nord,Hors EP,CE1,Mathématiques,22,26,6.49,0,78.44,61.33
2019,125,Nantes,Nord,Hors EP,CM1,Français,23,26,6.49,0,76.23,61.96
2019,125,Nantes,Nord,Hors EP,CM1,Mathématiques,22,26,6.49,0,85.25,73.68
2019,125,Nantes,Nord,Hors EP,CM2,Français,21,26,6.49,0,77.95,59.4
2019,125,Nantes,Nord,Hors EP,CM2,Mathématiques,22,26,6.49,0,79.43,67.89
2019,125,Nantes,Nord,Hors EP,6e,Français,17,26,6.49,0,93.47,83.7
2019,125,Nantes,Nord,Hors EP,6e,Mathématiques,27,26,6.49,0,74.25,61.49
2019,126,Paris,Paris,REP+,CP,Français,17,16,20.19,1,61.97,65.1
2019,126,Paris,Paris,REP+,CP,Mathématiques,17,16,20.19,1,61.32,52.95
2019,126,Paris,Paris,REP+,CE1,Français,14,16,20.19,1,63.78,69.3
2019,126,Paris,Paris,REP+,CE1,Mathématiques,19,16,20.19,0,54.86,47.42
2019,126,Paris,Paris,REP+,CM1,Français,19,16,20.19,0,56.51,45.59
2019,126,Paris,Paris,REP+,CM1,Mathématiques,16,16,20.19,1,78.32,77.75
2019,126,Paris,Paris,REP+,CM2,Français,16,16,20.19,1,74.49,57.45
2019,126,Paris,Paris,REP+,CM2,Mathématiques,17,16,20.19,1,75.25,70.12
2019,126,Paris,Paris,REP+,6e,Français,19,16,20.19,0,71.73,66.56
2019,126,Paris,Paris,REP+,6e,Mathématiques,15,16,20.19,1,81.94,68.18
2019,127,Lyon,Puy-de-Dôme,REP,CP,Français,17,23,9.53,1,64.45,57.48
2019,127,Lyon,Puy-de-Dôme,REP,CP,Mathématiques,17,23,9.53,1,64.41,56.93
2019,127,Lyon,Puy-de-Dôme,REP,CE1,Français,24,23,9.53,0,59.49,60.6
2019,127,Lyon,Puy-de-Dôme,REP,CE1,Mathématiques,22,23,9.53,0,55.23,53.23
2019,127,Lyon,Puy-de-Dôme,REP,CM1,Français,23,23,9.53,0,71.11,62.7
2019,127,Lyon,Puy-de-Dôme,REP,CM1,Mathématiques,17,23,9.53,1,68.51,59.96
2019,127,Lyon,Puy-de-Dôme,REP,CM2,Français,15,23,9.53,1,92.32,80.76
2019,127,Lyon,Puy-de-Dôme,REP,CM2,Mathématiques,19,23,9.53,0,66.35,65.26
2019,127,Lyon,Puy-de-Dôme,REP,6e,Français,18,23,9.53,1,84.66,68.74
2019,127,Lyon,Puy-de-Dôme,REP,6e,Mathématiques,21,23,9.53,0,77.34,73.55
2019,128,Lille,Saône-et-Loire,Hors EP,CP,Français,19,22,-8.05,0,68.21,57.35
2019,128,Lille,Saône-et-Loire,Hors EP,CP,Mathématiques,22,22,-8.05,0,61.22,54.32
2019,128,Lille,Saône-et-Loire,Hors EP,CE1,Français,26,22,-8.05,0,76.65,58.5
2019,128,Lille,Saône-et-Loire,Hors EP,CE1,Mathématiques,21,22,-8.05,0,66.87,64.3
2019,128,Lille,Saône-et-Loire,Hors EP,CM1,Français,23,22,-8.05,0,74.38,69.16
2019,128,Lille,Saône-et-Loire,Hors EP,CM1,Mathématiques,26,22,-8.05,0,71.85,59.78
2019,128,Lille,Saône-et-Loire,Hors EP,CM2,Français,25,22,-8.05,0,79.78,68.05
2019,128,Lille,Saône-et-Loire,Hors EP,CM2,Mathématiques,23,22,-8.05,0,83.8,73.23
2019,128,Lille,Saône-et-Loire,Hors EP,6e,Français,27,22,-8.05,0,90.05,78.53
2019,128,Lille,Saône-et-Loire,Hors EP,6e,Mathématiques,23,22,-8.05,0,89.32,78.06
2019,129,Bordeaux,Ain,Hors EP,CP,Français,25,27,3.49,0,66.05,61.39
2019,129,Bordeaux,Ain,Hors EP,CP,Mathématiques,26,27,3.49,0,68.51,63.13
2019,129,Bordeaux,Ain,Hors EP,CE1,Français,24,27,3.49,0,70.65,56.43
2019,129,Bordeaux,Ain,Hors EP,CE1,Mathématiques,29,27,3.49,0,62.18,62.12
2019,129,Bordeaux,Ain,Hors EP,CM1,Français,26,27,3.49,0,77.69,67.24
2019,129,Bordeaux,Ain,Hors EP,CM1,Mathématiques,23,27,3.49,0,71.66,72.37
2019,129,Bordeaux,Ain,Hors EP,CM2,Français,25,27,3.49,0,87.28,81.28
2019,129,Bordeaux,Ain,Hors EP,CM2,Mathématiques,24,27,3.49,0,82.02,71.0
2019,129,Bordeaux,Ain,Hors EP,6e,Français,22,27,3.49,0,89.08,78.51
2019,129,Bordeaux,Ain,Hors EP,6e,Mathématiques,24,27,3.49,0,83.66,71.02
2019,130,Nantes,Bas-Rhin,Hors EP,CP,Français,16,18,-3.04,0,71.48,66.95
2019,130,Nantes,Bas-Rhin,Hors EP,CP,Mathématiques,20,18,-3.04,0,68.77,67.23
2019,130,Nantes,Bas-Rhin,Hors EP,CE1,Français,21,18,-3.04,0,77.71,65.11
2019,130,Nantes,Bas-Rhin,Hors EP,CE1,Mathématiques,19,18,-3.04,0,75.08,61.98
2019,130,Nantes,Bas-Rhin,Hors EP,CM1,Français,14,18,-3.04,0,73.63,65.42
2019,130,Nantes,Bas-Rhin,Hors EP,CM1,Mathématiques,19,18,-3.04,0,73.52,70.22
2019,130,Nantes,Bas-Rhin,Hors EP,CM2,Français,18,18,-3.04,0,93.81,80.64
2019,130,Nantes,Bas-Rhin,Hors EP,CM2,Mathématiques,15,18,-3.04,0,86.8,77.37
2019,130,Nantes,Bas-Rhin,Hors EP,6e,Français,17,18,-3.04,0,86.25,74.15
2019,130,Nantes,Bas-Rhin,Hors EP,6e,Mathématiques,15,18,-3.04,0,94.78,77.41
2019,131,Paris,Bouches-du-Rhône,Hors EP,CP,Français,16,18,17.15,0,74.44,63.61
2019,131,Paris,Bouches-du-Rhône,Hors EP,CP,Mathématiques,16,18,17.15,0,73.26,58.34
2019,131,Paris,Bouches-du-Rhône,Hors EP,CE1,Français,18,18,17.15,0,81.48,69.33
2019,131,Paris,Bouches-du-Rhône,Hors EP,CE1,Mathématiques,15,18,17.15,0,80.79,73.59
2019,131,Paris,Bouches-du-Rhône,Hors EP,CM1,Français,15,18,17.15,0,79.33,64.19
2019,131,Paris,Bouches-du-Rhône,Hors EP,CM1,Mathématiques,19,18,17.15,0,82.5,75.05
2019,131,Paris,Bouches-du-Rhône,Hors EP,CM2,Français,17,18,17.15,0,86.0,78.07
2019,131,Paris,Bouches-du-Rhône,Hors EP,CM2,Mathématiques,17,18,17.15,0,88.0,67.09
2019,131,Paris,Bouches-du-Rhône,Hors EP,6e,Français,17,18,17.15,0,99.7,79.22
2019,131,Paris,Bouches-du-Rhône,Hors EP,6e,Mathématiques,20,18,17.15,0,79.87,66.51
2019,132,Lyon,Gironde,Hors EP,CP,Français,32,34,8.05,0,58.22,52.72
2019,132,Lyon,Gironde,Hors EP,CP,Mathématiques,29,34,8.05,0,54.5,49.78
2019,132,Lyon,Gironde,Hors EP,CE1,Français,32,34,8.05,0,67.82,60.33
2019,132,Lyon,Gironde,Hors EP,CE1,Mathématiques,29,34,8.05,0,67.78,64.95
2019,132,Lyon,Gironde,Hors EP,CM1,Français,28,34,8.05,0,81.97,77.32
2019,132,Lyon,Gironde,Hors EP,CM1,Mathématiques,31,34,8.05,0,65.57,54.49
2019,132,Lyon,Gironde,Hors EP,CM2,Français,28,34,8.05,0,80.34,60.79
2019,132,Lyon,Gironde,Hors EP,CM2,Mathématiques,30,34,8.05,0,81.06,73.0
2019,132,Lyon,Gironde,Hors EP,6e,Français,27,34,8.05,0,82.39,72.53
2019,132,Lyon,Gironde,Hors EP,6e,Mathématiques,29,34,8.05,0,83.16,74.56
2019,133,Lille,Hérault,REP,CP,Français,17,20,-4.36,1,71.47,68.46
2019,133,Lille,Hérault,REP,CP,Mathématiques,20,20,-4.36,0,55.69,52.32
2019,133,Lille,Hérault,REP,CE1,Français,16,20,-4.36,1,63.77,65.06
2019,133,Lille,Hérault,REP,CE1,Mathématiques,16,20,-4.36,1,70.85,66.58
2019,133,Lille,Hérault,REP,CM1,Français,14,20,-4.36,1,73.42,72.66
2019,133,Lille,Hérault,REP,CM1,Mathématiques,18,20,-4.36,1,71.96,63.3
2019,133,Lille,Hérault,REP,CM2,Français,20,20,-4.36,0,75.98,59.34
2019,133,Lille,Hérault,REP,CM2,Mathématiques,21,20,-4.36,0,72.22,63.35
2019,133,Lille,Hérault,REP,6e,Français,14,20,-4.36,1,92.32,80.16
2019,133,Lille,Hérault,REP,6e,Mathématiques,13,20,-4.36,1,83.53,87.43
2019,134,Bordeaux,Loire,Hors EP,CP,Français,24,22,21.27,0,76.59,68.32
2019,134,Bordeaux,Loire,Hors EP,CP,Mathématiques,25,22,21.27,0,62.53,58.34
2019,134,Bordeaux,Loire,Hors EP,CE1,Français,23,22,21.27,0,81.37,71.93
2019,134,Bordeaux,Loire,Hors EP,CE1,Mathématiques,20,22,21.27,0,75.14,57.71
2019,134,Bordeaux,Loire,Hors EP,CM1,Français,16,22,21.27,0,89.39,73.91
2019,134,Bordeaux,Loire,Hors EP,CM1,Mathématiques,21,22,21.27,0,83.69,78.89
2019,134,Bordeaux,Loire,Hors EP,CM2,Français,23,22,21.27,0,94.83,82.0
2019,134,Bordeaux,Loire,Hors EP,CM2,Mathématiques,23,22,21.27,0,84.23,65.85
2019,134,Bordeaux,Loire,Hors EP,6e,Français,24,22,21.27,0,79.25,65.96
2019,134,Bordeaux,Loire,Hors EP,6e,Mathématiques,22,22,21.27,0,85.5,70.88
2019,135,Nantes,Maine-et-Loire,REP,CP,Français,20,23,-5.63,0,59.8,54.41
2019,135,Nantes,Maine-et-Loire,REP,CP,Mathématiques,18,23,-5.63,1,64.88,61.31
2019,135,Nantes,Maine-et-Loire,REP,CE1,Français,25,23,-5.63,0,55.79,51.08
2019,135,Nantes,Maine-et-Loire,REP,CE1,Mathématiques,28,23,-5.63,0,50.45,52.91
2019,135,Nantes,Maine-et-Loire,REP,CM1,Français,22,23,-5.63,0,67.93,53.91
2019,135,Nantes,Maine-et-Loire,REP,CM1,Mathématiques,22,23,-5.63,0,56.39,50.32
2019,135,Nantes,Maine-et-Loire,REP,CM2,Français,26,23,-5.63,0,63.47,61.75
2019,135,Nantes,Maine-et-Loire,REP,CM2,Mathématiques,27,23,-5.63,0,62.2,62.26
2019,135,Nantes,Maine-et-Loire,REP,6e,Français,24,23,-5.63,0,73.55,68.76
2019,135,Nantes,Maine-et-Loire,REP,6e,Mathématiques,28,23,-5.63,0,63.56,53.42
2019,136,Paris,Moselle,Hors EP,CP,Français,22,26,-6.44,0,65.69,62.41
2019,136,Paris,Moselle,Hors EP,CP,Mathématiques,27,26,-6.44,0,62.04,54.57
2019,136,Paris,Moselle,Hors EP,CE1,Français,30,26,-6.44,0,67.07,63.54
2019,136,Paris,Moselle,Hors EP,CE1,Mathématiques,27,26,-6.44,0,67.59,63.25
2019,136,Paris,Moselle,Hors EP,CM1,Français,25,26,-6.44,0,77.71,71.8
2019,136,Paris,Moselle,Hors EP,CM1,Mathématiques,30,26,-6.44,0,70.4,58.05
2019,136,Paris,Moselle,Hors EP,CM2,Français,25,26,-6.44,0,79.07,69.71
2019,136,Paris,Moselle,Hors EP,CM2,Mathématiques,27,26,-6.44,0,71.17,57.75
2019,136,Paris,Moselle,Hors EP,6e,Français,22,26,-6.44,0,74.69,65.13
2019,136,Paris,Moselle,Hors EP,6e,Mathématiques,33,26,-6.44,0,83.91,67.17
2019,137,Lyon,Nord,Hors EP,CP,Français,19,23,-14.37,0,69.65,63.63
2019,137,Lyon,Nord,Hors EP,CP,Mathématiques,22,23,-14.37,0,63.26,58.2
2019,137,Lyon,Nord,Hors EP,CE1,Français,17,23,-14.37,0,69.33,54.65
2019,137,Lyon,Nord,Hors EP,CE1,Mathématiques,22,23,-14.37,0,67.26,51.38
2019,137,Lyon,Nord,Hors EP,CM1,Français,20,23,-14.37,0,73.96,73.59
2019,137,Lyon,Nord,Hors EP,CM1,Mathématiques,19,23,-14.37,0,80.54,75.21
2019,137,Lyon,Nord,Hors EP,CM2,Français,18,23,-14.37,0,86.72,76.74
2019,137,Lyon,Nord,Hors EP,CM2,Mathématiques,20,23,-14.37,0,83.2,64.93
2019,137,Lyon,Nord,Hors EP,6e,Français,21,23,-14.37,0,86.49,75.56
2019,137,Lyon,Nord,Hors EP,6e,Mathématiques,22,23,-14.37,0,87.79,76.44
2019,138,Lille,Paris,REP,CP,Français,22,26,-0.41,0,59.65,53.11
2019,138,Lille,Paris,REP,CP,Mathématiques,19,26,-0.41,0,57.37,52.98
2019,138,Lille,Paris,REP,CE1,Français,19,26,-0.41,0,64.4,65.95
2019,138,Lille,Paris,REP,CE1,Mathématiques,18,26,-0.41,1,73.65,52.4
2019,138,Lille,Paris,REP,CM1,Français,21,26,-0.41,0,74.63,64.11
2019,138,Lille,Paris,REP,CM1,Mathématiques,22,26,-0.41,0,65.88,51.22
2019,138,Lille,Paris,REP,CM2,Français,22,26,-0.41,0,70.74,72.41
2019,138,Lille,Paris,REP,CM2,Mathématiques,19,26,-0.41,0,68.43,56.89
2019,138,Lille,Paris,REP,6e,Français,19,26,-0.41,0,83.22,71.73
2019,138,Lille,Paris,REP,6e,Mathématiques,21,26,-0.41,0,71.02,60.48
2019,139,Bordeaux,Puy-de-Dôme,REP,CP,Français,14,16,-4.31,1,68.28,62.63
2019,139,Bordeaux,Puy-de-Dôme,REP,CP,Mathématiques,15,16,-4.31,1,63.93,69.27
2019,139,Bordeaux,Puy-de-Dôme,REP,CE1,Français,21,16,-4.31,0,55.14,47.92
2019,139,Bordeaux,Puy-de-Dôme,REP,CE1,Mathématiques,13,16,-4.31,1,73.34,62.88
2019,139,Bordeaux,Puy-de-Dôme,REP,CM1,Français,17,16,-4.31,1,86.57,73.81
2019,139,Bordeaux,Puy-de-Dôme,REP,CM1,Mathématiques,18,16,-4.31,1,76.92,64.37
2019,139,Bordeaux,Puy-de-Dôme,REP,CM2,Français,19,16,-4.31,0,68.86,68.52
2019,139,Bordeaux,Puy-de-Dôme,REP,CM2,Mathématiques,15,16,-4.31,1,77.43,62.21
2019,139,Bordeaux,Puy-de-Dôme,REP,6e,Français,14,16,-4.31,1,85.66,61.09
2019,139,Bordeaux,Puy-de-Dôme,REP,6e,Mathématiques,15,16,-4.31,1,82.3,74.91
2019,140,Nantes,Saône-et-Loire,Hors EP,CP,Français,26,21,-2.82,0,61.86,53.47
2019,140,Nantes,Saône-et-Loire,Hors EP,CP,Mathématiques,19,21,-2.82,0,62.19,58.83
2019,140,Nantes,Saône-et-Loire,Hors EP,CE1,Français,23,21,-2.82,0,78.03,73.27
2019,140,Nantes,Saône-et-Loire,Hors EP,CE1,Mathématiques,28,21,-2.82,0,64.43,57.51
2019,140,Nantes,Saône-et-Loire,Hors EP,CM1,Français,19,21,-2.82,0,85.0,73.39
2019,140,Nantes,Saône-et-Loire,Hors EP,CM1,Mathématiques,24,21,-2.82,0,69.24,63.84
2019,140,Nantes,Saône-et-Loire,Hors EP,CM2,Français,23,21,-2.82,0,83.89,68.63
2019,140,Nantes,Saône-et-Loire,Hors EP,CM2,Mathématiques,25,21,-2.82,0,87.69,69.08
2019,140,Nantes,Saône-et-Loire,Hors EP,6e,Français,24,21,-2.82,0,74.41,68.94
2019,140,Nantes,Saône-et-Loire,Hors EP,6e,Mathématiques,17,21,-2.82,0,87.4,67.87
2019,141,Paris,Ain,Hors EP,CP,Français,26,32,-4.31,0,72.5,66.46
2019,141,Paris,Ain,Hors EP,CP,Mathématiques,24,32,-4.31,0,62.06,64.98
2019,141,Paris,Ain,Hors EP,CE1,Français,29,32,-4.31,0,62.55,56.2
2019,141,Paris,Ain,Hors EP,CE1,Mathématiques,26,32,-4.31,0,63.96,49.94
2019,141,Paris,Ain,Hors EP,CM1,Français,25,32,-4.31,0,82.53,69.22
2019,141,Paris,Ain,Hors EP,CM1,Mathématiques,27,32,-4.31,0,72.11,75.13
2019,141,Paris,Ain,Hors EP,CM2,Français,27,32,-4.31,0,84.41,69.4
2019,141,Paris,Ain,Hors EP,CM2,Mathématiques,26,32,-4.31,0,77.44,63.79
2019,141,Paris,Ain,Hors EP,6e,Français,26,32,-4.31,0,89.38,71.78
2019,141,Paris,Ain,Hors EP,6e,Mathématiques,27,32,-4.31,0,84.67,68.45
2019,142,Lyon,Bas-Rhin,REP,CP,Français,19,23,-24.1,0,56.98,62.47
2019,142,Lyon,Bas-Rhin,REP,CP,Mathématiques,21,23,-24.1,0,55.58,46.75
2019,142,Lyon,Bas-Rhin,REP,CE1,Français,20,23,-24.1,0,63.9,54.01
2019,142,Lyon,Bas-Rhin,REP,CE1,Mathématiques,22,23,-24.1,0,56.91,55.07
2019,142,Lyon,Bas-Rhin,REP,CM1,Français,19,23,-24.1,0,60.87,65.27
2019,142,Lyon,Bas-Rhin,REP,CM1,Mathématiques,22,23,-24.1,0,61.14,54.51
2019,142,Lyon,Bas-Rhin,REP,CM2,Français,20,23,-24.1,0,70.15,64.7
2019,142,Lyon,Bas-Rhin,REP,CM2,Mathématiques,22,23,-24.1,0,61.09,49.21
2019,142,Lyon,Bas-Rhin,REP,6e,Français,20,23,-24.1,0,66.55,58.63
2019,142,Lyon,Bas-Rhin,REP,6e,Mathématiques,19,23,-24.1,0,74.52,75.59
2019,143,Lille,Bouches-du-Rhône,REP,CP,Français,23,30,4.17,0,59.59,55.73
2019,143,Lille,Bouches-du-Rhône,REP,CP,Mathématiques,27,30,4.17,0,39.78,42.42
2019,143,Lille,Bouches-du-Rhône,REP,CE1,Français,29,30,4.17,0,52.64,56.66
2019,143,Lille,Bouches-du-Rhône,REP,CE1,Mathématiques,30,30,4.17,0,46.92,54.88
2019,143,Lille,Bouches-du-Rhône,REP,CM1,Français,27,30,4.17,0,61.72,57.47
2019,143,Lille,Bouches-du-Rhône,REP,CM1,Mathématiques,27,30,4.17,0,46.67,45.8
2019,143,Lille,Bouches-du-Rhône,REP,CM2,Français,24,30,4.17,0,76.52,74.96
2019,143,Lille,Bouches-du-Rhône,REP,CM2,Mathématiques,29,30,4.17,0,60.63,51.19
2019,143,Lille,Bouches-du-Rhône,REP,6e,Français,25,30,4.17,0,82.04,67.33
2019,143,Lille,Bouches-du-Rhône,REP,6e,Mathématiques,21,30,4.17,0,78.54,75.91
2019,144,Bordeaux,Gironde,REP,CP,Français,18,24,0.64,1,68.3,64.55
2019,144,Bordeaux,Gironde,REP,CP,Mathématiques,23,24,0.64,0,50.86,44.77
2019,144,Bordeaux,Gironde,REP,CE1,Français,20,24,0.64,0,69.65,71.73
2019,144,Bordeaux,Gironde,REP,CE1,Mathématiques,23,24,0.64,0,56.94,48.82
2019,144,Bordeaux,Gironde,REP,CM1,Français,25,24,0.64,0,70.79,55.49
2019,144,Bordeaux,Gironde,REP,CM1,Mathématiques,24,24,0.64,0,63.2,60.62
2019,144,Bordeaux,Gironde,REP,CM2,Français,27,24,0.64,0,75.24,64.99
2019,144,Bordeaux,Gironde,REP,CM2,Mathématiques,25,24,0.64,0,65.26,56.21
2019,144,Bordeaux,Gironde,REP,6e,Français,24,24,0.64,0,76.8,68.31
2019,144,Bordeaux,Gironde,REP,6e,Mathématiques,21,24,0.64,0,71.39,61.27
2019,145,Nantes,Hérault,Hors EP,CP,Français,23,25,11.75,0,67.41,68.61
2019,145,Nantes,Hérault,Hors EP,CP,Mathématiques,25,25,11.75,0,65.35,58.56
2019,145,Nantes,Hérault,Hors EP,CE1,Français,28,25,11.75,0,74.78,71.42
2019,145,Nantes,Hérault,Hors EP,CE1,Mathématiques,25,25,11.75,0,65.28,69.02
2019,145,Nantes,Hérault,Hors EP,CM1,Français,27,25,11.75,0,74.36,72.68
2019,145,Nantes,Hérault,Hors EP,CM1,Mathématiques,24,25,11.75,0,82.46,78.46
2019,145,Nantes,Hérault,Hors EP,CM2,Français,23,25,11.75,0,87.63,78.5
2019,145,Nantes,Hérault,Hors EP,CM2,Mathématiques,32,25,11.75,0,70.57,70.15
2019,145,Nantes,Hérault,Hors EP,6e,Français,25,25,11.75,0,82.62,70.58
2019,145,Nantes,Hérault,Hors EP,6e,Mathématiques,25,25,11.75,0,80.45,71.26
2019,146,Paris,Loire,REP,CP,Français,21,23,-1.78,0,57.16,59.42
2019,146,Paris,Loire,REP,CP,Mathématiques,22,23,-1.78,0,45.97,43.45
2019,146,Paris,Loire,REP,CE1,Français,21,23,-1.78,0,65.24,65.86
2019,146,Paris,Loire,REP,CE1,Mathématiques,25,23,-1.78,0,54.17,55.65
2019,146,Paris,Loire,REP,CM1,Français,17,23,-1.78,1,79.82,63.9
2019,146,Paris,Loire,REP,CM1,Mathématiques,21,23,-1.78,0,76.82,68.76
2019,146,Paris,Loire,REP,CM2,Français,19,23,-1.78,0,74.82,63.29
2019,146,Paris,Loire,REP,CM2,Mathématiques,19,23,-1.78,0,79.45,74.36
2019,146,Paris,Loire,REP,6e,Français,22,23,-1.78,0,73.52,63.44
2019,146,Paris,Loire,REP,6e,Mathématiques,25,23,-1.78,0,70.97,47.84
2019,147,Lyon,Maine-et-Loire,Hors EP,CP,Français,26,24,13.04,0,70.83,61.04
2019,147,Lyon,Maine-et-Loire,Hors EP,CP,Mathématiques,22,24,13.04,0,69.33,69.3
2019,147,Lyon,Maine-et-Loire,Hors EP,CE1,Français,23,24,13.04,0,70.89,69.31
2019,147,Lyon,Maine-et-Loire,Hors EP,CE1,Mathématiques,24,24,13.04,0,68.42,59.66
2019,147,Lyon,Maine-et-Loire,Hors EP,CM1,Français,25,24,13.04,0,71.28,60.78
2019,147,Lyon,Maine-et-Loire,Hors EP,CM1,Mathématiques,26,24,13.04,0,75.47,72.11
2019,147,Lyon,Maine-et-Loire,Hors EP,CM2,Français,30,24,13.04,0,85.67,77.83
2019,147,Lyon,Maine-et-Loire,Hors EP,CM2,Mathématiques,25,24,13.04,0,77.56,67.83
2019,147,Lyon,Maine-et-Loire,Hors EP,6e,Français,26,24,13.04,0,91.16,80.11
2019,147,Lyon,Maine-et-Loire,Hors EP,6e,Mathématiques,25,24,13.04,0,88.91,81.76
2019,148,Lille,Moselle,Hors EP,CP,Français,22,29,-10.29,0,69.42,64.81
2019,148,Lille,Moselle,Hors EP,CP,Mathématiques,20,29,-10.29,0,64.8,60.28
2019,148,Lille,Moselle,Hors EP,CE1,Français,22,29,-10.29,0,74.22,63.93
2019,148,Lille,Moselle,Hors EP,CE1,Mathématiques,22,29,-10.29,0,69.5,64.22
2019,148,Lille,Moselle,Hors EP,CM1,Français,22,29,-10.29,0,77.17,69.82
2019,148,Lille,Moselle,Hors EP,CM1,Mathématiques,22,29,-10.29,0,67.81,53.42
2019,148,Lille,Moselle,Hors EP,CM2,Français,23,29,-10.29,0,76.43,65.24
2019,148,Lille,Moselle,Hors EP,CM2,Mathématiques,28,29,-10.29,0,68.66,60.28
2019,148,Lille,Moselle,Hors EP,6e,Français,29,29,-10.29,0,83.8,70.15
2019,148,Lille,Moselle,Hors EP,6e,Mathématiques,24,29,-10.29,0,85.4,81.55
2019,149,Bordeaux,Nord,Hors EP,CP,Français,18,22,1.24,0,71.16,58.85
2019,149,Bordeaux,Nord,Hors EP,CP,Mathématiques,25,22,1.24,0,61.66,58.91
2019,149,Bordeaux,Nord,Hors EP,CE1,Français,18,22,1.24,0,77.84,61.92
2019,149,Bordeaux,Nord,Hors EP,CE1,Mathématiques,21,22,1.24,0,81.5,75.08
2019,149,Bordeaux,Nord,Hors EP,CM1,Français,22,22,1.24,0,94.04,74.37
2019,149,Bordeaux,Nord,Hors EP,CM1,Mathématiques,25,22,1.24,0,67.05,59.38
2019,149,Bordeaux,Nord,Hors EP,CM2,Français,19,22,1.24,0,88.51,75.46
2019,149,Bordeaux,Nord,Hors EP,CM2,Mathématiques,21,22,1.24,0,87.46,71.64
2019,149,Bordeaux,Nord,Hors EP,6e,Français,23,22,1.24,0,92.44,70.44
2019,149,Bordeaux,Nord,Hors EP,6e,Mathématiques,20,22,1.24,0,88.69,78.46
2019,150,Nantes,Paris,Hors EP,CP,Français,24,23,-10.47,0,65.11,57.9
2019,150,Nantes,Paris,Hors EP,CP,Mathématiques,23,23,-10.47,0,66.83,57.62
2019,150,Nantes,Paris,Hors EP,CE1,Français,21,23,-10.47,0,75.09,50.93
2019,150,Nantes,Paris,Hors EP,CE1,Mathématiques,21,23,-10.47,0,64.96,65.19
2019,150,Nantes,Paris,Hors EP,CM1,Français,22,23,-10.47,0,75.72,66.25
2019,150,Nantes,Paris,Hors EP,CM1,Mathématiques,22,23,-10.47,0,73.43,65.42
2019,150,Nantes,Paris,Hors EP,CM2,Français,22,23,-10.47,0,81.31,65.24
2019,150,Nantes,Paris,Hors EP,CM2,Mathématiques,20,23,-10.47,0,82.32,72.51
2019,150,Nantes,Paris,Hors EP,6e,Français,19,23,-10.47,0,94.36,82.99
2019,150,Nantes,Paris,Hors EP,6e,Mathématiques,25,23,-10.47,0,83.89,75.23
2019,151,Paris,Puy-de-Dôme,REP+,CP,Français,20,18,-18.41,0,55.05,47.81
2019,151,Paris,Puy-de-Dôme,REP+,CP,Mathématiques,14,18,-18.41,1,53.43,57.46
2019,151,Paris,Puy-de-Dôme,REP+,CE1,Français,13,18,-18.41,1,53.04,61.91
2019,151,Paris,Puy-de-Dôme,REP+,CE1,Mathématiques,17,18,-18.41,1,60.94,55.41
2019,151,Paris,Puy-de-Dôme,REP+,CM1,Français,17,18,-18.41,1,61.08,52.33
2019,151,Paris,Puy-de-Dôme,REP+,CM1,Mathématiques,16,18,-18.41,1,54.67,50.66
2019,151,Paris,Puy-de-Dôme,REP+,CM2,Français,15,18,-18.41,1,71.53,60.88
2019,151,Paris,Puy-de-Dôme,REP+,CM2,Mathématiques,14,18,-18.41,1,61.69,57.67
2019,151,Paris,Puy-de-Dôme,REP+,6e,Français,15,18,-18.41,1,71.7,64.07
2019,151,Paris,Puy-de-Dôme,REP+,6e,Mathématiques,15,18,-18.41,1,72.82,53.73
2019,152,Lyon,Saône-et-Loire,REP,CP,Français,15,16,-9.7,1,72.12,66.7
2019,152,Lyon,Saône-et-Loire,REP,CP,Mathématiques,19,16,-9.7,0,55.52,54.74
2019,152,Lyon,Saône-et-Loire,REP,CE1,Français,12,16,-9.7,1,69.51,61.14
2019,152,Lyon,Saône-et-Loire,REP,CE1,Mathématiques,19,16,-9.7,0,55.76,54.24
2019,152,Lyon,Saône-et-Loire,REP,CM1,Français,17,16,-9.7,1,82.15,70.19
2019,152,Lyon,Saône-et-Loire,REP,CM1,Mathématiques,18,16,-9.7,1,66.26,51.99
2019,152,Lyon,Saône-et-Loire,REP,CM2,Français,12,16,-9.7,1,85.47,76.49
2019,152,Lyon,Saône-et-Loire,REP,CM2,Mathématiques,18,16,-9.7,1,75.89,63.79
2019,152,Lyon,Saône-et-Loire,REP,6e,Français,16,16,-9.7,1,93.43,87.0
2019,152,Lyon,Saône-et-Loire,REP,6e,Mathématiques,18,16,-9.7,1,85.43,79.77
2019,153,Lille,Ain,Hors EP,CP,Français,23,22,-11.74,0,62.16,62.4
2019,153,Lille,Ain,Hors EP,CP,Mathématiques,24,22,-11.74,0,69.72,54.27
2019,153,Lille,Ain,Hors EP,CE1,Français,28,22,-11.74,0,59.61,49.55
2019,153,Lille,Ain,Hors EP,CE1,Mathématiques,21,22,-11.74,0,75.88,67.72
2019,153,Lille,Ain,Hors EP,CM1,Français,22,22,-11.74,0,74.52,58.8
2019,153,Lille,Ain,Hors EP,CM1,Mathématiques,26,22,-11.74,0,75.08,72.82
2019,153,Lille,Ain,Hors EP,CM2,Français,24,22,-11.74,0,69.4,55.97
2019,153,Lille,Ain,Hors EP,CM2,Mathématiques,24,22,-11.74,0,76.63,64.31
2019,153,Lille,Ain,Hors EP,6e,Français,20,22,-11.74,0,94.15,81.31
2019,153,Lille,Ain,Hors EP,6e,Mathématiques,24,22,-11.74,0,80.44,70.58
2019,154,Bordeaux,Bas-Rhin,Hors EP,CP,Français,23,28,-18.82,0,77.03,58.38
2019,154,Bordeaux,Bas-Rhin,Hors EP,CP,Mathématiques,21,28,-18.82,0,66.12,68.81
2019,154,Bordeaux,Bas-Rhin,Hors EP,CE1,Français,25,28,-18.82,0,71.7,62.07
2019,154,Bordeaux,Bas-Rhin,Hors EP,CE1,Mathématiques,23,28,-18.82,0,67.71,57.75
2019,154,Bordeaux,Bas-Rhin,Hors EP,CM1,Français,26,28,-18.82,0,66.41,64.61
2019,154,Bordeaux,Bas-Rhin,Hors EP,CM1,Mathématiques,24,28,-18.82,0,71.48,55.39
2019,154,Bordeaux,Bas-Rhin,Hors EP,CM2,Français,22,28,-18.82,0,87.64,73.55
2019,154,Bordeaux,Bas-Rhin,Hors EP,CM2,Mathématiques,25,28,-18.82,0,72.58,64.21
2019,154,Bordeaux,Bas-Rhin,Hors EP,6e,Français,21,28,-18.82,0,88.59,77.1
2019,154,Bordeaux,Bas-Rhin,Hors EP,6e,Mathématiques,25,28,-18.82,0,77.48,65.97
2019,155,Nantes,Bouches-du-Rhône,Hors EP,CP,Français,21,23,22.84,0,78.0,62.27
2019,155,Nantes,Bouches-du-Rhône,Hors EP,CP,Mathématiques,25,23,22.84,0,69.73,59.86
2019,155,Nantes,Bouches-du-Rhône,Hors EP,CE1,Français,20,23,22.84,0,69.17,58.96
2019,155,Nantes,Bouches-du-Rhône,Hors EP,CE1,Mathématiques,24,23,22.84,0,66.59,60.77
2019,155,Nantes,Bouches-du-Rhône,Hors EP,CM1,Français,19,23,22.84,0,83.89,66.31
2019,155,Nantes,Bouches-du-Rhône,Hors EP,CM1,Mathématiques,23,23,22.84,0,76.09,60.79
2019,155,Nantes,Bouches-du-Rhône,Hors EP,CM2,Français,21,23,22.84,0,83.94,65.51
2019,155,Nantes,Bouches-du-Rhône,Hors EP,CM2,Mathématiques,26,23,22.84,0,79.02,57.72
2019,155,Nantes,Bouches-du-Rhône,Hors EP,6e,Français,21,23,22.84,0,97.26,77.33
2019,155,Nantes,Bouches-du-Rhône,Hors EP,6e,Mathématiques,27,23,22.84,0,80.89,72.52
2019,156,Paris,Gironde,Hors EP,CP,Français,28,27,-11.31,0,59.12,60.08
2019,156,Paris,Gironde,Hors EP,CP,Mathématiques,24,27,-11.31,0,63.98,51.58
2019,156,Paris,Gironde,Hors EP,CE1,Français,23,27,-11.31,0,67.3,61.89
2019,156,Paris,Gironde,Hors EP,CE1,Mathématiques,25,27,-11.31,0,68.52,59.14
2019,156,Paris,Gironde,Hors EP,CM1,Français,23,27,-11.31,0,78.07,62.94
2019,156,Paris,Gironde,Hors EP,CM1,Mathématiques,28,27,-11.31,0,69.23,60.44
2019,156,Paris,Gironde,Hors EP,CM2,Français,26,27,-11.31,0,79.2,60.57
2019,156,Paris,Gironde,Hors EP,CM2,Mathématiques,22,27,-11.31,0,84.9,73.15
2019,156,Paris,Gironde,Hors EP,6e,Français,21,27,-11.31,0,90.63,73.83
2019,156,Paris,Gironde,Hors EP,6e,Mathématiques,23,27,-11.31,0,79.09,73.78
2019,157,Lyon,Hérault,REP,CP,Français,18,17,18.94,1,66.57,67.91
2019,157,Lyon,Hérault,REP,CP,Mathématiques,14,17,18.94,1,68.57,64.06
2019,157,Lyon,Hérault,REP,CE1,Français,15,17,18.94,1,77.51,65.14
2019,157,Lyon,Hérault,REP,CE1,Mathématiques,19,17,18.94,0,53.19,52.85
2019,157,Lyon,Hérault,REP,CM1,Français,16,17,18.94,1,85.55,72.95
2019,157,Lyon,Hérault,REP,CM1,Mathématiques,20,17,18.94,0,68.86,61.19
2019,157,Lyon,Hérault,REP,CM2,Français,19,17,18.94,0,79.05,71.11
2019,157,Lyon,Hérault,REP,CM2,Mathématiques,12,17,18.94,1,77.95,74.93
2019,157,Lyon,Hérault,REP,6e,Français,14,17,18.94,1,94.34,82.69
2019,157,Lyon,Hérault,REP,6e,Mathématiques,15,17,18.94,1,78.39,65.46
2019,158,Lille,Loire,REP+,CP,Français,17,15,-11.97,1,57.57,51.02
2019,158,Lille,Loire,REP+,CP,Mathématiques,18,15,-11.97,1,58.27,50.03
2019,158,Lille,Loire,REP+,CE1,Français,12,15,-11.97,1,67.88,61.24
2019,158,Lille,Loire,REP+,CE1,Mathématiques,12,15,-11.97,1,51.64,44.53
2019,158,Lille,Loire,REP+,CM1,Français,12,15,-11.97,1,59.46,49.93
2019,158,Lille,Loire,REP+,CM1,Mathématiques,12,15,-11.97,1,63.58,66.7
2019,158,Lille,Loire,REP+,CM2,Français,13,15,-11.97,1,72.91,67.12
2019,158,Lille,Loire,REP+,CM2,Mathématiques,13,15,-11.97,1,72.46,65.68
2019,158,Lille,Loire,REP+,6e,Français,14,15,-11.97,1,91.11,81.51
2019,158,Lille,Loire,REP+,6e,Mathématiques,12,15,-11.97,1,77.33,63.63
2019,159,Bordeaux,Maine-et-Loire,REP,CP,Français,18,16,4.13,1,70.86,67.45
2019,159,Bordeaux,Maine-et-Loire,REP,CP,Mathématiques,17,16,4.13,1,66.37,57.61
2019,159,Bordeaux,Maine-et-Loire,REP,CE1,Français,18,16,4.13,1,77.21,67.19
2019,159,Bordeaux,Maine-et-Loire,REP,CE1,Mathématiques,16,16,4.13,1,76.76,67.09
2019,159,Bordeaux,Maine-et-Loire,REP,CM1,Français,16,16,4.13,1,80.77,69.44
2019,159,Bordeaux,Maine-et-Loire,REP,CM1,Mathématiques,14,16,4.13,1,77.3,67.37
2019,159,Bordeaux,Maine-et-Loire,REP,CM2,Français,21,16,4.13,0,75.44,63.32
2019,159,Bordeaux,Maine-et-Loire,REP,CM2,Mathématiques,18,16,4.13,1,81.98,77.29
2019,159,Bordeaux,Maine-et-Loire,REP,6e,Français,15,16,4.13,1,89.44,75.33
2019,159,Bordeaux,Maine-et-Loire,REP,6e,Mathématiques,16,16,4.13,1,81.61,73.38
2019,160,Nantes,Moselle,Hors EP,CP,Français,30,30,-4.94,0,58.13,59.96
2019,160,Nantes,Moselle,Hors EP,CP,Mathématiques,31,30,-4.94,0,63.46,60.04
2019,160,Nantes,Moselle,Hors EP,CE1,Français,27,30,-4.94,0,68.9,63.75
2019,160,Nantes,Moselle,Hors EP,CE1,Mathématiques,27,30,-4.94,0,71.41,66.46
2019,160,Nantes,Moselle,Hors EP,CM1,Français,26,30,-4.94,0,83.78,72.46
2019,160,Nantes,Moselle,Hors EP,CM1,Mathématiques,25,30,-4.94,0,69.47,69.68
2019,160,Nantes,Moselle,Hors EP,CM2,Français,33,30,-4.94,0,78.55,75.01
2019,160,Nantes,Moselle,Hors EP,CM2,Mathématiques,31,30,-4.94,0,75.31,67.86
2019,160,Nantes,Moselle,Hors EP,6e,Français,29,30,-4.94,0,85.92,69.72
2019,160,Nantes,Moselle,Hors EP,6e,Mathématiques,30,30,-4.94,0,85.27,71.95
2019,161,Paris,Nord,REP,CP,Français,24,21,-15.8,0,49.77,48.94
2019,161,Paris,Nord,REP,CP,Mathématiques,19,21,-15.8,0,59.05,59.42
2019,161,Paris,Nord,REP,CE1,Français,20,21,-15.8,0,54.09,50.05
2019,161,Paris,Nord,REP,CE1,Mathématiques,22,21,-15.8,0,55.45,53.25
2019,161,Paris,Nord,REP,CM1,Français,22,21,-15.8,0,67.02,60.36
2019,161,Paris,Nord,REP,CM1,Mathématiques,22,21,-15.8,0,56.16,65.96
2019,161,Paris,Nord,REP,CM2,Français,20,21,-15.8,0,71.32,66.33
2019,161,Paris,Nord,REP,CM2,Mathématiques,20,21,-15.8,0,67.44,60.84
2019,161,Paris,Nord,REP,6e,Français,19,21,-15.8,0,78.28,59.98
2019,161,Paris,Nord,REP,6e,Mathématiques,25,21,-15.8,0,71.47,66.8
2019,162,Lyon,Paris,REP,CP,Français,21,21,49.81,0,67.04,63.21
2019,162,Lyon,Paris,REP,CP,Mathématiques,16,21,49.81,1,75.56,60.87
2019,162,Lyon,Paris,REP,CE1,Français,15,21,49.81,1,72.35,69.07
2019,162,Lyon,Paris,REP,CE1,Mathématiques,18,21,49.81,1,75.53,66.28
2019,162,Lyon,Paris,REP,CM1,Français,15,21,49.81,1,81.06,67.02
2019,162,Lyon,Paris,REP,CM1,Mathématiques,14,21,49.81,1,78.81,63.18
2019,162,Lyon,Paris,REP,CM2,Français,19,21,49.81,0,82.15,64.4
2019,162,Lyon,Paris,REP,CM2,Mathématiques,17,21,49.81,1,94.43,74.31
2019,162,Lyon,Paris,REP,6e,Français,19,21,49.81,0,84.65,78.03
2019,162,Lyon,Paris,REP,6e,Mathématiques,19,21,49.81,0,79.24,69.21
2019,163,Lille,Puy-de-Dôme,Hors EP,CP,Français,27,28,14.92,0,62.09,55.72
2019,163,Lille,Puy-de-Dôme,Hors EP,CP,Mathématiques,23,28,14.92,0,62.19,47.95
2019,163,Lille,Puy-de-Dôme,Hors EP,CE1,Français,22,28,14.92,0,73.69,57.9
2019,163,Lille,Puy-de-Dôme,Hors EP,CE1,Mathématiques,24,28,14.92,0,75.72,70.7
2019,163,Lille,Puy-de-Dôme,Hors EP,CM1,Français,24,28,14.92,0,71.21,67.0
2019,163,Lille,Puy-de-Dôme,Hors EP,CM1,Mathématiques,24,28,14.92,0,78.4,77.99
2019,163,Lille,Puy-de-Dôme,Hors EP,CM2,Français,22,28,14.92,0,73.35,59.61
2019,163,Lille,Puy-de-Dôme,Hors EP,CM2,Mathématiques,25,28,14.92,0,80.71,63.81
2019,163,Lille,Puy-de-Dôme,Hors EP,6e,Français,20,28,14.92,0,91.49,70.99
2019,163,Lille,Puy-de-Dôme,Hors EP,6e,Mathématiques,25,28,14.92,0,83.74,68.81
2019,164,Bordeaux,Saône-et-Loire,REP,CP,Français,21,23,2.42,0,56.37,48.16
2019,164,Bordeaux,Saône-et-Loire,REP,CP,Mathématiques,19,23,2.42,0,53.71,61.85
2019,164,Bordeaux,Saône-et-Loire,REP,CE1,Français,18,23,2.42,1,70.51,63.44
2019,164,Bordeaux,Saône-et-Loire,REP,CE1,Mathématiques,20,23,2.42,0,63.42,56.59
2019,164,Bordeaux,Saône-et-Loire,REP,CM1,Français,20,23,2.42,0,71.26,72.51
2019,164,Bordeaux,Saône-et-Loire,REP,CM1,Mathématiques,25,23,2.42,0,59.48,55.2
2019,164,Bordeaux,Saône-et-Loire,REP,CM2,Français,21,23,2.42,0,72.35,59.96
2019,164,Bordeaux,Saône-et-Loire,REP,CM2,Mathématiques,23,23,2.42,0,67.82,60.89
2019,164,Bordeaux,Saône-et-Loire,REP,6e,Français,18,23,2.42,1,88.67,65.83
2019,164,Bordeaux,Saône-et-Loire,REP,6e,Mathématiques,20,23,2.42,0,72.06,65.43
2019,165,Nantes,Ain,Hors EP,CP,Français,29,25,7.74,0,72.49,60.63
2019,165,Nantes,Ain,Hors EP,CP,Mathématiques,24,25,7.74,0,68.64,61.66
2019,165,Nantes,Ain,Hors EP,CE1,Français,27,25,7.74,0,68.81,58.81
2019,165,Nantes,Ain,Hors EP,CE1,Mathématiques,30,25,7.74,0,59.28,58.74
2019,165,Nantes,Ain,Hors EP,CM1,Français,27,25,7.74,0,68.82,57.65
2019,165,Nantes,Ain,Hors EP,CM1,Mathématiques,24,25,7.74,0,78.17,66.32
2019,165,Nantes,Ain,Hors EP,CM2,Français,26,25,7.74,0,75.27,77.81
2019,165,Nantes,Ain,Hors EP,CM2,Mathématiques,26,25,7.74,0,81.07,67.43
2019,165,Nantes,Ain,Hors EP,6e,Français,24,25,7.74,0,97.24,71.54
2019,165,Nantes,Ain,Hors EP,6e,Mathématiques,27,25,7.74,0,77.48,65.66
2019,166,Paris,Bas-Rhin,REP+,CP,Français,13,14,-30.82,1,56.0,46.28
2019,166,Paris,Bas-Rhin,REP+,CP,Mathématiques,18,14,-30.82,1,50.73,48.31
2019,166,Paris,Bas-Rhin,REP+,CE1,Français,13,14,-30.82,1,60.03,62.36
2019,166,Paris,Bas-Rhin,REP+,CE1,Mathématiques,20,14,-30.82,0,49.96,54.41
2019,166,Paris,Bas-Rhin,REP+,CM1,Français,18,14,-30.82,1,67.52,68.77
2019,166,Paris,Bas-Rhin,REP+,CM1,Mathématiques,16,14,-30.82,1,64.05,60.31
2019,166,Paris,Bas-Rhin,REP+,CM2,Français,12,14,-30.82,1,72.72,56.73
2019,166,Paris,Bas-Rhin,REP+,CM2,Mathématiques,12,14,-30.82,1,69.27,56.53
2019,166,Paris,Bas-Rhin,REP+,6e,Français,14,14,-30.82,1,77.02,68.29
2019,166,Paris,Bas-Rhin,REP+,6e,Mathématiques,12,14,-30.82,1,77.45,67.22
2019,167,Lyon,Bouches-du-Rhône,Hors EP,CP,Français,22,21,13.17,0,67.49,58.17
2019,167,Lyon,Bouches-du-Rhône,Hors EP,CP,Mathématiques,18,21,13.17,0,68.73,54.74
2019,167,Lyon,Bouches-du-Rhône,Hors EP,CE1,Français,20,21,13.17,0,79.73,65.29
2019,167,Lyon,Bouches-du-Rhône,Hors EP,CE1,Mathématiques,20,21,13.17,0,72.89,69.84
2019,167,Lyon,Bouches-du-Rhône,Hors EP,CM1,Français,18,21,13.17,0,82.09,66.59
2019,167,Lyon,Bouches-du-Rhône,Hors EP,CM1,Mathématiques,17,21,13.17,0,84.06,71.49
2019,167,Lyon,Bouches-du-Rhône,Hors EP,CM2,Français,20,21,13.17,0,93.62,85.32
2019,167,Lyon,Bouches-du-Rhône,Hors EP,CM2,Mathématiques,16,21,13.17,0,89.6,77.05
2019,167,Lyon,Bouches-du-Rhône,Hors EP,6e,Français,19,21,13.17,0,95.25,71.14
2019,167,Lyon,Bouches-du-Rhône,Hors EP,6e,Mathématiques,24,21,13.17,0,88.6,70.92
2019,168,Lille,Gironde,Hors EP,CP,Français,16,17,-5.79,0,75.9,73.0
2019,168,Lille,Gironde,Hors EP,CP,Mathématiques,19,17,-5.79,0,67.13,62.82
2019,168,Lille,Gironde,Hors EP,CE1,Français,19,17,-5.79,0,70.64,59.77
2019,168,Lille,Gironde,Hors EP,CE1,Mathématiques,18,17,-5.79,0,74.52,65.72
2019,168,Lille,Gironde,Hors EP,CM1,Français,20,17,-5.79,0,73.74,68.47
2019,168,Lille,Gironde,Hors EP,CM1,Mathématiques,19,17,-5.79,0,89.99,74.26
2019,168,Lille,Gironde,Hors EP,CM2,Français,20,17,-5.79,0,98.34,82.84
2019,168,Lille,Gironde,Hors EP,CM2,Mathématiques,19,17,-5.79,0,79.06,76.4
2019,168,Lille,Gironde,Hors EP,6e,Français,16,17,-5.79,0,94.33,76.77
2019,168,Lille,Gironde,Hors EP,6e,Mathématiques,19,17,-5.79,0,82.1,77.54
2019,169,Bordeaux,Hérault,REP,CP,Français,17,15,-6.05,1,71.16,65.76
2019,169,Bordeaux,Hérault,REP,CP,Mathématiques,12,15,-6.05,1,67.5,60.4
2019,169,Bordeaux,Hérault,REP,CE1,Français,15,15,-6.05,1,70.88,55.15
2019,169,Bordeaux,Hérault,REP,CE1,Mathématiques,16,15,-6.05,1,62.23,55.89
2019,169,Bordeaux,Hérault,REP,CM1,Français,16,15,-6.05,1,82.21,66.8
2019,169,Bordeaux,Hérault,REP,CM1,Mathématiques,20,15,-6.05,0,67.83,58.98
2019,169,Bordeaux,Hérault,REP,CM2,Français,13,15,-6.05,1,75.88,67.96
2019,169,Bordeaux,Hérault,REP,CM2,Mathématiques,14,15,-6.05,1,84.77,69.25
2019,169,Bordeaux,Hérault,REP,6e,Français,14,15,-6.05,1,88.43,71.7
2019,169,Bordeaux,Hérault,REP,6e,Mathématiques,16,15,-6.05,1,88.81,75.98
2019,170,Nantes,Loire,Hors EP,CP,Français,25,29,4.7,0,71.38,66.57
2019,170,Nantes,Loire,Hors EP,CP,Mathématiques,24,29,4.7,0,69.91,61.08
2019,170,Nantes,Loire,Hors EP,CE1,Français,26,29,4.7,0,69.06,64.27
2019,170,Nantes,Loire,Hors EP,CE1,Mathématiques,24,29,4.7,0,76.68,77.23
2019,170,Nantes,Loire,Hors EP,CM1,Français,27,29,4.7,0,82.5,63.4
2019,170,Nantes,Loire,Hors EP,CM1,Mathématiques,21,29,4.7,0,76.52,67.24
2019,170,Nantes,Loire,Hors EP,CM2,Français,25,29,4.7,0,74.97,71.74
2019,170,Nantes,Loire,Hors EP,CM2,Mathématiques,30,29,4.7,0,80.63,75.26
2019,170,Nantes,Loire,Hors EP,6e,Français,26,29,4.7,0,82.67,71.58
2019,170,Nantes,Loire,Hors EP,6e,Mathématiques,30,29,4.7,0,78.28,65.96
2019,171,Paris,Maine-et-Loire,REP+,CP,Français,20,22,-3.14,0,49.24,54.0
2019,171,Paris,Maine-et-Loire,REP+,CP,Mathématiques,19,22,-3.14,0,51.73,50.68
2019,171,Paris,Maine-et-Loire,REP+,CE1,Français,27,22,-3.14,0,48.06,47.19
2019,171,Paris,Maine-et-Loire,REP+,CE1,Mathématiques,22,22,-3.14,0,46.61,37.72
2019,171,Paris,Maine-et-Loire,REP+,CM1,Français,20,22,-3.14,0,57.77,46.32
2019,171,Paris,Maine-et-Loire,REP+,CM1,Mathématiques,21,22,-3.14,0,45.72,44.35
2019,171,Paris,Maine-et-Loire,REP+,CM2,Français,22,22,-3.14,0,62.56,55.49
2019,171,Paris,Maine-et-Loire,REP+,CM2,Mathématiques,21,22,-3.14,0,56.5,53.47
2019,171,Paris,Maine-et-Loire,REP+,6e,Français,21,22,-3.14,0,63.97,59.84
2019,171,Paris,Maine-et-Loire,REP+,6e,Mathématiques,22,22,-3.14,0,63.38,70.2
2019,172,Lyon,Moselle,Hors EP,CP,Français,21,26,-5.07,0,72.88,61.13
2019,172,Lyon,Moselle,Hors EP,CP,Mathématiques,22,26,-5.07,0,63.47,53.23
2019,172,Lyon,Moselle,Hors EP,CE1,Français,19,26,-5.07,0,73.51,69.35
2019,172,Lyon,Moselle,Hors EP,CE1,Mathématiques,23,26,-5.07,0,76.01,70.44
2019,172,Lyon,Moselle,Hors EP,CM1,Français,24,26,-5.07,0,85.56,72.7
2019,172,Lyon,Moselle,Hors EP,CM1,Mathématiques,23,26,-5.07,0,74.94,73.68
2019,172,Lyon,Moselle,Hors EP,CM2,Français,23,26,-5.07,0,80.07,72.39
2019,172,Lyon,Moselle,Hors EP,CM2,Mathématiques,21,26,-5.07,0,84.19,74.32
2019,172,Lyon,Moselle,Hors EP,6e,Français,23,26,-5.07,0,90.54,69.13
2019,172,Lyon,Moselle,Hors EP,6e,Mathématiques,23,26,-5.07,0,82.91,85.69
2019,173,Lille,Nord,Hors EP,CP,Français,21,25,15.66,0,68.72,63.41
2019,173,Lille,Nord,Hors EP,CP,Mathématiques,24,25,15.66,0,69.43,62.31
2019,173,Lille,Nord,Hors EP,CE1,Français,22,25,15.66,0,76.42,68.65
2019,173,Lille,Nord,Hors EP,CE1,Mathématiques,23,25,15.66,0,76.4,67.24
2019,173,Lille,Nord,Hors EP,CM1,Français,20,25,15.66,0,82.53,74.89
2019,173,Lille,Nord,Hors EP,CM1,Mathématiques,18,25,15.66,0,73.97,69.89
2019,173,Lille,Nord,Hors EP,CM2,Français,26,25,15.66,0,77.09,67.92
2019,173,Lille,Nord,Hors EP,CM2,Mathématiques,21,25,15.66,0,83.11,73.04
2019,173,Lille,Nord,Hors EP,6e,Français,19,25,15.66,0,89.1,74.08
2019,173,Lille,Nord,Hors EP,6e,Mathématiques,22,25,15.66,0,83.31,75.6
2019,174,Bordeaux,Paris,REP+,CP,Français,18,17,-1.55,1,55.71,45.9
2019,174,Bordeaux,Paris,REP+,CP,Mathématiques,15,17,-1.55,1,57.19,47.68
2019,174,Bordeaux,Paris,REP+,CE1,Français,13,17,-1.55,1,64.73,55.23
2019,174,Bordeaux,Paris,REP+,CE1,Mathématiques,12,17,-1.55,1,65.26,56.22
2019,174,Bordeaux,Paris,REP+,CM1,Français,19,17,-1.55,0,60.14,57.37
2019,174,Bordeaux,Paris,REP+,CM1,Mathématiques,15,17,-1.55,1,54.97,46.69
2019,174,Bordeaux,Paris,REP+,CM2,Français,16,17,-1.55,1,76.56,58.11
2019,174,Bordeaux,Paris,REP+,CM2,Mathématiques,16,17,-1.55,1,66.86,61.64
2019,174,Bordeaux,Paris,REP+,6e,Français,16,17,-1.55,1,83.26,76.95
2019,174,Bordeaux,Paris,REP+,6e,Mathématiques,17,17,-1.55,1,80.79,68.18
2019,175,Nantes,Puy-de-Dôme,Hors EP,CP,Français,28,27,-6.33,0,66.73,62.81
2019,175,Nantes,Puy-de-Dôme,Hors EP,CP,Mathématiques,28,27,-6.33,0,50.96,57.6
2019,175,Nantes,Puy-de-Dôme,Hors EP,CE1,Français,25,27,-6.33,0,75.65,56.27
2019,175,Nantes,Puy-de-Dôme,Hors EP,CE1,Mathématiques,27,27,-6.33,0,62.7,60.5
2019,175,Nantes,Puy-de-Dôme,Hors EP,CM1,Français,27,27,-6.33,0,75.89,61.31
2019,175,Nantes,Puy-de-Dôme,Hors EP,CM1,Mathématiques,26,27,-6.33,0,71.33,65.98
2019,175,Nantes,Puy-de-Dôme,Hors EP,CM2,Français,28,27,-6.33,0,79.02,62.35
2019,175,Nantes,Puy-de-Dôme,Hors EP,CM2,Mathématiques,26,27,-6.33,0,88.89,83.68
2019,175,Nantes,Puy-de-Dôme,Hors EP,6e,Français,19,27,-6.33,0,91.73,82.03
2019,175,Nantes,Puy-de-Dôme,Hors EP,6e,Mathématiques,26,27,-6.33,0,80.07,68.11
2019,176,Paris,Saône-et-Loire,REP+,CP,Français,12,16,-0.67,1,65.08,51.53
2019,176,Paris,Saône-et-Loire,REP+,CP,Mathématiques,13,16,-0.67,1,54.45,62.74
2019,176,Paris,Saône-et-Loire,REP+,CE1,Français,12,16,-0.67,1,54.32,49.03
2019,176,Paris,Saône-et-Loire,REP+,CE1,Mathématiques,15,16,-0.67,1,64.55,70.28
2019,176,Paris,Saône-et-Loire,REP+,CM1,Français,18,16,-0.67,1,70.87,58.73
2019,176,Paris,Saône-et-Loire,REP+,CM1,Mathématiques,18,16,-0.67,1,65.36,56.15
2019,176,Paris,Saône-et-Loire,REP+,CM2,Français,13,16,-0.67,1,69.38,59.86
2019,176,Paris,Saône-et-Loire,REP+,CM2,Mathématiques,13,16,-0.67,1,75.31,64.27
2019,176,Paris,Saône-et-Loire,REP+,6e,Français,12,16,-0.67,1,72.8,65.55
2019,176,Paris,Saône-et-Loire,REP+,6e,Mathématiques,14,16,-0.67,1,74.52,63.34
2019,177,Lyon,Ain,REP,CP,Français,26,26,1.07,0,48.54,47.93
2019,177,Lyon,Ain,REP,CP,Mathématiques,24,26,1.07,0,44.93,46.39
2019,177,Lyon,Ain,REP,CE1,Français,24,26,1.07,0,60.33,50.09
2019,177,Lyon,Ain,REP,CE1,Mathématiques,24,26,1.07,0,61.05,66.9
2019,177,Lyon,Ain,REP,CM1,Français,27,26,1.07,0,55.83,55.22
2019,177,Lyon,Ain,REP,CM1,Mathématiques,23,26,1.07,0,63.01,53.98
2019,177,Lyon,Ain,REP,CM2,Français,20,26,1.07,0,70.88,66.81
2019,177,Lyon,Ain,REP,CM2,Mathématiques,25,26,1.07,0,66.74,61.47
2019,177,Lyon,Ain,REP,6e,Français,25,26,1.07,0,75.31,64.84
2019,177,Lyon,Ain,REP,6e,Mathématiques,24,26,1.07,0,78.67,69.21
2019,178,Lille,Bas-Rhin,Hors EP,CP,Français,25,23,-5.22,0,63.9,57.72
2019,178,Lille,Bas-Rhin,Hors EP,CP,Mathématiques,22,23,-5.22,0,66.36,63.05
2019,178,Lille,Bas-Rhin,Hors EP,CE1,Français,23,23,-5.22,0,62.94,60.75
2019,178,Lille,Bas-Rhin,Hors EP,CE1,Mathématiques,24,23,-5.22,0,63.6,62.12
2019,178,Lille,Bas-Rhin,Hors EP,CM1,Français,21,23,-5.22,0,84.48,72.16
2019,178,Lille,Bas-Rhin,Hors EP,CM1,Mathématiques,18,23,-5.22,0,80.28,67.56
2019,178,Lille,Bas-Rhin,Hors EP,CM2,Français,23,23,-5.22,0,79.65,68.53
2019,178,Lille,Bas-Rhin,Hors EP,CM2,Mathématiques,23,23,-5.22,0,71.62,70.06
2019,178,Lille,Bas-Rhin,Hors EP,6e,Français,23,23,-5.22,0,84.68,66.94
2019,178,Lille,Bas-Rhin,Hors EP,6e,Mathématiques,26,23,-5.22,0,76.43,67.64
2019,179,Bordeaux,Bouches-du-Rhône,REP,CP,Français,18,20,-7.44,1,68.27,57.49
2019,179,Bordeaux,Bouches-du-Rhône,REP,CP,Mathématiques,18,20,-7.44,1,68.2,53.07
2019,179,Bordeaux,Bouches-du-Rhône,REP,CE1,Français,18,20,-7.44,1,66.93,55.25
2019,179,Bordeaux,Bouches-du-Rhône,REP,CE1,Mathématiques,19,20,-7.44,0,55.85,46.9
2019,179,Bordeaux,Bouches-du-Rhône,REP,CM1,Français,21,20,-7.44,0,69.65,52.7
2019,179,Bordeaux,Bouches-du-Rhône,REP,CM1,Mathématiques,14,20,-7.44,1,76.88,65.85
2019,179,Bordeaux,Bouches-du-Rhône,REP,CM2,Français,22,20,-7.44,0,72.38,65.72
2019,179,Bordeaux,Bouches-du-Rhône,REP,CM2,Mathématiques,15,20,-7.44,1,81.42,63.99
2019,179,Bordeaux,Bouches-du-Rhône,REP,6e,Français,21,20,-7.44,0,77.41,63.51
2019,179,Bordeaux,Bouches-du-Rhône,REP,6e,Mathématiques,20,20,-7.44,0,83.49,70.69
2019,180,Nantes,Gironde,Hors EP,CP,Français,23,27,-18.09,0,66.63,69.3
2019,180,Nantes,Gironde,Hors EP,CP,Mathématiques,19,27,-18.09,0,65.77,66.16
2019,180,Nantes,Gironde,Hors EP,CE1,Français,22,27,-18.09,0,70.56,58.81
2019,180,Nantes,Gironde,Hors EP,CE1,Mathématiques,21,27,-18.09,0,61.01,53.34
2019,180,Nantes,Gironde,Hors EP,CM1,Français,21,27,-18.09,0,78.76,64.62
2019,180,Nantes,Gironde,Hors EP,CM1,Mathématiques,22,27,-18.09,0,72.29,63.92
2019,180,Nantes,Gironde,Hors EP,CM2,Français,22,27,-18.09,0,77.55,68.16
2019,180,Nantes,Gironde,Hors EP,CM2,Mathématiques,26,27,-18.09,0,76.31,63.84
2019,180,Nantes,Gironde,Hors EP,6e,Français,23,27,-18.09,0,77.2,66.8
2019,180,Nantes,Gironde,Hors EP,6e,Mathématiques,22,27,-18.09,0,80.13,65.73
2020,1,Lyon,Loire,Hors EP,CP,Français,26,32,-11.14,0,63.45,62.19
2020,1,Lyon,Loire,Hors EP,CP,Mathématiques,27,32,-11.14,0,62.18,59.96
2020,1,Lyon,Loire,Hors EP,CE1,Français,26,32,-11.14,0,75.8,66.54
2020,1,Lyon,Loire,Hors EP,CE1,Mathématiques,25,32,-11.14,0,66.53,66.4
2020,1,Lyon,Loire,Hors EP,CM1,Français,26,32,-11.14,0,79.94,66.23
2020,1,Lyon,Loire,Hors EP,CM1,Mathématiques,25,32,-11.14,0,76.53,62.67
2020,1,Lyon,Loire,Hors EP,CM2,Français,29,32,-11.14,0,79.55,64.72
2020,1,Lyon,Loire,Hors EP,CM2,Mathématiques,27,32,-11.14,0,74.29,67.26
2020,1,Lyon,Loire,Hors EP,6e,Français,32,32,-11.14,0,78.6,71.11
2020,1,Lyon,Loire,Hors EP,6e,Mathématiques,27,32,-11.14,0,81.87,69.85
2020,2,Lille,Maine-et-Loire,REP+,CP,Français,21,17,-10.86,0,48.64,46.94
2020,2,Lille,Maine-et-Loire,REP+,CP,Mathématiques,21,17,-10.86,0,36.93,46.48
2020,2,Lille,Maine-et-Loire,REP+,CE1,Français,16,17,-10.86,1,64.85,56.16
2020,2,Lille,Maine-et-Loire,REP+,CE1,Mathématiques,16,17,-10.86,1,66.81,69.71
2020,2,Lille,Maine-et-Loire,REP+,CM1,Français,17,17,-10.86,1,71.41,63.84
2020,2,Lille,Maine-et-Loire,REP+,CM1,Mathématiques,22,17,-10.86,0,44.79,47.34
2020,2,Lille,Maine-et-Loire,REP+,CM2,Français,16,17,-10.86,1,64.3,56.92
2020,2,Lille,Maine-et-Loire,REP+,CM2,Mathématiques,23,17,-10.86,0,55.44,56.66
2020,2,Lille,Maine-et-Loire,REP+,6e,Français,21,17,-10.86,0,68.14,61.94
2020,2,Lille,Maine-et-Loire,REP+,6e,Mathématiques,14,17,-10.86,1,73.67,69.63
2020,3,Bordeaux,Moselle,Hors EP,CP,Français,24,27,26.3,0,79.18,69.51
2020,3,Bordeaux,Moselle,Hors EP,CP,Mathématiques,29,27,26.3,0,58.94,56.01
2020,3,Bordeaux,Moselle,Hors EP,CE1,Français,24,27,26.3,0,76.58,73.19
2020,3,Bordeaux,Moselle,Hors EP,CE1,Mathématiques,26,27,26.3,0,76.65,63.77
2020,3,Bordeaux,Moselle,Hors EP,CM1,Français,23,27,26.3,0,82.93,71.2
2020,3,Bordeaux,Moselle,Hors EP,CM1,Mathématiques,25,27,26.3,0,73.74,71.14
2020,3,Bordeaux,Moselle,Hors EP,CM2,Français,24,27,26.3,0,93.37,78.56
2020,3,Bordeaux,Moselle,Hors EP,CM2,Mathématiques,27,27,26.3,0,83.77,67.84
2020,3,Bordeaux,Moselle,Hors EP,6e,Français,26,27,26.3,0,98.83,83.47
2020,3,Bordeaux,Moselle,Hors EP,6e,Mathématiques,27,27,26.3,0,89.38,77.31
2020,4,Nantes,Nord,REP,CP,Français,23,26,-16.23,0,52.92,49.03
2020,4,Nantes,Nord,REP,CP,Mathématiques,25,26,-16.23,0,45.65,39.07
2020,4,Nantes,Nord,REP,CE1,Français,24,26,-16.23,0,50.46,39.67
2020,4,Nantes,Nord,REP,CE1,Mathématiques,24,26,-16.23,0,54.57,54.47
2020,4,Nantes,Nord,REP,CM1,Français,21,26,-16.23,0,59.32,49.41
2020,4,Nantes,Nord,REP,CM1,Mathématiques,21,26,-16.23,0,56.83,55.18
2020,4,Nantes,Nord,REP,CM2,Français,21,26,-16.23,0,71.39,64.32
2020,4,Nantes,Nord,REP,CM2,Mathématiques,23,26,-16.23,0,68.0,59.52
2020,4,Nantes,Nord,REP,6e,Français,22,26,-16.23,0,75.71,54.34
2020,4,Nantes,Nord,REP,6e,Mathématiques,24,26,-16.23,0,70.53,65.78
2020,5,Paris,Paris,Hors EP,CP,Français,19,27,8.94,0,70.19,65.4
2020,5,Paris,Paris,Hors EP,CP,Mathématiques,21,27,8.94,0,65.39,64.0
2020,5,Paris,Paris,Hors EP,CE1,Français,25,27,8.94,0,76.22,71.07
2020,5,Paris,Paris,Hors EP,CE1,Mathématiques,22,27,8.94,0,71.75,60.55
2020,5,Paris,Paris,Hors EP,CM1,Français,23,27,8.94,0,78.4,66.14
2020,5,Paris,Paris,Hors EP,CM1,Mathématiques,24,27,8.94,0,82.2,72.89
2020,5,Paris,Paris,Hors EP,CM2,Français,27,27,8.94,0,79.0,59.53
2020,5,Paris,Paris,Hors EP,CM2,Mathématiques,25,27,8.94,0,77.5,66.33
2020,5,Paris,Paris,Hors EP,6e,Français,19,27,8.94,0,90.33,68.91
2020,5,Paris,Paris,Hors EP,6e,Mathématiques,22,27,8.94,0,86.9,74.54
2020,6,Lyon,Puy-de-Dôme,Hors EP,CP,Français,26,31,7.3,0,67.44,60.74
2020,6,Lyon,Puy-de-Dôme,Hors EP,CP,Mathématiques,27,31,7.3,0,60.86,55.47
2020,6,Lyon,Puy-de-Dôme,Hors EP,CE1,Français,29,31,7.3,0,66.01,54.74
2020,6,Lyon,Puy-de-Dôme,Hors EP,CE1,Mathématiques,26,31,7.3,0,63.79,49.76
2020,6,Lyon,Puy-de-Dôme,Hors EP,CM1,Français,25,31,7.3,0,85.29,72.81
2020,6,Lyon,Puy-de-Dôme,Hors EP,CM1,Mathématiques,26,31,7.3,0,65.29,61.59
2020,6,Lyon,Puy-de-Dôme,Hors EP,CM2,Français,26,31,7.3,0,79.88,70.22
2020,6,Lyon,Puy-de-Dôme,Hors EP,CM2,Mathématiques,26,31,7.3,0,75.11,67.73
2020,6,Lyon,Puy-de-Dôme,Hors EP,6e,Français,29,31,7.3,0,84.15,67.88
2020,6,Lyon,Puy-de-Dôme,Hors EP,6e,Mathématiques,26,31,7.3,0,88.72,69.2
2020,7,Lille,Saône-et-Loire,Hors EP,CP,Français,30,32,-8.14,0,59.88,52.89
2020,7,Lille,Saône-et-Loire,Hors EP,CP,Mathématiques,33,32,-8.14,0,50.38,51.69
2020,7,Lille,Saône-et-Loire,Hors EP,CE1,Français,33,32,-8.14,0,66.81,53.77
2020,7,Lille,Saône-et-Loire,Hors EP,CE1,Mathématiques,26,32,-8.14,0,63.64,59.07
2020,7,Lille,Saône-et-Loire,Hors EP,CM1,Français,30,32,-8.14,0,66.7,55.99
2020,7,Lille,Saône-et-Loire,Hors EP,CM1,Mathématiques,27,32,-8.14,0,71.31,73.41
2020,7,Lille,Saône-et-Loire,Hors EP,CM2,Français,27,32,-8.14,0,75.73,60.83
2020,7,Lille,Saône-et-Loire,Hors EP,CM2,Mathématiques,31,32,-8.14,0,73.34,60.39
2020,7,Lille,Saône-et-Loire,Hors EP,6e,Français,28,32,-8.14,0,80.66,71.33
2020,7,Lille,Saône-et-Loire,Hors EP,6e,Mathématiques,34,32,-8.14,0,78.3,67.78
2020,8,Bordeaux,Ain,Hors EP,CP,Français,19,21,8.15,0,79.74,69.33
2020,8,Bordeaux,Ain,Hors EP,CP,Mathématiques,22,21,8.15,0,69.91,61.65
2020,8,Bordeaux,Ain,Hors EP,CE1,Français,18,21,8.15,0,78.52,72.61
2020,8,Bordeaux,Ain,Hors EP,CE1,Mathématiques,19,21,8.15,0,77.26,62.12
2020,8,Bordeaux,Ain,Hors EP,CM1,Français,22,21,8.15,0,82.99,65.42
2020,8,Bordeaux,Ain,Hors EP,CM1,Mathématiques,19,21,8.15,0,85.47,66.82
2020,8,Bordeaux,Ain,Hors EP,CM2,Français,17,21,8.15,0,89.87,86.78
2020,8,Bordeaux,Ain,Hors EP,CM2,Mathématiques,18,21,8.15,0,89.41,77.1
2020,8,Bordeaux,Ain,Hors EP,6e,Français,19,21,8.15,0,95.0,77.36
2020,8,Bordeaux,Ain,Hors EP,6e,Mathématiques,19,21,8.15,0,83.8,71.86
2020,9,Nantes,Bas-Rhin,Hors EP,CP,Français,25,28,10.88,0,68.94,58.74
2020,9,Nantes,Bas-Rhin,Hors EP,CP,Mathématiques,23,28,10.88,0,61.39,55.41
2020,9,Nantes,Bas-Rhin,Hors EP,CE1,Français,24,28,10.88,0,81.82,73.28
2020,9,Nantes,Bas-Rhin,Hors EP,CE1,Mathématiques,22,28,10.88,0,66.43,59.14
2020,9,Nantes,Bas-Rhin,Hors EP,CM1,Français,26,28,10.88,0,77.31,70.28
2020,9,Nantes,Bas-Rhin,Hors EP,CM1,Mathématiques,24,28,10.88,0,80.33,61.64
2020,9,Nantes,Bas-Rhin,Hors EP,CM2,Français,28,28,10.88,0,76.5,70.99
2020,9,Nantes,Bas-Rhin,Hors EP,CM2,Mathématiques,23,28,10.88,0,82.48,69.88
2020,9,Nantes,Bas-Rhin,Hors EP,6e,Français,25,28,10.88,0,91.26,82.35
2020,9,Nantes,Bas-Rhin,Hors EP,6e,Mathématiques,28,28,10.88,0,85.0,81.37
2020,10,Paris,Bouches-du-Rhône,Hors EP,CP,Français,27,28,-6.59,0,67.57,60.79
2020,10,Paris,Bouches-du-Rhône,Hors EP,CP,Mathématiques,28,28,-6.59,0,65.3,59.29
2020,10,Paris,Bouches-du-Rhône,Hors EP,CE1,Français,20,28,-6.59,0,83.16,70.06
2020,10,Paris,Bouches-du-Rhône,Hors EP,CE1,Mathématiques,25,28,-6.59,0,63.05,56.19
2020,10,Paris,Bouches-du-Rhône,Hors EP,CM1,Français,26,28,-6.59,0,72.89,61.16
2020,10,Paris,Bouches-du-Rhône,Hors EP,CM1,Mathématiques,28,28,-6.59,0,80.55,73.87
2020,10,Paris,Bouches-du-Rhône,Hors EP,CM2,Français,30,28,-6.59,0,75.91,67.14
2020,10,Paris,Bouches-du-Rhône,Hors EP,CM2,Mathématiques,28,28,-6.59,0,73.44,62.81
2020,10,Paris,Bouches-du-Rhône,Hors EP,6e,Français,29,28,-6.59,0,88.42,75.46
2020,10,Paris,Bouches-du-Rhône,Hors EP,6e,Mathématiques,24,28,-6.59,0,83.68,64.7
2020,11,Lyon,Gironde,REP+,CP,Français,19,20,2.9,0,52.8,44.9
2020,11,Lyon,Gironde,REP+,CP,Mathématiques,17,20,2.9,1,60.39,63.96
2020,11,Lyon,Gironde,REP+,CE1,Français,17,20,2.9,1,68.03,65.65
2020,11,Lyon,Gironde,REP+,CE1,Mathématiques,18,20,2.9,1,67.72,67.06
2020,11,Lyon,Gironde,REP+,CM1,Français,21,20,2.9,0,61.91,68.9
2020,11,Lyon,Gironde,REP+,CM1,Mathématiques,16,20,2.9,1,78.11,71.95
2020,11,Lyon,Gironde,REP+,CM2,Français,21,20,2.9,0,63.41,62.34
2020,11,Lyon,Gironde,REP+,CM2,Mathématiques,22,20,2.9,0,56.05,52.3
2020,11,Lyon,Gironde,REP+,6e,Français,13,20,2.9,1,80.75,65.83
2020,11,Lyon,Gironde,REP+,6e,Mathématiques,17,20,2.9,1,91.7,85.95
2020,12,Lille,Hérault,REP,CP,Français,22,26,-4.05,0,57.36,47.27
2020,12,Lille,Hérault,REP,CP,Mathématiques,19,26,-4.05,0,56.59,53.98
2020,12,Lille,Hérault,REP,CE1,Français,20,26,-4.05,0,58.34,54.22
2020,12,Lille,Hérault,REP,CE1,Mathématiques,24,26,-4.05,0,54.97,60.49
2020,12,Lille,Hérault,REP,CM1,Français,20,26,-4.05,0,68.78,60.0
2020,12,Lille,Hérault,REP,CM1,Mathématiques,23,26,-4.05,0,58.7,64.55
2020,12,Lille,Hérault,REP,CM2,Français,18,26,-4.05,1,91.43,77.62
2020,12,Lille,Hérault,REP,CM2,Mathématiques,23,26,-4.05,0,73.22,69.08
2020,12,Lille,Hérault,REP,6e,Français,20,26,-4.05,0,80.61,79.15
2020,12,Lille,Hérault,REP,6e,Mathématiques,20,26,-4.05,0,84.45,74.35
2020,13,Bordeaux,Loire,Hors EP,CP,Français,20,24,-23.46,0,68.4,56.14
2020,13,Bordeaux,Loire,Hors EP,CP,Mathématiques,23,24,-23.46,0,62.9,54.59
2020,13,Bordeaux,Loire,Hors EP,CE1,Français,20,24,-23.46,0,75.18,66.49
2020,13,Bordeaux,Loire,Hors EP,CE1,Mathématiques,19,24,-23.46,0,72.05,63.74
2020,13,Bordeaux,Loire,Hors EP,CM1,Français,18,24,-23.46,0,80.09,72.36
2020,13,Bordeaux,Loire,Hors EP,CM1,Mathématiques,22,24,-23.46,0,73.75,68.53
2020,13,Bordeaux,Loire,Hors EP,CM2,Français,19,24,-23.46,0,81.21,68.97
2020,13,Bordeaux,Loire,Hors EP,CM2,Mathématiques,25,24,-23.46,0,77.82,66.54
2020,13,Bordeaux,Loire,Hors EP,6e,Français,25,24,-23.46,0,83.79,83.15
2020,13,Bordeaux,Loire,Hors EP,6e,Mathématiques,20,24,-23.46,0,82.03,69.95
2020,14,Nantes,Maine-et-Loire,Hors EP,CP,Français,23,25,3.82,0,68.08,58.41
2020,14,Nantes,Maine-et-Loire,Hors EP,CP,Mathématiques,25,25,3.82,0,57.82,48.6
2020,14,Nantes,Maine-et-Loire,Hors EP,CE1,Français,21,25,3.82,0,82.04,68.91
2020,14,Nantes,Maine-et-Loire,Hors EP,CE1,Mathématiques,23,25,3.82,0,71.28,69.95
2020,14,Nantes,Maine-et-Loire,Hors EP,CM1,Français,18,25,3.82,0,87.97,73.83
2020,14,Nantes,Maine-et-Loire,Hors EP,CM1,Mathématiques,24,25,3.82,0,72.57,64.47
2020,14,Nantes,Maine-et-Loire,Hors EP,CM2,Français,22,25,3.82,0,81.55,64.05
2020,14,Nantes,Maine-et-Loire,Hors EP,CM2,Mathématiques,21,25,3.82,0,84.54,68.71
2020,14,Nantes,Maine-et-Loire,Hors EP,6e,Français,21,25,3.82,0,83.47,69.91
2020,14,Nantes,Maine-et-Loire,Hors EP,6e,Mathématiques,25,25,3.82,0,88.53,74.77
2020,15,Paris,Moselle,Hors EP,CP,Français,22,24,24.81,0,85.24,69.56
2020,15,Paris,Moselle,Hors EP,CP,Mathématiques,19,24,24.81,0,70.08,61.56
2020,15,Paris,Moselle,Hors EP,CE1,Français,28,24,24.81,0,70.91,58.92
2020,15,Paris,Moselle,Hors EP,CE1,Mathématiques,20,24,24.81,0,81.51,75.41
2020,15,Paris,Moselle,Hors EP,CM1,Français,21,24,24.81,0,76.04,61.06
2020,15,Paris,Moselle,Hors EP,CM1,Mathématiques,26,24,24.81,0,80.08,69.78
2020,15,Paris,Moselle,Hors EP,CM2,Français,27,24,24.81,0,92.89,77.99
2020,15,Paris,Moselle,Hors EP,CM2,Mathématiques,22,24,24.81,0,82.96,69.99
2020,15,Paris,Moselle,Hors EP,6e,Français,18,24,24.81,0,90.47,67.91
2020,15,Paris,Moselle,Hors EP,6e,Mathématiques,25,24,24.81,0,80.85,79.73
2020,16,Lyon,Nord,REP,CP,Français,28,28,-18.79,0,55.25,48.04
2020,16,Lyon,Nord,REP,CP,Mathématiques,24,28,-18.79,0,45.47,45.32
2020,16,Lyon,Nord,REP,CE1,Français,25,28,-18.79,0,54.06,42.67
2020,16,Lyon,Nord,REP,CE1,Mathématiques,24,28,-18.79,0,56.71,52.52
2020,16,Lyon,Nord,REP,CM1,Français,24,28,-18.79,0,58.36,51.63
2020,16,Lyon,Nord,REP,CM1,Mathématiques,29,28,-18.79,0,49.92,52.55
2020,16,Lyon,Nord,REP,CM2,Français,25,28,-18.79,0,67.75,57.41
2020,16,Lyon,Nord,REP,CM2,Mathématiques,24,28,-18.79,0,64.52,56.27
2020,16,Lyon,Nord,REP,6e,Français,26,28,-18.79,0,72.8,75.37
2020,16,Lyon,Nord,REP,6e,Mathématiques,26,28,-18.79,0,59.14,61.03
2020,17,Lille,Paris,REP,CP,Français,28,31,-6.06,0,47.8,47.52
2020,17,Lille,Paris,REP,CP,Mathématiques,28,31,-6.06,0,52.48,55.16
2020,17,Lille,Paris,REP,CE1,Français,26,31,-6.06,0,67.45,59.04
2020,17,Lille,Paris,REP,CE1,Mathématiques,22,31,-6.06,0,50.51,56.71
2020,17,Lille,Paris,REP,CM1,Français,26,31,-6.06,0,62.99,55.12
2020,17,Lille,Paris,REP,CM1,Mathématiques,25,31,-6.06,0,56.63,55.86
2020,17,Lille,Paris,REP,CM2,Français,26,31,-6.06,0,69.23,63.77
2020,17,Lille,Paris,REP,CM2,Mathématiques,25,31,-6.06,0,58.61,47.12
2020,17,Lille,Paris,REP,6e,Français,34,31,-6.06,0,71.72,70.47
2020,17,Lille,Paris,REP,6e,Mathématiques,24,31,-6.06,0,71.12,59.28
2020,18,Bordeaux,Puy-de-Dôme,Hors EP,CP,Français,20,20,10.09,0,72.19,67.84
2020,18,Bordeaux,Puy-de-Dôme,Hors EP,CP,Mathématiques,21,20,10.09,0,70.07,64.66
2020,18,Bordeaux,Puy-de-Dôme,Hors EP,CE1,Français,23,20,10.09,0,76.05,63.45
2020,18,Bordeaux,Puy-de-Dôme,Hors EP,CE1,Mathématiques,21,20,10.09,0,68.61,53.85
2020,18,Bordeaux,Puy-de-Dôme,Hors EP,CM1,Français,22,20,10.09,0,85.48,66.23
2020,18,Bordeaux,Puy-de-Dôme,Hors EP,CM1,Mathématiques,23,20,10.09,0,81.44,61.2
2020,18,Bordeaux,Puy-de-Dôme,Hors EP,CM2,Français,21,20,10.09,0,95.12,82.44
2020,18,Bordeaux,Puy-de-Dôme,Hors EP,CM2,Mathématiques,17,20,10.09,0,90.37,72.72
2020,18,Bordeaux,Puy-de-Dôme,Hors EP,6e,Français,24,20,10.09,0,86.91,73.83
2020,18,Bordeaux,Puy-de-Dôme,Hors EP,6e,Mathématiques,21,20,10.09,0,89.72,73.18
2020,19,Nantes,Saône-et-Loire,Hors EP,CP,Français,16,19,2.1,0,78.92,67.78
2020,19,Nantes,Saône-et-Loire,Hors EP,CP,Mathématiques,20,19,2.1,0,73.09,66.34
2020,19,Nantes,Saône-et-Loire,Hors EP,CE1,Français,23,19,2.1,0,72.63,69.56
2020,19,Nantes,Saône-et-Loire,Hors EP,CE1,Mathématiques,20,19,2.1,0,75.94,68.66
2020,19,Nantes,Saône-et-Loire,Hors EP,CM1,Français,23,19,2.1,0,83.2,69.36
2020,19,Nantes,Saône-et-Loire,Hors EP,CM1,Mathématiques,18,19,2.1,0,81.23,66.43
2020,19,Nantes,Saône-et-Loire,Hors EP,CM2,Français,17,19,2.1,0,79.88,61.57
2020,19,Nantes,Saône-et-Loire,Hors EP,CM2,Mathématiques,25,19,2.1,0,77.2,77.01
2020,19,Nantes,Saône-et-Loire,Hors EP,6e,Français,21,19,2.1,0,91.53,69.74
2020,19,Nantes,Saône-et-Loire,Hors EP,6e,Mathématiques,20,19,2.1,0,98.17,89.54
2020,20,Paris,Ain,REP+,CP,Français,17,17,-10.23,1,67.32,61.75
2020,20,Paris,Ain,REP+,CP,Mathématiques,13,17,-10.23,1,63.94,53.59
2020,20,Paris,Ain,REP+,CE1,Français,14,17,-10.23,1,66.06,55.6
2020,20,Paris,Ain,REP+,CE1,Mathématiques,12,17,-10.23,1,57.76,61.36
2020,20,Paris,Ain,REP+,CM1,Français,19,17,-10.23,0,60.59,54.86
2020,20,Paris,Ain,REP+,CM1,Mathématiques,13,17,-10.23,1,66.98,57.8
2020,20,Paris,Ain,REP+,CM2,Français,14,17,-10.23,1,76.83,65.22
2020,20,Paris,Ain,REP+,CM2,Mathématiques,14,17,-10.23,1,71.14,61.79
2020,20,Paris,Ain,REP+,6e,Français,13,17,-10.23,1,83.4,62.86
2020,20,Paris,Ain,REP+,6e,Mathématiques,18,17,-10.23,1,77.58,70.81
2020,21,Lyon,Bas-Rhin,Hors EP,CP,Français,21,24,-12.39,0,73.16,61.83
2020,21,Lyon,Bas-Rhin,Hors EP,CP,Mathématiques,24,24,-12.39,0,53.66,49.56
2020,21,Lyon,Bas-Rhin,Hors EP,CE1,Français,25,24,-12.39,0,69.64,58.21
2020,21,Lyon,Bas-Rhin,Hors EP,CE1,Mathématiques,20,24,-12.39,0,58.29,49.58
2020,21,Lyon,Bas-Rhin,Hors EP,CM1,Français,25,24,-12.39,0,73.79,62.86
2020,21,Lyon,Bas-Rhin,Hors EP,CM1,Mathématiques,16,24,-12.39,0,72.37,70.17
2020,21,Lyon,Bas-Rhin,Hors EP,CM2,Français,24,24,-12.39,0,76.48,63.85
2020,21,Lyon,Bas-Rhin,Hors EP,CM2,Mathématiques,22,24,-12.39,0,75.73,56.48
2020,21,Lyon,Bas-Rhin,Hors EP,6e,Français,22,24,-12.39,0,91.69,80.31
2020,21,Lyon,Bas-Rhin,Hors EP,6e,Mathématiques,24,24,-12.39,0,77.32,67.87
2020,22,Lille,Bouches-du-Rhône,Hors EP,CP,Français,16,22,-7.93,0,78.48,70.01
2020,22,Lille,Bouches-du-Rhône,Hors EP,CP,Mathématiques,20,22,-7.93,0,70.58,60.76
2020,22,Lille,Bouches-du-Rhône,Hors EP,CE1,Français,23,22,-7.93,0,69.29,64.8
2020,22,Lille,Bouches-du-Rhône,Hors EP,CE1,Mathématiques,22,22,-7.93,0,65.71,65.34
2020,22,Lille,Bouches-du-Rhône,Hors EP,CM1,Français,24,22,-7.93,0,77.19,70.95
2020,22,Lille,Bouches-du-Rhône,Hors EP,CM1,Mathématiques,22,22,-7.93,0,74.54,67.22
2020,22,Lille,Bouches-du-Rhône,Hors EP,CM2,Français,20,22,-7.93,0,87.44,70.68
2020,22,Lille,Bouches-du-Rhône,Hors EP,CM2,Mathématiques,26,22,-7.93,0,80.51,71.82
2020,22,Lille,Bouches-du-Rhône,Hors EP,6e,Français,20,22,-7.93,0,90.98,70.98
2020,22,Lille,Bouches-du-Rhône,Hors EP,6e,Mathématiques,24,22,-7.93,0,74.43,57.91
2020,23,Bordeaux,Gironde,REP+,CP,Français,15,21,-10.9,1,60.79,54.62
2020,23,Bordeaux,Gironde,REP+,CP,Mathématiques,22,21,-10.9,0,43.46,44.85
2020,23,Bordeaux,Gironde,REP+,CE1,Français,15,21,-10.9,1,62.27,58.23
2020,23,Bordeaux,Gironde,REP+,CE1,Mathématiques,17,21,-10.9,1,58.71,56.55
2020,23,Bordeaux,Gironde,REP+,CM1,Français,22,21,-10.9,0,57.94,60.12
2020,23,Bordeaux,Gironde,REP+,CM1,Mathématiques,20,21,-10.9,0,60.97,53.41
2020,23,Bordeaux,Gironde,REP+,CM2,Français,17,21,-10.9,1,73.98,68.04
2020,23,Bordeaux,Gironde,REP+,CM2,Mathématiques,20,21,-10.9,0,61.65,61.31
2020,23,Bordeaux,Gironde,REP+,6e,Français,17,21,-10.9,1,83.88,77.11
2020,23,Bordeaux,Gironde,REP+,6e,Mathématiques,20,21,-10.9,0,66.7,63.92
2020,24,Nantes,Hérault,Hors EP,CP,Français,26,28,-15.95,0,59.47,53.3
2020,24,Nantes,Hérault,Hors EP,CP,Mathématiques,25,28,-15.95,0,59.7,56.01
2020,24,Nantes,Hérault,Hors EP,CE1,Français,25,28,-15.95,0,66.29,62.92
2020,24,Nantes,Hérault,Hors EP,CE1,Mathématiques,23,28,-15.95,0,79.08,68.23
2020,24,Nantes,Hérault,Hors EP,CM1,Français,22,28,-15.95,0,74.26,71.23
2020,24,Nantes,Hérault,Hors EP,CM1,Mathématiques,24,28,-15.95,0,67.75,65.34
2020,24,Nantes,Hérault,Hors EP,CM2,Français,24,28,-15.95,0,84.83,77.36
2020,24,Nantes,Hérault,Hors EP,CM2,Mathématiques,26,28,-15.95,0,87.87,66.13
2020,24,Nantes,Hérault,Hors EP,6e,Français,23,28,-15.95,0,86.63,85.22
2020,24,Nantes,Hérault,Hors EP,6e,Mathématiques,29,28,-15.95,0,85.18,68.95
2020,25,Paris,Loire,Hors EP,CP,Français,21,23,17.91,0,73.15,68.61
2020,25,Paris,Loire,Hors EP,CP,Mathématiques,18,23,17.91,0,73.59,59.55
2020,25,Paris,Loire,Hors EP,CE1,Français,21,23,17.91,0,75.01,62.82
2020,25,Paris,Loire,Hors EP,CE1,Mathématiques,23,23,17.91,0,73.84,64.12
2020,25,Paris,Loire,Hors EP,CM1,Français,23,23,17.91,0,77.94,71.41
2020,25,Paris,Loire,Hors EP,CM1,Mathématiques,21,23,17.91,0,78.47,64.39
2020,25,Paris,Loire,Hors EP,CM2,Français,21,23,17.91,0,97.07,80.69
2020,25,Paris,Loire,Hors EP,CM2,Mathématiques,19,23,17.91,0,91.58,74.92
2020,25,Paris,Loire,Hors EP,6e,Français,23,23,17.91,0,89.12,82.01
2020,25,Paris,Loire,Hors EP,6e,Mathématiques,21,23,17.91,0,96.94,75.67
2020,26,Lyon,Maine-et-Loire,REP,CP,Français,23,27,27.26,0,60.13,65.41
2020,26,Lyon,Maine-et-Loire,REP,CP,Mathématiques,20,27,27.26,0,51.3,45.91
2020,26,Lyon,Maine-et-Loire,REP,CE1,Français,26,27,27.26,0,53.03,54.04
2020,26,Lyon,Maine-et-Loire,REP,CE1,Mathématiques,25,27,27.26,0,67.24,65.95
2020,26,Lyon,Maine-et-Loire,REP,CM1,Français,25,27,27.26,0,73.29,67.53
2020,26,Lyon,Maine-et-Loire,REP,CM1,Mathématiques,23,27,27.26,0,60.82,53.51
2020,26,Lyon,Maine-et-Loire,REP,CM2,Français,24,27,27.26,0,73.86,54.55
2020,26,Lyon,Maine-et-Loire,REP,CM2,Mathématiques,23,27,27.26,0,71.1,66.09
2020,26,Lyon,Maine-et-Loire,REP,6e,Français,28,27,27.26,0,75.31,61.66
2020,26,Lyon,Maine-et-Loire,REP,6e,Mathématiques,19,27,27.26,0,82.66,66.87
2020,27,Lille,Moselle,Hors EP,CP,Français,31,33,6.65,0,67.88,50.68
2020,27,Lille,Moselle,Hors EP,CP,Mathématiques,26,33,6.65,0,59.04,57.76
2020,27,Lille,Moselle,Hors EP,CE1,Français,29,33,6.65,0,56.96,52.23
2020,27,Lille,Moselle,Hors EP,CE1,Mathématiques,30,33,6.65,0,65.86,60.52
2020,27,Lille,Moselle,Hors EP,CM1,Français,27,33,6.65,0,72.13,63.96
2020,27,Lille,Moselle,Hors EP,CM1,Mathématiques,28,33,6.65,0,75.77,70.0
2020,27,Lille,Moselle,Hors EP,CM2,Français,28,33,6.65,0,85.92,71.55
2020,27,Lille,Moselle,Hors EP,CM2,Mathématiques,24,33,6.65,0,83.74,72.58
2020,27,Lille,Moselle,Hors EP,6e,Français,29,33,6.65,0,79.41,77.95
2020,27,Lille,Moselle,Hors EP,6e,Mathématiques,30,33,6.65,0,79.9,64.66
2020,28,Bordeaux,Nord,Hors EP,CP,Français,25,24,-7.36,0,66.19,67.91
2020,28,Bordeaux,Nord,Hors EP,CP,Mathématiques,19,24,-7.36,0,69.5,66.28
2020,28,Bordeaux,Nord,Hors EP,CE1,Français,23,24,-7.36,0,77.77,65.45
2020,28,Bordeaux,Nord,Hors EP,CE1,Mathématiques,21,24,-7.36,0,77.23,63.99
2020,28,Bordeaux,Nord,Hors EP,CM1,Français,22,24,-7.36,0,78.73,69.57
2020,28,Bordeaux,Nord,Hors EP,CM1,Mathématiques,21,24,-7.36,0,74.07,64.06
2020,28,Bordeaux,Nord,Hors EP,CM2,Français,21,24,-7.36,0,85.15,80.77
2020,28,Bordeaux,Nord,Hors EP,CM2,Mathématiques,24,24,-7.36,0,81.22,66.42
2020,28,Bordeaux,Nord,Hors EP,6e,Français,19,24,-7.36,0,100.0,77.95
2020,28,Bordeaux,Nord,Hors EP,6e,Mathématiques,21,24,-7.36,0,89.24,74.13
2020,29,Nantes,Paris,REP,CP,Français,21,18,-8.51,0,56.44,50.76
2020,29,Nantes,Paris,REP,CP,Mathématiques,18,18,-8.51,1,68.18,59.64
2020,29,Nantes,Paris,REP,CE1,Français,20,18,-8.51,0,55.66,58.7
2020,29,Nantes,Paris,REP,CE1,Mathématiques,18,18,-8.51,1,68.96,58.43
2020,29,Nantes,Paris,REP,CM1,Français,15,18,-8.51,1,70.68,59.25
2020,29,Nantes,Paris,REP,CM1,Mathématiques,19,18,-8.51,0,60.95,48.71
2020,29,Nantes,Paris,REP,CM2,Français,16,18,-8.51,1,81.45,68.66
2020,29,Nantes,Paris,REP,CM2,Mathématiques,18,18,-8.51,1,84.83,78.93
2020,29,Nantes,Paris,REP,6e,Français,23,18,-8.51,0,67.37,56.53
2020,29,Nantes,Paris,REP,6e,Mathématiques,20,18,-8.51,0,72.34,68.49
2020,30,Paris,Puy-de-Dôme,REP+,CP,Français,21,23,12.73,0,50.59,47.87
2020,30,Paris,Puy-de-Dôme,REP+,CP,Mathématiques,18,23,12.73,1,66.35,63.85
2020,30,Paris,Puy-de-Dôme,REP+,CE1,Français,21,23,12.73,0,60.9,53.26
2020,30,Paris,Puy-de-Dôme,REP+,CE1,Mathématiques,17,23,12.73,1,68.26,55.02
2020,30,Paris,Puy-de-Dôme,REP+,CM1,Français,22,23,12.73,0,61.06,58.45
2020,30,Paris,Puy-de-Dôme,REP+,CM1,Mathématiques,24,23,12.73,0,57.94,57.15
2020,30,Paris,Puy-de-Dôme,REP+,CM2,Français,20,23,12.73,0,68.25,53.88
2020,30,Paris,Puy-de-Dôme,REP+,CM2,Mathématiques,26,23,12.73,0,52.22,48.77
2020,30,Paris,Puy-de-Dôme,REP+,6e,Français,19,23,12.73,0,69.54,62.36
2020,30,Paris,Puy-de-Dôme,REP+,6e,Mathématiques,21,23,12.73,0,73.18,65.89
2020,31,Lyon,Saône-et-Loire,Hors EP,CP,Français,21,28,10.91,0,69.75,64.8
2020,31,Lyon,Saône-et-Loire,Hors EP,CP,Mathématiques,25,28,10.91,0,61.48,60.55
2020,31,Lyon,Saône-et-Loire,Hors EP,CE1,Français,22,28,10.91,0,81.78,73.25
2020,31,Lyon,Saône-et-Loire,Hors EP,CE1,Mathématiques,21,28,10.91,0,71.43,60.84
2020,31,Lyon,Saône-et-Loire,Hors EP,CM1,Français,24,28,10.91,0,79.19,63.12
2020,31,Lyon,Saône-et-Loire,Hors EP,CM1,Mathématiques,21,28,10.91,0,82.28,72.38
2020,31,Lyon,Saône-et-Loire,Hors EP,CM2,Français,24,28,10.91,0,86.33,70.61
2020,31,Lyon,Saône-et-Loire,Hors EP,CM2,Mathématiques,24,28,10.91,0,93.53,84.47
2020,31,Lyon,Saône-et-Loire,Hors EP,6e,Français,23,28,10.91,0,88.65,60.98
2020,31,Lyon,Saône-et-Loire,Hors EP,6e,Mathématiques,27,28,10.91,0,87.95,72.09
2020,32,Lille,Ain,Hors EP,CP,Français,23,23,-1.07,0,69.96,67.41
2020,32,Lille,Ain,Hors EP,CP,Mathématiques,22,23,-1.07,0,71.2,52.97
2020,32,Lille,Ain,Hors EP,CE1,Français,18,23,-1.07,0,76.43,72.37
2020,32,Lille,Ain,Hors EP,CE1,Mathématiques,26,23,-1.07,0,67.13,57.59
2020,32,Lille,Ain,Hors EP,CM1,Français,16,23,-1.07,0,87.96,72.06
2020,32,Lille,Ain,Hors EP,CM1,Mathématiques,28,23,-1.07,0,68.74,72.27
2020,32,Lille,Ain,Hors EP,CM2,Français,23,23,-1.07,0,79.94,70.52
2020,32,Lille,Ain,Hors EP,CM2,Mathématiques,23,23,-1.07,0,80.56,73.97
2020,32,Lille,Ain,Hors EP,6e,Français,23,23,-1.07,0,92.25,77.65
2020,32,Lille,Ain,Hors EP,6e,Mathématiques,18,23,-1.07,0,90.73,77.57
2020,33,Bordeaux,Bas-Rhin,REP+,CP,Français,17,17,-15.56,1,57.93,64.04
2020,33,Bordeaux,Bas-Rhin,REP+,CP,Mathématiques,19,17,-15.56,0,51.1,49.16
2020,33,Bordeaux,Bas-Rhin,REP+,CE1,Français,13,17,-15.56,1,66.36,56.83
2020,33,Bordeaux,Bas-Rhin,REP+,CE1,Mathématiques,17,17,-15.56,1,55.59,53.17
2020,33,Bordeaux,Bas-Rhin,REP+,CM1,Français,21,17,-15.56,0,61.83,64.98
2020,33,Bordeaux,Bas-Rhin,REP+,CM1,Mathématiques,22,17,-15.56,0,44.53,39.31
2020,33,Bordeaux,Bas-Rhin,REP+,CM2,Français,13,17,-15.56,1,77.18,64.01
2020,33,Bordeaux,Bas-Rhin,REP+,CM2,Mathématiques,17,17,-15.56,1,70.36,64.76
2020,33,Bordeaux,Bas-Rhin,REP+,6e,Français,14,17,-15.56,1,73.67,65.1
2020,33,Bordeaux,Bas-Rhin,REP+,6e,Mathématiques,21,17,-15.56,0,64.52,54.91
2020,34,Nantes,Bouches-du-Rhône,Hors EP,CP,Français,23,29,-13.77,0,61.57,52.06
2020,34,Nantes,Bouches-du-Rhône,Hors EP,CP,Mathématiques,26,29,-13.77,0,56.91,54.63
2020,34,Nantes,Bouches-du-Rhône,Hors EP,CE1,Français,26,29,-13.77,0,79.35,60.43
2020,34,Nantes,Bouches-du-Rhône,Hors EP,CE1,Mathématiques,27,29,-13.77,0,66.23,54.88
2020,34,Nantes,Bouches-du-Rhône,Hors EP,CM1,Français,27,29,-13.77,0,77.91,68.46
2020,34,Nantes,Bouches-du-Rhône,Hors EP,CM1,Mathématiques,30,29,-13.77,0,58.95,50.87
2020,34,Nantes,Bouches-du-Rhône,Hors EP,CM2,Français,31,29,-13.77,0,79.95,72.07
2020,34,Nantes,Bouches-du-Rhône,Hors EP,CM2,Mathématiques,30,29,-13.77,0,65.12,63.26
2020,34,Nantes,Bouches-du-Rhône,Hors EP,6e,Français,30,29,-13.77,0,78.78,81.72
2020,34,Nantes,Bouches-du-Rhône,Hors EP,6e,Mathématiques,27,29,-13.77,0,71.58,65.58
2020,35,Paris,Gironde,Hors EP,CP,Français,31,32,-7.18,0,65.87,55.65
2020,35,Paris,Gironde,Hors EP,CP,Mathématiques,27,32,-7.18,0,64.57,57.08
2020,35,Paris,Gironde,Hors EP,CE1,Français,26,32,-7.18,0,70.3,57.48
2020,35,Paris,Gironde,Hors EP,CE1,Mathématiques,21,32,-7.18,0,72.72,54.5
2020,35,Paris,Gironde,Hors EP,CM1,Français,25,32,-7.18,0,69.07,53.72
2020,35,Paris,Gironde,Hors EP,CM1,Mathématiques,28,32,-7.18,0,70.34,61.54
2020,35,Paris,Gironde,Hors EP,CM2,Français,24,32,-7.18,0,79.99,71.27
2020,35,Paris,Gironde,Hors EP,CM2,Mathématiques,27,32,-7.18,0,80.94,74.87
2020,35,Paris,Gironde,Hors EP,6e,Français,26,32,-7.18,0,77.8,64.12
2020,35,Paris,Gironde,Hors EP,6e,Mathématiques,27,32,-7.18,0,78.74,63.27
2020,36,Lyon,Hérault,REP,CP,Français,24,29,-0.03,0,60.39,60.44
2020,36,Lyon,Hérault,REP,CP,Mathématiques,29,29,-0.03,0,53.42,49.19
2020,36,Lyon,Hérault,REP,CE1,Français,26,29,-0.03,0,64.69,62.15
2020,36,Lyon,Hérault,REP,CE1,Mathématiques,21,29,-0.03,0,60.54,53.26
2020,36,Lyon,Hérault,REP,CM1,Français,29,29,-0.03,0,62.13,48.55
2020,36,Lyon,Hérault,REP,CM1,Mathématiques,28,29,-0.03,0,59.14,57.04
2020,36,Lyon,Hérault,REP,CM2,Français,28,29,-0.03,0,72.93,66.66
2020,36,Lyon,Hérault,REP,CM2,Mathématiques,27,29,-0.03,0,69.26,73.31
2020,36,Lyon,Hérault,REP,6e,Français,29,29,-0.03,0,71.22,65.59
2020,36,Lyon,Hérault,REP,6e,Mathématiques,28,29,-0.03,0,68.28,72.26
2020,37,Lille,Loire,Hors EP,CP,Français,27,26,-17.77,0,61.51,59.71
2020,37,Lille,Loire,Hors EP,CP,Mathématiques,27,26,-17.77,0,56.37,60.69
2020,37,Lille,Loire,Hors EP,CE1,Français,30,26,-17.77,0,72.41,65.42
2020,37,Lille,Loire,Hors EP,CE1,Mathématiques,27,26,-17.77,0,68.13,58.44
2020,37,Lille,Loire,Hors EP,CM1,Français,27,26,-17.77,0,73.18,57.46
2020,37,Lille,Loire,Hors EP,CM1,Mathématiques,27,26,-17.77,0,68.98,60.7
2020,37,Lille,Loire,Hors EP,CM2,Français,28,26,-17.77,0,83.79,67.74
2020,37,Lille,Loire,Hors EP,CM2,Mathématiques,26,26,-17.77,0,73.43,60.78
2020,37,Lille,Loire,Hors EP,6e,Français,26,26,-17.77,0,83.98,75.04
2020,37,Lille,Loire,Hors EP,6e,Mathématiques,28,26,-17.77,0,75.31,72.68
2020,38,Bordeaux,Maine-et-Loire,Hors EP,CP,Français,21,23,3.92,0,73.58,64.91
2020,38,Bordeaux,Maine-et-Loire,Hors EP,CP,Mathématiques,22,23,3.92,0,68.91,60.17
2020,38,Bordeaux,Maine-et-Loire,Hors EP,CE1,Français,16,23,3.92,0,81.04,68.24
2020,38,Bordeaux,Maine-et-Loire,Hors EP,CE1,Mathématiques,23,23,3.92,0,73.34,63.13
2020,38,Bordeaux,Maine-et-Loire,Hors EP,CM1,Français,24,23,3.92,0,80.19,70.35
2020,38,Bordeaux,Maine-et-Loire,Hors EP,CM1,Mathématiques,21,23,3.92,0,86.55,70.29
2020,38,Bordeaux,Maine-et-Loire,Hors EP,CM2,Français,20,23,3.92,0,82.3,74.6
2020,38,Bordeaux,Maine-et-Loire,Hors EP,CM2,Mathématiques,20,23,3.92,0,82.76,68.69
2020,38,Bordeaux,Maine-et-Loire,Hors EP,6e,Français,21,23,3.92,0,86.34,62.5
2020,38,Bordeaux,Maine-et-Loire,Hors EP,6e,Mathématiques,22,23,3.92,0,78.56,72.69
2020,39,Nantes,Moselle,Hors EP,CP,Français,28,23,-0.29,0,63.11,46.09
2020,39,Nantes,Moselle,Hors EP,CP,Mathématiques,24,23,-0.29,0,73.45,67.62
2020,39,Nantes,Moselle,Hors EP,CE1,Français,23,23,-0.29,0,75.15,70.95
2020,39,Nantes,Moselle,Hors EP,CE1,Mathématiques,24,23,-0.29,0,81.58,67.89
2020,39,Nantes,Moselle,Hors EP,CM1,Français,27,23,-0.29,0,79.49,65.56
2020,39,Nantes,Moselle,Hors EP,CM1,Mathématiques,23,23,-0.29,0,81.25,70.97
2020,39,Nantes,Moselle,Hors EP,CM2,Français,25,23,-0.29,0,75.5,69.62
2020,39,Nantes,Moselle,Hors EP,CM2,Mathématiques,25,23,-0.29,0,79.58,70.92
2020,39,Nantes,Moselle,Hors EP,6e,Français,23,23,-0.29,0,87.0,72.95
2020,39,Nantes,Moselle,Hors EP,6e,Mathématiques,23,23,-0.29,0,96.48,85.16
2020,40,Paris,Nord,Hors EP,CP,Français,32,30,0.35,0,52.78,49.7
2020,40,Paris,Nord,Hors EP,CP,Mathématiques,29,30,0.35,0,62.27,59.19
2020,40,Paris,Nord,Hors EP,CE1,Français,30,30,0.35,0,66.89,65.81
2020,40,Paris,Nord,Hors EP,CE1,Mathématiques,31,30,0.35,0,63.73,59.07
2020,40,Paris,Nord,Hors EP,CM1,Français,34,30,0.35,0,70.62,60.45
2020,40,Paris,Nord,Hors EP,CM1,Mathématiques,25,30,0.35,0,68.49,59.24
2020,40,Paris,Nord,Hors EP,CM2,Français,30,30,0.35,0,75.94,68.4
2020,40,Paris,Nord,Hors EP,CM2,Mathématiques,29,30,0.35,0,72.23,67.18
2020,40,Paris,Nord,Hors EP,6e,Français,33,30,0.35,0,75.76,67.74
2020,40,Paris,Nord,Hors EP,6e,Mathématiques,25,30,0.35,0,78.31,65.3
2020,41,Lyon,Paris,REP,CP,Français,18,21,0.43,1,65.72,69.62
2020,41,Lyon,Paris,REP,CP,Mathématiques,17,21,0.43,1,66.76,58.39
2020,41,Lyon,Paris,REP,CE1,Français,19,21,0.43,0,68.91,70.18
2020,41,Lyon,Paris,REP,CE1,Mathématiques,16,21,0.43,1,75.21,68.89
2020,41,Lyon,Paris,REP,CM1,Français,20,21,0.43,0,68.04,60.33
2020,41,Lyon,Paris,REP,CM1,Mathématiques,20,21,0.43,0,69.75,70.26
2020,41,Lyon,Paris,REP,CM2,Français,18,21,0.43,1,83.77,59.66
2020,41,Lyon,Paris,REP,CM2,Mathématiques,14,21,0.43,1,79.48,63.54
2020,41,Lyon,Paris,REP,6e,Français,20,21,0.43,0,72.56,61.83
2020,41,Lyon,Paris,REP,6e,Mathématiques,17,21,0.43,1,91.67,74.3
2020,42,Lille,Puy-de-Dôme,REP,CP,Français,21,24,10.2,0,51.09,48.58
2020,42,Lille,Puy-de-Dôme,REP,CP,Mathématiques,21,24,10.2,0,57.01,50.08
2020,42,Lille,Puy-de-Dôme,REP,CE1,Français,24,24,10.2,0,60.09,51.26
2020,42,Lille,Puy-de-Dôme,REP,CE1,Mathématiques,20,24,10.2,0,69.3,65.45
2020,42,Lille,Puy-de-Dôme,REP,CM1,Français,24,24,10.2,0,61.34,53.27
2020,42,Lille,Puy-de-Dôme,REP,CM1,Mathématiques,19,24,10.2,0,68.35,60.61
2020,42,Lille,Puy-de-Dôme,REP,CM2,Français,20,24,10.2,0,72.99,60.66
2020,42,Lille,Puy-de-Dôme,REP,CM2,Mathématiques,21,24,10.2,0,75.73,58.93
2020,42,Lille,Puy-de-Dôme,REP,6e,Français,22,24,10.2,0,84.03,71.23
2020,42,Lille,Puy-de-Dôme,REP,6e,Mathématiques,20,24,10.2,0,80.78,65.01
2020,43,Bordeaux,Saône-et-Loire,Hors EP,CP,Français,18,25,-1.82,0,73.93,70.85
2020,43,Bordeaux,Saône-et-Loire,Hors EP,CP,Mathématiques,26,25,-1.82,0,64.2,63.75
2020,43,Bordeaux,Saône-et-Loire,Hors EP,CE1,Français,22,25,-1.82,0,72.66,54.78
2020,43,Bordeaux,Saône-et-Loire,Hors EP,CE1,Mathématiques,25,25,-1.82,0,63.96,65.41
2020,43,Bordeaux,Saône-et-Loire,Hors EP,CM1,Français,22,25,-1.82,0,75.99,68.23
2020,43,Bordeaux,Saône-et-Loire,Hors EP,CM1,Mathématiques,26,25,-1.82,0,80.69,67.31
2020,43,Bordeaux,Saône-et-Loire,Hors EP,CM2,Français,19,25,-1.82,0,88.53,74.37
2020,43,Bordeaux,Saône-et-Loire,Hors EP,CM2,Mathématiques,24,25,-1.82,0,83.91,63.6
2020,43,Bordeaux,Saône-et-Loire,Hors EP,6e,Français,22,25,-1.82,0,89.58,76.1
2020,43,Bordeaux,Saône-et-Loire,Hors EP,6e,Mathématiques,22,25,-1.82,0,92.78,82.98
2020,44,Nantes,Ain,REP,CP,Français,20,21,-20.18,0,64.28,50.15
2020,44,Nantes,Ain,REP,CP,Mathématiques,20,21,-20.18,0,52.73,52.29
2020,44,Nantes,Ain,REP,CE1,Français,18,21,-20.18,1,64.37,51.88
2020,44,Nantes,Ain,REP,CE1,Mathématiques,23,21,-20.18,0,49.86,46.4
2020,44,Nantes,Ain,REP,CM1,Français,25,21,-20.18,0,58.17,56.27
2020,44,Nantes,Ain,REP,CM1,Mathématiques,23,21,-20.18,0,64.85,52.44
2020,44,Nantes,Ain,REP,CM2,Français,18,21,-20.18,1,83.14,81.18
2020,44,Nantes,Ain,REP,CM2,Mathématiques,18,21,-20.18,1,76.56,69.16
2020,44,Nantes,Ain,REP,6e,Français,22,21,-20.18,0,77.24,63.29
2020,44,Nantes,Ain,REP,6e,Mathématiques,19,21,-20.18,0,74.85,72.21
2020,45,Paris,Bas-Rhin,Hors EP,CP,Français,24,22,22.36,0,76.33,67.06
2020,45,Paris,Bas-Rhin,Hors EP,CP,Mathématiques,24,22,22.36,0,61.73,46.22
2020,45,Paris,Bas-Rhin,Hors EP,CE1,Français,27,22,22.36,0,73.13,65.76
2020,45,Paris,Bas-Rhin,Hors EP,CE1,Mathématiques,21,22,22.36,0,71.12,68.67
2020,45,Paris,Bas-Rhin,Hors EP,CM1,Français,28,22,22.36,0,75.09,69.42
2020,45,Paris,Bas-Rhin,Hors EP,CM1,Mathématiques,24,22,22.36,0,77.94,77.26
2020,45,Paris,Bas-Rhin,Hors EP,CM2,Français,23,22,22.36,0,92.97,80.12
2020,45,Paris,Bas-Rhin,Hors EP,CM2,Mathématiques,24,22,22.36,0,89.66,77.42
2020,45,Paris,Bas-Rhin,Hors EP,6e,Français,24,22,22.36,0,97.69,87.68
2020,45,Paris,Bas-Rhin,Hors EP,6e,Mathématiques,27,22,22.36,0,68.29,63.64
2020,46,Lyon,Bouches-du-Rhône,Hors EP,CP,Français,26,27,3.13,0,66.17,67.49
2020,46,Lyon,Bouches-du-Rhône,Hors EP,CP,Mathématiques,26,27,3.13,0,66.82,62.9
2020,46,Lyon,Bouches-du-Rhône,Hors EP,CE1,Français,27,27,3.13,0,75.07,65.49
2020,46,Lyon,Bouches-du-Rhône,Hors EP,CE1,Mathématiques,26,27,3.13,0,69.16,71.61
2020,46,Lyon,Bouches-du-Rhône,Hors EP,CM1,Français,27,27,3.13,0,73.66,76.74
2020,46,Lyon,Bouches-du-Rhône,Hors EP,CM1,Mathématiques,19,27,3.13,0,83.54,68.33
2020,46,Lyon,Bouches-du-Rhône,Hors EP,CM2,Français,29,27,3.13,0,80.81,65.98
2020,46,Lyon,Bouches-du-Rhône,Hors EP,CM2,Mathématiques,23,27,3.13,0,78.86,67.1
2020,46,Lyon,Bouches-du-Rhône,Hors EP,6e,Français,23,27,3.13,0,86.7,75.3
2020,46,Lyon,Bouches-du-Rhône,Hors EP,6e,Mathématiques,25,27,3.13,0,80.79,61.65
2020,47,Lille,Gironde,REP+,CP,Français,23,22,6.61,0,52.98,64.43
2020,47,Lille,Gironde,REP+,CP,Mathématiques,27,22,6.61,0,33.98,27.12
2020,47,Lille,Gironde,REP+,CE1,Français,19,22,6.61,0,58.36,54.31
2020,47,Lille,Gironde,REP+,CE1,Mathématiques,21,22,6.61,0,50.08,45.58
2020,47,Lille,Gironde,REP+,CM1,Français,18,22,6.61,1,71.09,67.56
2020,47,Lille,Gironde,REP+,CM1,Mathématiques,18,22,6.61,1,67.69,63.88
2020,47,Lille,Gironde,REP+,CM2,Français,19,22,6.61,0,72.12,59.44
2020,47,Lille,Gironde,REP+,CM2,Mathématiques,16,22,6.61,1,75.36,68.27
2020,47,Lille,Gironde,REP+,6e,Français,17,22,6.61,1,88.04,84.49
2020,47,Lille,Gironde,REP+,6e,Mathématiques,17,22,6.61,1,85.69,61.36
2020,48,Bordeaux,Hérault,REP,CP,Français,17,17,-11.54,1,64.17,57.57
2020,48,Bordeaux,Hérault,REP,CP,Mathématiques,22,17,-11.54,0,51.73,60.73
2020,48,Bordeaux,Hérault,REP,CE1,Français,16,17,-11.54,1,78.53,60.27
2020,48,Bordeaux,Hérault,REP,CE1,Mathématiques,16,17,-11.54,1,66.4,67.84
2020,48,Bordeaux,Hérault,REP,CM1,Français,17,17,-11.54,1,68.42,54.97
2020,48,Bordeaux,Hérault,REP,CM1,Mathématiques,14,17,-11.54,1,79.02,72.76
2020,48,Bordeaux,Hérault,REP,CM2,Français,16,17,-11.54,1,80.35,73.22
2020,48,Bordeaux,Hérault,REP,CM2,Mathématiques,14,17,-11.54,1,81.88,72.54
2020,48,Bordeaux,Hérault,REP,6e,Français,16,17,-11.54,1,89.61,76.44
2020,48,Bordeaux,Hérault,REP,6e,Mathématiques,18,17,-11.54,1,78.81,71.66
2020,49,Nantes,Loire,REP,CP,Français,23,25,-1.32,0,55.84,47.23
2020,49,Nantes,Loire,REP,CP,Mathématiques,23,25,-1.32,0,45.19,47.14
2020,49,Nantes,Loire,REP,CE1,Français,20,25,-1.32,0,60.23,56.81
2020,49,Nantes,Loire,REP,CE1,Mathématiques,19,25,-1.32,0,62.45,57.75
2020,49,Nantes,Loire,REP,CM1,Français,19,25,-1.32,0,75.16,67.14
2020,49,Nantes,Loire,REP,CM1,Mathématiques,23,25,-1.32,0,68.92,68.86
2020,49,Nantes,Loire,REP,CM2,Français,22,25,-1.32,0,70.08,55.51
2020,49,Nantes,Loire,REP,CM2,Mathématiques,22,25,-1.32,0,73.37,66.66
2020,49,Nantes,Loire,REP,6e,Français,12,25,-1.32,1,92.96,82.87
2020,49,Nantes,Loire,REP,6e,Mathématiques,20,25,-1.32,0,79.69,72.33
2020,50,Paris,Maine-et-Loire,Hors EP,CP,Français,28,30,-0.69,0,61.4,58.27
2020,50,Paris,Maine-et-Loire,Hors EP,CP,Mathématiques,31,30,-0.69,0,65.03,62.84
2020,50,Paris,Maine-et-Loire,Hors EP,CE1,Français,24,30,-0.69,0,66.71,61.19
2020,50,Paris,Maine-et-Loire,Hors EP,CE1,Mathématiques,28,30,-0.69,0,63.88,67.96
2020,50,Paris,Maine-et-Loire,Hors EP,CM1,Français,28,30,-0.69,0,77.56,72.68
2020,50,Paris,Maine-et-Loire,Hors EP,CM1,Mathématiques,28,30,-0.69,0,83.78,67.27
2020,50,Paris,Maine-et-Loire,Hors EP,CM2,Français,26,30,-0.69,0,77.67,75.63
2020,50,Paris,Maine-et-Loire,Hors EP,CM2,Mathématiques,30,30,-0.69,0,72.87,60.23
2020,50,Paris,Maine-et-Loire,Hors EP,6e,Français,31,30,-0.69,0,84.05,79.2
2020,50,Paris,Maine-et-Loire,Hors EP,6e,Mathématiques,28,30,-0.69,0,84.42,73.91
2020,51,Lyon,Moselle,REP,CP,Français,22,24,5.93,0,61.77,60.33
2020,51,Lyon,Moselle,REP,CP,Mathématiques,20,24,5.93,0,63.1,62.37
2020,51,Lyon,Moselle,REP,CE1,Français,23,24,5.93,0,66.94,59.89
2020,51,Lyon,Moselle,REP,CE1,Mathématiques,21,24,5.93,0,62.7,51.89
2020,51,Lyon,Moselle,REP,CM1,Français,17,24,5.93,1,74.06,64.82
2020,51,Lyon,Moselle,REP,CM1,Mathématiques,19,24,5.93,0,60.55,56.92
2020,51,Lyon,Moselle,REP,CM2,Français,20,24,5.93,0,79.43,79.08
2020,51,Lyon,Moselle,REP,CM2,Mathématiques,21,24,5.93,0,67.08,63.85
2020,51,Lyon,Moselle,REP,6e,Français,20,24,5.93,0,78.03,63.75
2020,51,Lyon,Moselle,REP,6e,Mathématiques,19,24,5.93,0,76.21,70.84
2020,52,Lille,Nord,Hors EP,CP,Français,28,26,5.09,0,61.14,53.73
2020,52,Lille,Nord,Hors EP,CP,Mathématiques,27,26,5.09,0,52.19,45.44
2020,52,Lille,Nord,Hors EP,CE1,Français,33,26,5.09,0,66.97,58.66
2020,52,Lille,Nord,Hors EP,CE1,Mathématiques,30,26,5.09,0,56.22,54.64
2020,52,Lille,Nord,Hors EP,CM1,Français,32,26,5.09,0,71.67,54.87
2020,52,Lille,Nord,Hors EP,CM1,Mathématiques,28,26,5.09,0,78.57,69.72
2020,52,Lille,Nord,Hors EP,CM2,Français,25,26,5.09,0,94.17,72.76
2020,52,Lille,Nord,Hors EP,CM2,Mathématiques,28,26,5.09,0,73.14,59.56
2020,52,Lille,Nord,Hors EP,6e,Français,28,26,5.09,0,88.67,81.75
2020,52,Lille,Nord,Hors EP,6e,Mathématiques,28,26,5.09,0,78.27,70.61
2020,53,Bordeaux,Paris,Hors EP,CP,Français,25,25,-1.35,0,66.92,65.86
2020,53,Bordeaux,Paris,Hors EP,CP,Mathématiques,31,25,-1.35,0,60.15,55.87
2020,53,Bordeaux,Paris,Hors EP,CE1,Français,26,25,-1.35,0,67.88,64.98
2020,53,Bordeaux,Paris,Hors EP,CE1,Mathématiques,26,25,-1.35,0,65.95,64.35
2020,53,Bordeaux,Paris,Hors EP,CM1,Français,25,25,-1.35,0,73.37,66.65
2020,53,Bordeaux,Paris,Hors EP,CM1,Mathématiques,26,25,-1.35,0,78.16,72.31
2020,53,Bordeaux,Paris,Hors EP,CM2,Français,25,25,-1.35,0,80.61,69.83
2020,53,Bordeaux,Paris,Hors EP,CM2,Mathématiques,26,25,-1.35,0,81.01,71.6
2020,53,Bordeaux,Paris,Hors EP,6e,Français,25,25,-1.35,0,92.22,74.34
2020,53,Bordeaux,Paris,Hors EP,6e,Mathématiques,31,25,-1.35,0,82.77,65.65
2020,54,Nantes,Puy-de-Dôme,Hors EP,CP,Français,23,30,-17.94,0,69.99,53.82
2020,54,Nantes,Puy-de-Dôme,Hors EP,CP,Mathématiques,22,30,-17.94,0,67.86,60.03
2020,54,Nantes,Puy-de-Dôme,Hors EP,CE1,Français,24,30,-17.94,0,68.42,54.17
2020,54,Nantes,Puy-de-Dôme,Hors EP,CE1,Mathématiques,27,30,-17.94,0,61.32,54.02
2020,54,Nantes,Puy-de-Dôme,Hors EP,CM1,Français,27,30,-17.94,0,72.79,60.98
2020,54,Nantes,Puy-de-Dôme,Hors EP,CM1,Mathématiques,21,30,-17.94,0,78.0,68.44
2020,54,Nantes,Puy-de-Dôme,Hors EP,CM2,Français,25,30,-17.94,0,76.08,66.8
2020,54,Nantes,Puy-de-Dôme,Hors EP,CM2,Mathématiques,27,30,-17.94,0,76.39,75.13
2020,54,Nantes,Puy-de-Dôme,Hors EP,6e,Français,28,30,-17.94,0,82.56,74.84
2020,54,Nantes,Puy-de-Dôme,Hors EP,6e,Mathématiques,26,30,-17.94,0,82.05,77.28
2020,55,Paris,Saône-et-Loire,Hors EP,CP,Français,23,22,3.71,0,62.47,46.13
2020,55,Paris,Saône-et-Loire,Hors EP,CP,Mathématiques,29,22,3.71,0,63.13,55.01
2020,55,Paris,Saône-et-Loire,Hors EP,CE1,Français,25,22,3.71,0,68.08,59.64
2020,55,Paris,Saône-et-Loire,Hors EP,CE1,Mathématiques,22,22,3.71,0,65.69,49.14
2020,55,Paris,Saône-et-Loire,Hors EP,CM1,Français,20,22,3.71,0,87.44,69.53
2020,55,Paris,Saône-et-Loire,Hors EP,CM1,Mathématiques,25,22,3.71,0,79.65,69.24
2020,55,Paris,Saône-et-Loire,Hors EP,CM2,Français,23,22,3.71,0,85.74,71.22
2020,55,Paris,Saône-et-Loire,Hors EP,CM2,Mathématiques,27,22,3.71,0,86.99,81.4
2020,55,Paris,Saône-et-Loire,Hors EP,6e,Français,19,22,3.71,0,91.78,77.43
2020,55,Paris,Saône-et-Loire,Hors EP,6e,Mathématiques,25,22,3.71,0,77.57,59.03
2020,56,Lyon,Ain,REP,CP,Français,19,20,-13.24,0,54.01,52.93
2020,56,Lyon,Ain,REP,CP,Mathématiques,16,20,-13.24,1,56.76,60.72
2020,56,Lyon,Ain,REP,CE1,Français,19,20,-13.24,0,60.21,53.34
2020,56,Lyon,Ain,REP,CE1,Mathématiques,22,20,-13.24,0,58.67,60.63
2020,56,Lyon,Ain,REP,CM1,Français,17,20,-13.24,1,77.84,69.94
2020,56,Lyon,Ain,REP,CM1,Mathématiques,17,20,-13.24,1,74.18,62.52
2020,56,Lyon,Ain,REP,CM2,Français,19,20,-13.24,0,66.76,63.26
2020,56,Lyon,Ain,REP,CM2,Mathématiques,19,20,-13.24,0,68.8,64.03
2020,56,Lyon,Ain,REP,6e,Français,17,20,-13.24,1,84.6,75.24
2020,56,Lyon,Ain,REP,6e,Mathématiques,19,20,-13.24,0,72.43,61.29
2020,57,Lille,Bas-Rhin,REP,CP,Français,18,21,3.8,1,65.46,63.21
2020,57,Lille,Bas-Rhin,REP,CP,Mathématiques,16,21,3.8,1,63.72,62.19
2020,57,Lille,Bas-Rhin,REP,CE1,Français,19,21,3.8,0,52.49,49.9
2020,57,Lille,Bas-Rhin,REP,CE1,Mathématiques,18,21,3.8,1,69.13,62.81
2020,57,Lille,Bas-Rhin,REP,CM1,Français,13,21,3.8,1,66.92,55.63
2020,57,Lille,Bas-Rhin,REP,CM1,Mathématiques,19,21,3.8,0,52.24,46.31
2020,57,Lille,Bas-Rhin,REP,CM2,Français,13,21,3.8,1,83.56,81.61
2020,57,Lille,Bas-Rhin,REP,CM2,Mathématiques,17,21,3.8,1,81.17,74.39
2020,57,Lille,Bas-Rhin,REP,6e,Français,18,21,3.8,1,88.69,79.94
2020,57,Lille,Bas-Rhin,REP,6e,Mathématiques,19,21,3.8,0,78.05,67.38
2020,58,Bordeaux,Bouches-du-Rhône,REP,CP,Français,26,25,-5.4,0,47.64,54.56
2020,58,Bordeaux,Bouches-du-Rhône,REP,CP,Mathématiques,24,25,-5.4,0,46.79,49.36
2020,58,Bordeaux,Bouches-du-Rhône,REP,CE1,Français,21,25,-5.4,0,61.0,54.05
2020,58,Bordeaux,Bouches-du-Rhône,REP,CE1,Mathématiques,23,25,-5.4,0,60.29,58.59
2020,58,Bordeaux,Bouches-du-Rhône,REP,CM1,Français,20,25,-5.4,0,62.95,59.16
2020,58,Bordeaux,Bouches-du-Rhône,REP,CM1,Mathématiques,24,25,-5.4,0,58.12,62.48
2020,58,Bordeaux,Bouches-du-Rhône,REP,CM2,Français,25,25,-5.4,0,65.44,55.89
2020,58,Bordeaux,Bouches-du-Rhône,REP,CM2,Mathématiques,22,25,-5.4,0,66.46,66.47
2020,58,Bordeaux,Bouches-du-Rhône,REP,6e,Français,25,25,-5.4,0,73.41,68.31
2020,58,Bordeaux,Bouches-du-Rhône,REP,6e,Mathématiques,25,25,-5.4,0,70.51,64.96
2020,59,Nantes,Gironde,Hors EP,CP,Français,24,25,-8.13,0,64.64,51.59
2020,59,Nantes,Gironde,Hors EP,CP,Mathématiques,27,25,-8.13,0,63.68,51.61
2020,59,Nantes,Gironde,Hors EP,CE1,Français,24,25,-8.13,0,70.99,64.19
2020,59,Nantes,Gironde,Hors EP,CE1,Mathématiques,22,25,-8.13,0,64.53,61.48
2020,59,Nantes,Gironde,Hors EP,CM1,Français,21,25,-8.13,0,79.48,67.41
2020,59,Nantes,Gironde,Hors EP,CM1,Mathématiques,25,25,-8.13,0,75.06,74.03
2020,59,Nantes,Gironde,Hors EP,CM2,Français,21,25,-8.13,0,89.47,63.28
2020,59,Nantes,Gironde,Hors EP,CM2,Mathématiques,28,25,-8.13,0,67.03,72.76
2020,59,Nantes,Gironde,Hors EP,6e,Français,24,25,-8.13,0,93.63,84.09
2020,59,Nantes,Gironde,Hors EP,6e,Mathématiques,24,25,-8.13,0,83.21,67.39
2020,60,Paris,Hérault,Hors EP,CP,Français,21,26,6.45,0,70.79,63.67
2020,60,Paris,Hérault,Hors EP,CP,Mathématiques,21,26,6.45,0,67.06,68.28
2020,60,Paris,Hérault,Hors EP,CE1,Français,22,26,6.45,0,73.76,64.28
2020,60,Paris,Hérault,Hors EP,CE1,Mathématiques,24,26,6.45,0,65.92,61.96
2020,60,Paris,Hérault,Hors EP,CM1,Français,24,26,6.45,0,71.52,72.61
2020,60,Paris,Hérault,Hors EP,CM1,Mathématiques,27,26,6.45,0,70.27,57.17
2020,60,Paris,Hérault,Hors EP,CM2,Français,24,26,6.45,0,78.16,74.97
2020,60,Paris,Hérault,Hors EP,CM2,Mathématiques,22,26,6.45,0,90.67,72.53
2020,60,Paris,Hérault,Hors EP,6e,Français,23,26,6.45,0,96.18,78.78
2020,60,Paris,Hérault,Hors EP,6e,Mathématiques,24,26,6.45,0,91.49,74.43
2020,61,Lyon,Loire,Hors EP,CP,Français,23,20,4.67,0,69.03,54.78
2020,61,Lyon,Loire,Hors EP,CP,Mathématiques,14,20,4.67,0,84.67,75.21
2020,61,Lyon,Loire,Hors EP,CE1,Français,20,20,4.67,0,78.21,61.03
2020,61,Lyon,Loire,Hors EP,CE1,Mathématiques,18,20,4.67,0,83.6,75.14
2020,61,Lyon,Loire,Hors EP,CM1,Français,18,20,4.67,0,79.24,66.3
2020,61,Lyon,Loire,Hors EP,CM1,Mathématiques,19,20,4.67,0,90.08,75.31
2020,61,Lyon,Loire,Hors EP,CM2,Français,17,20,4.67,0,89.5,77.18
2020,61,Lyon,Loire,Hors EP,CM2,Mathématiques,17,20,4.67,0,88.57,81.27
2020,61,Lyon,Loire,Hors EP,6e,Français,20,20,4.67,0,89.37,73.13
2020,61,Lyon,Loire,Hors EP,6e,Mathématiques,16,20,4.67,0,91.16,78.54
2020,62,Lille,Maine-et-Loire,REP,CP,Français,22,27,-21.51,0,49.59,56.59
2020,62,Lille,Maine-et-Loire,REP,CP,Mathématiques,28,27,-21.51,0,52.93,51.04
2020,62,Lille,Maine-et-Loire,REP,CE1,Français,25,27,-21.51,0,49.7,50.55
2020,62,Lille,Maine-et-Loire,REP,CE1,Mathématiques,26,27,-21.51,0,50.36,57.34
2020,62,Lille,Maine-et-Loire,REP,CM1,Français,26,27,-21.51,0,66.41,52.22
2020,62,Lille,Maine-et-Loire,REP,CM1,Mathématiques,33,27,-21.51,0,49.44,52.15
2020,62,Lille,Maine-et-Loire,REP,CM2,Français,28,27,-21.51,0,61.38,60.83
2020,62,Lille,Maine-et-Loire,REP,CM2,Mathématiques,28,27,-21.51,0,57.41,50.53
2020,62,Lille,Maine-et-Loire,REP,6e,Français,26,27,-21.51,0,69.9,69.5
2020,62,Lille,Maine-et-Loire,REP,6e,Mathématiques,28,27,-21.51,0,65.3,62.44
2020,63,Bordeaux,Moselle,Hors EP,CP,Français,22,25,13.38,0,78.77,72.9
2020,63,Bordeaux,Moselle,Hors EP,CP,Mathématiques,21,25,13.38,0,69.48,64.29
2020,63,Bordeaux,Moselle,Hors EP,CE1,Français,21,25,13.38,0,84.0,66.57
2020,63,Bordeaux,Moselle,Hors EP,CE1,Mathématiques,23,25,13.38,0,75.62,64.85
2020,63,Bordeaux,Moselle,Hors EP,CM1,Français,21,25,13.38,0,82.76,75.34
2020,63,Bordeaux,Moselle,Hors EP,CM1,Mathématiques,21,25,13.38,0,75.3,71.95
2020,63,Bordeaux,Moselle,Hors EP,CM2,Français,23,25,13.38,0,90.84,80.57
2020,63,Bordeaux,Moselle,Hors EP,CM2,Mathématiques,27,25,13.38,0,84.72,68.99
2020,63,Bordeaux,Moselle,Hors EP,6e,Français,23,25,13.38,0,88.8,73.11
2020,63,Bordeaux,Moselle,Hors EP,6e,Mathématiques,18,25,13.38,0,91.52,79.96
2020,64,Nantes,Nord,REP+,CP,Français,15,16,25.34,1,60.53,58.47
2020,64,Nantes,Nord,REP+,CP,Mathématiques,19,16,25.34,0,54.13,37.88
2020,64,Nantes,Nord,REP+,CE1,Français,21,16,25.34,0,48.22,46.76
2020,64,Nantes,Nord,REP+,CE1,Mathématiques,12,16,25.34,1,61.91,58.52
2020,64,Nantes,Nord,REP+,CM1,Français,12,16,25.34,1,73.83,70.94
2020,64,Nantes,Nord,REP+,CM1,Mathématiques,12,16,25.34,1,64.98,58.49
2020,64,Nantes,Nord,REP+,CM2,Français,13,16,25.34,1,76.56,61.12
2020,64,Nantes,Nord,REP+,CM2,Mathématiques,15,16,25.34,1,78.92,63.34
2020,64,Nantes,Nord,REP+,6e,Français,12,16,25.34,1,84.86,67.88
2020,64,Nantes,Nord,REP+,6e,Mathématiques,14,16,25.34,1,87.85,74.44
2020,65,Paris,Paris,REP+,CP,Français,19,18,-1.8,0,54.19,52.03
2020,65,Paris,Paris,REP+,CP,Mathématiques,18,18,-1.8,1,67.27,66.75
2020,65,Paris,Paris,REP+,CE1,Français,20,18,-1.8,0,54.77,47.22
2020,65,Paris,Paris,REP+,CE1,Mathématiques,21,18,-1.8,0,50.93,46.75
2020,65,Paris,Paris,REP+,CM1,Français,17,18,-1.8,1,66.64,65.6
2020,65,Paris,Paris,REP+,CM1,Mathématiques,20,18,-1.8,0,58.0,54.23
2020,65,Paris,Paris,REP+,CM2,Français,16,18,-1.8,1,66.4,53.09
2020,65,Paris,Paris,REP+,CM2,Mathématiques,16,18,-1.8,1,68.97,63.34
2020,65,Paris,Paris,REP+,6e,Français,20,18,-1.8,0,69.61,69.38
2020,65,Paris,Paris,REP+,6e,Mathématiques,16,18,-1.8,1,77.37,67.36
2020,66,Lyon,Puy-de-Dôme,REP,CP,Français,18,22,-19.86,1,71.75,53.41
2020,66,Lyon,Puy-de-Dôme,REP,CP,Mathématiques,23,22,-19.86,0,52.57,47.01
2020,66,Lyon,Puy-de-Dôme,REP,CE1,Français,18,22,-19.86,1,79.35,76.01
2020,66,Lyon,Puy-de-Dôme,REP,CE1,Mathématiques,20,22,-19.86,0,57.62,50.95
2020,66,Lyon,Puy-de-Dôme,REP,CM1,Français,20,22,-19.86,0,62.98,57.44
2020,66,Lyon,Puy-de-Dôme,REP,CM1,Mathématiques,25,22,-19.86,0,58.09,49.26
2020,66,Lyon,Puy-de-Dôme,REP,CM2,Français,17,22,-19.86,1,82.39,67.22
2020,66,Lyon,Puy-de-Dôme,REP,CM2,Mathématiques,21,22,-19.86,0,59.83,59.14
2020,66,Lyon,Puy-de-Dôme,REP,6e,Français,17,22,-19.86,1,87.03,72.49
2020,66,Lyon,Puy-de-Dôme,REP,6e,Mathématiques,24,22,-19.86,0,70.19,72.46
2020,67,Lille,Saône-et-Loire,Hors EP,CP,Français,31,33,4.15,0,67.07,63.26
2020,67,Lille,Saône-et-Loire,Hors EP,CP,Mathématiques,27,33,4.15,0,62.88,63.45
2020,67,Lille,Saône-et-Loire,Hors EP,CE1,Français,31,33,4.15,0,64.33,55.03
2020,67,Lille,Saône-et-Loire,Hors EP,CE1,Mathématiques,26,33,4.15,0,72.23,59.47
2020,67,Lille,Saône-et-Loire,Hors EP,CM1,Français,30,33,4.15,0,76.35,64.19
2020,67,Lille,Saône-et-Loire,Hors EP,CM1,Mathématiques,32,33,4.15,0,62.52,65.81
2020,67,Lille,Saône-et-Loire,Hors EP,CM2,Français,29,33,4.15,0,70.47,70.88
2020,67,Lille,Saône-et-Loire,Hors EP,CM2,Mathématiques,30,33,4.15,0,73.97,60.48
2020,67,Lille,Saône-et-Loire,Hors EP,6e,Français,24,33,4.15,0,100.0,78.38
2020,67,Lille,Saône-et-Loire,Hors EP,6e,Mathématiques,25,33,4.15,0,86.6,65.7
2020,68,Bordeaux,Ain,REP,CP,Français,23,22,-4.64,0,53.15,50.83
2020,68,Bordeaux,Ain,REP,CP,Mathématiques,21,22,-4.64,0,51.33,46.85
2020,68,Bordeaux,Ain,REP,CE1,Français,21,22,-4.64,0,65.64,63.49
2020,68,Bordeaux,Ain,REP,CE1,Mathématiques,21,22,-4.64,0,52.57,49.96
2020,68,Bordeaux,Ain,REP,CM1,Français,28,22,-4.64,0,56.02,52.29
2020,68,Bordeaux,Ain,REP,CM1,Mathématiques,23,22,-4.64,0,61.65,54.63
2020,68,Bordeaux,Ain,REP,CM2,Français,26,22,-4.64,0,69.49,66.48
2020,68,Bordeaux,Ain,REP,CM2,Mathématiques,24,22,-4.64,0,70.27,70.7
2020,68,Bordeaux,Ain,REP,6e,Français,26,22,-4.64,0,82.91,77.46
2020,68,Bordeaux,Ain,REP,6e,Mathématiques,21,22,-4.64,0,77.76,71.43
2020,69,Nantes,Bas-Rhin,REP+,CP,Français,14,15,6.7,1,64.31,57.66
2020,69,Nantes,Bas-Rhin,REP+,CP,Mathématiques,17,15,6.7,1,52.66,54.77
2020,69,Nantes,Bas-Rhin,REP+,CE1,Français,17,15,6.7,1,66.69,70.1
2020,69,Nantes,Bas-Rhin,REP+,CE1,Mathématiques,15,15,6.7,1,64.54,59.39
2020,69,Nantes,Bas-Rhin,REP+,CM1,Français,16,15,6.7,1,82.0,71.08
2020,69,Nantes,Bas-Rhin,REP+,CM1,Mathématiques,15,15,6.7,1,77.42,66.11
2020,69,Nantes,Bas-Rhin,REP+,CM2,Français,12,15,6.7,1,73.67,58.86
2020,69,Nantes,Bas-Rhin,REP+,CM2,Mathématiques,12,15,6.7,1,72.37,63.86
2020,69,Nantes,Bas-Rhin,REP+,6e,Français,19,15,6.7,0,74.94,68.88
2020,69,Nantes,Bas-Rhin,REP+,6e,Mathématiques,14,15,6.7,1,82.99,78.39
2020,70,Paris,Bouches-du-Rhône,Hors EP,CP,Français,29,24,12.65,0,67.27,57.77
2020,70,Paris,Bouches-du-Rhône,Hors EP,CP,Mathématiques,25,24,12.65,0,64.53,57.08
2020,70,Paris,Bouches-du-Rhône,Hors EP,CE1,Français,27,24,12.65,0,72.88,69.58
2020,70,Paris,Bouches-du-Rhône,Hors EP,CE1,Mathématiques,26,24,12.65,0,65.63,57.12
2020,70,Paris,Bouches-du-Rhône,Hors EP,CM1,Français,24,24,12.65,0,79.48,78.02
2020,70,Paris,Bouches-du-Rhône,Hors EP,CM1,Mathématiques,30,24,12.65,0,75.68,67.06
2020,70,Paris,Bouches-du-Rhône,Hors EP,CM2,Français,22,24,12.65,0,88.11,70.96
2020,70,Paris,Bouches-du-Rhône,Hors EP,CM2,Mathématiques,29,24,12.65,0,70.59,64.92
2020,70,Paris,Bouches-du-Rhône,Hors EP,6e,Français,23,24,12.65,0,91.18,80.33
2020,70,Paris,Bouches-du-Rhône,Hors EP,6e,Mathématiques,28,24,12.65,0,83.45,75.55
2020,71,Lyon,Gironde,REP+,CP,Français,17,20,3.99,1,60.42,61.17
2020,71,Lyon,Gironde,REP+,CP,Mathématiques,15,20,3.99,1,54.43,55.02
2020,71,Lyon,Gironde,REP+,CE1,Français,17,20,3.99,1,59.14,61.97
2020,71,Lyon,Gironde,REP+,CE1,Mathématiques,15,20,3.99,1,61.78,53.91
2020,71,Lyon,Gironde,REP+,CM1,Français,17,20,3.99,1,67.7,64.61
2020,71,Lyon,Gironde,REP+,CM1,Mathématiques,18,20,3.99,1,73.1,61.67
2020,71,Lyon,Gironde,REP+,CM2,Français,23,20,3.99,0,54.61,44.21
2020,71,Lyon,Gironde,REP+,CM2,Mathématiques,22,20,3.99,0,63.21,59.69
2020,71,Lyon,Gironde,REP+,6e,Français,19,20,3.99,0,74.35,67.06
2020,71,Lyon,Gironde,REP+,6e,Mathématiques,16,20,3.99,1,82.36,74.31
2020,72,Lille,Hérault,Hors EP,CP,Français,33,29,-14.73,0,54.35,53.65
2020,72,Lille,Hérault,Hors EP,CP,Mathématiques,28,29,-14.73,0,58.49,58.6
2020,72,Lille,Hérault,Hors EP,CE1,Français,30,29,-14.73,0,67.94,57.12
2020,72,Lille,Hérault,Hors EP,CE1,Mathématiques,29,29,-14.73,0,60.07,54.85
2020,72,Lille,Hérault,Hors EP,CM1,Français,29,29,-14.73,0,80.83,68.67
2020,72,Lille,Hérault,Hors EP,CM1,Mathématiques,24,29,-14.73,0,80.31,71.86
2020,72,Lille,Hérault,Hors EP,CM2,Français,29,29,-14.73,0,75.56,61.65
2020,72,Lille,Hérault,Hors EP,CM2,Mathématiques,34,29,-14.73,0,70.27,54.09
2020,72,Lille,Hérault,Hors EP,6e,Français,30,29,-14.73,0,87.06,74.98
2020,72,Lille,Hérault,Hors EP,6e,Mathématiques,27,29,-14.73,0,76.87,62.69
2020,73,Bordeaux,Loire,REP,CP,Français,20,23,4.61,0,56.93,48.61
2020,73,Bordeaux,Loire,REP,CP,Mathématiques,17,23,4.61,1,71.64,64.95
2020,73,Bordeaux,Loire,REP,CE1,Français,21,23,4.61,0,63.15,59.58
2020,73,Bordeaux,Loire,REP,CE1,Mathématiques,19,23,4.61,0,59.93,61.57
2020,73,Bordeaux,Loire,REP,CM1,Français,24,23,4.61,0,59.85,54.66
2020,73,Bordeaux,Loire,REP,CM1,Mathématiques,22,23,4.61,0,72.62,73.29
2020,73,Bordeaux,Loire,REP,CM2,Français,18,23,4.61,1,90.49,76.83
2020,73,Bordeaux,Loire,REP,CM2,Mathématiques,23,23,4.61,0,71.8,57.5
2020,73,Bordeaux,Loire,REP,6e,Français,21,23,4.61,0,82.58,71.05
2020,73,Bordeaux,Loire,REP,6e,Mathématiques,19,23,4.61,0,69.78,65.87
2020,74,Nantes,Maine-et-Loire,Hors EP,CP,Français,20,19,1.85,0,72.63,55.64
2020,74,Nantes,Maine-et-Loire,Hors EP,CP,Mathématiques,24,19,1.85,0,66.09,54.45
2020,74,Nantes,Maine-et-Loire,Hors EP,CE1,Français,15,19,1.85,0,83.05,74.27
2020,74,Nantes,Maine-et-Loire,Hors EP,CE1,Mathématiques,22,19,1.85,0,75.71,70.79
2020,74,Nantes,Maine-et-Loire,Hors EP,CM1,Français,21,19,1.85,0,80.58,67.71
2020,74,Nantes,Maine-et-Loire,Hors EP,CM1,Mathématiques,22,19,1.85,0,84.11,71.68
2020,74,Nantes,Maine-et-Loire,Hors EP,CM2,Français,25,19,1.85,0,84.8,74.57
2020,74,Nantes,Maine-et-Loire,Hors EP,CM2,Mathématiques,27,19,1.85,0,85.76,81.71
2020,74,Nantes,Maine-et-Loire,Hors EP,6e,Français,19,19,1.85,0,100.0,82.59
2020,74,Nantes,Maine-et-Loire,Hors EP,6e,Mathématiques,20,19,1.85,0,79.91,70.97
2020,75,Paris,Moselle,Hors EP,CP,Français,26,26,21.57,0,79.85,64.18
2020,75,Paris,Moselle,Hors EP,CP,Mathématiques,29,26,21.57,0,55.78,53.97
2020,75,Paris,Moselle,Hors EP,CE1,Français,23,26,21.57,0,74.27,62.92
2020,75,Paris,Moselle,Hors EP,CE1,Mathématiques,23,26,21.57,0,67.62,58.77
2020,75,Paris,Moselle,Hors EP,CM1,Français,25,26,21.57,0,85.73,74.77
2020,75,Paris,Moselle,Hors EP,CM1,Mathématiques,28,26,21.57,0,68.14,59.17
2020,75,Paris,Moselle,Hors EP,CM2,Français,27,26,21.57,0,85.23,68.65
2020,75,Paris,Moselle,Hors EP,CM2,Mathématiques,27,26,21.57,0,78.3,64.36
2020,75,Paris,Moselle,Hors EP,6e,Français,26,26,21.57,0,89.62,73.32
2020,75,Paris,Moselle,Hors EP,6e,Mathématiques,24,26,21.57,0,83.57,69.85
2020,76,Lyon,Nord,REP,CP,Français,19,19,6.19,0,52.62,46.15
2020,76,Lyon,Nord,REP,CP,Mathématiques,19,19,6.19,0,53.67,56.4
2020,76,Lyon,Nord,REP,CE1,Français,23,19,6.19,0,70.4,59.05
2020,76,Lyon,Nord,REP,CE1,Mathématiques,25,19,6.19,0,62.8,56.55
2020,76,Lyon,Nord,REP,CM1,Français,22,19,6.19,0,72.93,64.3
2020,76,Lyon,Nord,REP,CM1,Mathématiques,21,19,6.19,0,62.42,45.65
2020,76,Lyon,Nord,REP,CM2,Français,21,19,6.19,0,70.05,57.26
2020,76,Lyon,Nord,REP,CM2,Mathématiques,22,19,6.19,0,62.81,61.74
2020,76,Lyon,Nord,REP,6e,Français,22,19,6.19,0,75.54,66.05
2020,76,Lyon,Nord,REP,6e,Mathématiques,18,19,6.19,1,90.32,77.35
2020,77,Lille,Paris,Hors EP,CP,Français,28,28,-18.23,0,66.11,57.28
2020,77,Lille,Paris,Hors EP,CP,Mathématiques,27,28,-18.23,0,66.57,65.96
2020,77,Lille,Paris,Hors EP,CE1,Français,25,28,-18.23,0,63.01,51.26
2020,77,Lille,Paris,Hors EP,CE1,Mathématiques,25,28,-18.23,0,73.29,61.2
2020,77,Lille,Paris,Hors EP,CM1,Français,25,28,-18.23,0,72.94,61.94
2020,77,Lille,Paris,Hors EP,CM1,Mathématiques,26,28,-18.23,0,66.05,65.34
2020,77,Lille,Paris,Hors EP,CM2,Français,26,28,-18.23,0,90.97,70.99
2020,77,Lille,Paris,Hors EP,CM2,Mathématiques,30,28,-18.23,0,79.47,66.98
2020,77,Lille,Paris,Hors EP,6e,Français,25,28,-18.23,0,81.57,65.92
2020,77,Lille,Paris,Hors EP,6e,Mathématiques,26,28,-18.23,0,81.91,62.68
2020,78,Bordeaux,Puy-de-Dôme,REP,CP,Français,18,19,-7.51,1,66.69,60.33
2020,78,Bordeaux,Puy-de-Dôme,REP,CP,Mathématiques,19,19,-7.51,0,59.02,56.27
2020,78,Bordeaux,Puy-de-Dôme,REP,CE1,Français,21,19,-7.51,0,60.55,57.33
2020,78,Bordeaux,Puy-de-Dôme,REP,CE1,Mathématiques,18,19,-7.51,1,73.81,66.81
2020,78,Bordeaux,Puy-de-Dôme,REP,CM1,Français,19,19,-7.51,0,67.55,60.39
2020,78,Bordeaux,Puy-de-Dôme,REP,CM1,Mathématiques,19,19,-7.51,0,65.14,56.5
2020,78,Bordeaux,Puy-de-Dôme,REP,CM2,Français,21,19,-7.51,0,75.32,75.14
2020,78,Bordeaux,Puy-de-Dôme,REP,CM2,Mathématiques,17,19,-7.51,1,83.3,62.1
2020,78,Bordeaux,Puy-de-Dôme,REP,6e,Français,21,19,-7.51,0,70.04,57.71
2020,78,Bordeaux,Puy-de-Dôme,REP,6e,Mathématiques,20,19,-7.51,0,71.7,59.97
2020,79,Nantes,Saône-et-Loire,Hors EP,CP,Français,25,24,-0.65,0,71.51,67.87
2020,79,Nantes,Saône-et-Loire,Hors EP,CP,Mathématiques,21,24,-0.65,0,73.13,61.67
2020,79,Nantes,Saône-et-Loire,Hors EP,CE1,Français,27,24,-0.65,0,65.8,61.6
2020,79,Nantes,Saône-et-Loire,Hors EP,CE1,Mathématiques,32,24,-0.65,0,63.09,55.6
2020,79,Nantes,Saône-et-Loire,Hors EP,CM1,Français,25,24,-0.65,0,71.21,70.67
2020,79,Nantes,Saône-et-Loire,Hors EP,CM1,Mathématiques,27,24,-0.65,0,68.3,56.36
2020,79,Nantes,Saône-et-Loire,Hors EP,CM2,Français,26,24,-0.65,0,86.12,67.8
2020,79,Nantes,Saône-et-Loire,Hors EP,CM2,Mathématiques,29,24,-0.65,0,75.81,61.9
2020,79,Nantes,Saône-et-Loire,Hors EP,6e,Français,25,24,-0.65,0,95.69,73.13
2020,79,Nantes,Saône-et-Loire,Hors EP,6e,Mathématiques,24,24,-0.65,0,90.01,77.29
2020,80,Paris,Ain,REP,CP,Français,21,22,3.98,0,55.91,54.45
2020,80,Paris,Ain,REP,CP,Mathématiques,20,22,3.98,0,61.85,65.56
2020,80,Paris,Ain,REP,CE1,Français,22,22,3.98,0,62.68,63.55
2020,80,Paris,Ain,REP,CE1,Mathématiques,28,22,3.98,0,59.68,46.91
2020,80,Paris,Ain,REP,CM1,Français,22,22,3.98,0,69.33,59.67
2020,80,Paris,Ain,REP,CM1,Mathématiques,27,22,3.98,0,66.91,56.42
2020,80,Paris,Ain,REP,CM2,Français,23,22,3.98,0,67.8,60.13
2020,80,Paris,Ain,REP,CM2,Mathématiques,22,22,3.98,0,73.37,60.45
2020,80,Paris,Ain,REP,6e,Français,16,22,3.98,1,82.46,65.93
2020,80,Paris,Ain,REP,6e,Mathématiques,21,22,3.98,0,75.82,61.16
2020,81,Lyon,Bas-Rhin,Hors EP,CP,Français,20,23,-6.65,0,74.7,60.85
2020,81,Lyon,Bas-Rhin,Hors EP,CP,Mathématiques,20,23,-6.65,0,66.15,64.03
2020,81,Lyon,Bas-Rhin,Hors EP,CE1,Français,21,23,-6.65,0,79.43,63.25
2020,81,Lyon,Bas-Rhin,Hors EP,CE1,Mathématiques,21,23,-6.65,0,69.11,55.86
2020,81,Lyon,Bas-Rhin,Hors EP,CM1,Français,21,23,-6.65,0,88.5,70.92
2020,81,Lyon,Bas-Rhin,Hors EP,CM1,Mathématiques,21,23,-6.65,0,71.8,56.53
2020,81,Lyon,Bas-Rhin,Hors EP,CM2,Français,19,23,-6.65,0,85.48,71.1
2020,81,Lyon,Bas-Rhin,Hors EP,CM2,Mathématiques,20,23,-6.65,0,76.18,63.68
2020,81,Lyon,Bas-Rhin,Hors EP,6e,Français,22,23,-6.65,0,83.69,70.13
2020,81,Lyon,Bas-Rhin,Hors EP,6e,Mathématiques,22,23,-6.65,0,83.28,73.34
2020,82,Lille,Bouches-du-Rhône,REP,CP,Français,26,23,0.67,0,51.6,47.0
2020,82,Lille,Bouches-du-Rhône,REP,CP,Mathématiques,26,23,0.67,0,58.36,51.22
2020,82,Lille,Bouches-du-Rhône,REP,CE1,Français,23,23,0.67,0,64.48,58.46
2020,82,Lille,Bouches-du-Rhône,REP,CE1,Mathématiques,24,23,0.67,0,59.39,52.58
2020,82,Lille,Bouches-du-Rhône,REP,CM1,Français,24,23,0.67,0,64.85,53.02
2020,82,Lille,Bouches-du-Rhône,REP,CM1,Mathématiques,21,23,0.67,0,61.64,61.56
2020,82,Lille,Bouches-du-Rhône,REP,CM2,Français,25,23,0.67,0,72.35,66.4
2020,82,Lille,Bouches-du-Rhône,REP,CM2,Mathématiques,24,23,0.67,0,68.13,63.37
2020,82,Lille,Bouches-du-Rhône,REP,6e,Français,24,23,0.67,0,68.56,57.67
2020,82,Lille,Bouches-du-Rhône,REP,6e,Mathématiques,20,23,0.67,0,80.46,77.98
2020,83,Bordeaux,Gironde,Hors EP,CP,Français,30,28,12.15,0,71.34,64.56
2020,83,Bordeaux,Gironde,Hors EP,CP,Mathématiques,26,28,12.15,0,64.98,61.77
2020,83,Bordeaux,Gironde,Hors EP,CE1,Français,28,28,12.15,0,73.62,64.73
2020,83,Bordeaux,Gironde,Hors EP,CE1,Mathématiques,28,28,12.15,0,62.77,55.73
2020,83,Bordeaux,Gironde,Hors EP,CM1,Français,30,28,12.15,0,66.04,56.01
2020,83,Bordeaux,Gironde,Hors EP,CM1,Mathématiques,24,28,12.15,0,74.48,71.63
2020,83,Bordeaux,Gironde,Hors EP,CM2,Français,26,28,12.15,0,86.62,88.15
2020,83,Bordeaux,Gironde,Hors EP,CM2,Mathématiques,33,28,12.15,0,74.76,70.13
2020,83,Bordeaux,Gironde,Hors EP,6e,Français,26,28,12.15,0,81.38,70.48
2020,83,Bordeaux,Gironde,Hors EP,6e,Mathématiques,30,28,12.15,0,86.78,71.17
2020,84,Nantes,Hérault,Hors EP,CP,Français,22,24,-0.87,0,71.75,64.77
2020,84,Nantes,Hérault,Hors EP,CP,Mathématiques,23,24,-0.87,0,69.59,67.46
2020,84,Nantes,Hérault,Hors EP,CE1,Français,26,24,-0.87,0,66.2,60.52
2020,84,Nantes,Hérault,Hors EP,CE1,Mathématiques,22,24,-0.87,0,71.93,59.37
2020,84,Nantes,Hérault,Hors EP,CM1,Français,27,24,-0.87,0,79.52,74.84
2020,84,Nantes,Hérault,Hors EP,CM1,Mathématiques,27,24,-0.87,0,71.78,61.68
2020,84,Nantes,Hérault,Hors EP,CM2,Français,28,24,-0.87,0,79.35,62.19
2020,84,Nantes,Hérault,Hors EP,CM2,Mathématiques,27,24,-0.87,0,78.64,76.01
2020,84,Nantes,Hérault,Hors EP,6e,Français,25,24,-0.87,0,87.71,82.27
2020,84,Nantes,Hérault,Hors EP,6e,Mathématiques,20,24,-0.87,0,86.66,69.49
2020,85,Paris,Loire,Hors EP,CP,Français,28,30,10.86,0,69.24,59.8
2020,85,Paris,Loire,Hors EP,CP,Mathématiques,25,30,10.86,0,66.61,64.89
2020,85,Paris,Loire,Hors EP,CE1,Français,27,30,10.86,0,68.25,55.41
2020,85,Paris,Loire,Hors EP,CE1,Mathématiques,28,30,10.86,0,65.01,58.85
2020,85,Paris,Loire,Hors EP,CM1,Français,26,30,10.86,0,76.3,68.36
2020,85,Paris,Loire,Hors EP,CM1,Mathématiques,28,30,10.86,0,82.35,74.79
2020,85,Paris,Loire,Hors EP,CM2,Français,31,30,10.86,0,75.12,58.08
2020,85,Paris,Loire,Hors EP,CM2,Mathématiques,27,30,10.86,0,83.26,75.13
2020,85,Paris,Loire,Hors EP,6e,Français,30,30,10.86,0,73.29,71.1
2020,85,Paris,Loire,Hors EP,6e,Mathématiques,28,30,10.86,0,76.56,70.68
2020,86,Lyon,Maine-et-Loire,REP+,CP,Français,14,18,5.16,1,61.18,48.51
2020,86,Lyon,Maine-et-Loire,REP+,CP,Mathématiques,20,18,5.16,0,54.31,45.72
2020,86,Lyon,Maine-et-Loire,REP+,CE1,Français,16,18,5.16,1,61.85,54.79
2020,86,Lyon,Maine-et-Loire,REP+,CE1,Mathématiques,19,18,5.16,0,50.93,52.89
2020,86,Lyon,Maine-et-Loire,REP+,CM1,Français,21,18,5.16,0,65.08,53.66
2020,86,Lyon,Maine-et-Loire,REP+,CM1,Mathématiques,21,18,5.16,0,63.72,66.09
2020,86,Lyon,Maine-et-Loire,REP+,CM2,Français,18,18,5.16,1,73.44,60.02
2020,86,Lyon,Maine-et-Loire,REP+,CM2,Mathématiques,15,18,5.16,1,73.87,69.47
2020,86,Lyon,Maine-et-Loire,REP+,6e,Français,21,18,5.16,0,67.93,61.0
2020,86,Lyon,Maine-et-Loire,REP+,6e,Mathématiques,18,18,5.16,1,75.96,70.33
2020,87,Lille,Moselle,REP,CP,Français,22,20,7.39,0,53.71,56.01
2020,87,Lille,Moselle,REP,CP,Mathématiques,21,20,7.39,0,53.43,52.5
2020,87,Lille,Moselle,REP,CE1,Français,21,20,7.39,0,67.25,55.5
2020,87,Lille,Moselle,REP,CE1,Mathématiques,23,20,7.39,0,57.69,51.7
2020,87,Lille,Moselle,REP,CM1,Français,19,20,7.39,0,65.68,50.96
2020,87,Lille,Moselle,REP,CM1,Mathématiques,22,20,7.39,0,73.4,56.82
2020,87,Lille,Moselle,REP,CM2,Français,18,20,7.39,1,88.47,74.93
2020,87,Lille,Moselle,REP,CM2,Mathématiques,22,20,7.39,0,69.03,59.04
2020,87,Lille,Moselle,REP,6e,Français,19,20,7.39,0,69.47,56.52
2020,87,Lille,Moselle,REP,6e,Mathématiques,22,20,7.39,0,79.85,76.33
2020,88,Bordeaux,Nord,REP+,CP,Français,16,14,15.9,1,69.24,60.9
2020,88,Bordeaux,Nord,REP+,CP,Mathématiques,12,14,15.9,1,59.92,55.82
2020,88,Bordeaux,Nord,REP+,CE1,Français,16,14,15.9,1,68.13,61.41
2020,88,Bordeaux,Nord,REP+,CE1,Mathématiques,12,14,15.9,1,65.91,62.95
2020,88,Bordeaux,Nord,REP+,CM1,Français,12,14,15.9,1,68.35,68.33
2020,88,Bordeaux,Nord,REP+,CM1,Mathématiques,12,14,15.9,1,77.48,58.13
2020,88,Bordeaux,Nord,REP+,CM2,Français,12,14,15.9,1,82.48,71.09
2020,88,Bordeaux,Nord,REP+,CM2,Mathématiques,12,14,15.9,1,77.03,67.71
2020,88,Bordeaux,Nord,REP+,6e,Français,12,14,15.9,1,80.3,69.43
2020,88,Bordeaux,Nord,REP+,6e,Mathématiques,12,14,15.9,1,91.06,75.72
2020,89,Nantes,Paris,Hors EP,CP,Français,23,22,-19.67,0,66.26,52.94
2020,89,Nantes,Paris,Hors EP,CP,Mathématiques,20,22,-19.67,0,68.47,57.23
2020,89,Nantes,Paris,Hors EP,CE1,Français,23,22,-19.67,0,79.12,69.66
2020,89,Nantes,Paris,Hors EP,CE1,Mathématiques,18,22,-19.67,0,69.03,60.51
2020,89,Nantes,Paris,Hors EP,CM1,Français,21,22,-19.67,0,79.82,70.84
2020,89,Nantes,Paris,Hors EP,CM1,Mathématiques,26,22,-19.67,0,71.62,57.94
2020,89,Nantes,Paris,Hors EP,CM2,Français,25,22,-19.67,0,86.22,74.79
2020,89,Nantes,Paris,Hors EP,CM2,Mathématiques,21,22,-19.67,0,83.94,71.02
2020,89,Nantes,Paris,Hors EP,6e,Français,17,22,-19.67,0,94.38,83.64
2020,89,Nantes,Paris,Hors EP,6e,Mathématiques,26,22,-19.67,0,78.35,69.41
2020,90,Paris,Puy-de-Dôme,Hors EP,CP,Français,25,28,0.45,0,71.29,69.58
2020,90,Paris,Puy-de-Dôme,Hors EP,CP,Mathématiques,22,28,0.45,0,66.88,58.36
2020,90,Paris,Puy-de-Dôme,Hors EP,CE1,Français,23,28,0.45,0,66.48,60.33
2020,90,Paris,Puy-de-Dôme,Hors EP,CE1,Mathématiques,25,28,0.45,0,68.26,61.37
2020,90,Paris,Puy-de-Dôme,Hors EP,CM1,Français,25,28,0.45,0,84.3,70.23
2020,90,Paris,Puy-de-Dôme,Hors EP,CM1,Mathématiques,21,28,0.45,0,78.15,77.56
2020,90,Paris,Puy-de-Dôme,Hors EP,CM2,Français,21,28,0.45,0,89.48,81.64
2020,90,Paris,Puy-de-Dôme,Hors EP,CM2,Mathématiques,18,28,0.45,0,88.1,77.92
2020,90,Paris,Puy-de-Dôme,Hors EP,6e,Français,23,28,0.45,0,86.84,71.1
2020,90,Paris,Puy-de-Dôme,Hors EP,6e,Mathématiques,23,28,0.45,0,85.39,70.61
2020,91,Lyon,Saône-et-Loire,REP,CP,Français,27,29,-20.99,0,48.72,46.19
2020,91,Lyon,Saône-et-Loire,REP,CP,Mathématiques,24,29,-20.99,0,50.22,46.53
2020,91,Lyon,Saône-et-Loire,REP,CE1,Français,25,29,-20.99,0,51.05,48.21
2020,91,Lyon,Saône-et-Loire,REP,CE1,Mathématiques,18,29,-20.99,1,72.96,63.73
2020,91,Lyon,Saône-et-Loire,REP,CM1,Français,26,29,-20.99,0,62.63,60.33
2020,91,Lyon,Saône-et-Loire,REP,CM1,Mathématiques,24,29,-20.99,0,61.03,51.69
2020,91,Lyon,Saône-et-Loire,REP,CM2,Français,21,29,-20.99,0,69.53,58.88
2020,91,Lyon,Saône-et-Loire,REP,CM2,Mathématiques,28,29,-20.99,0,62.37,53.83
2020,91,Lyon,Saône-et-Loire,REP,6e,Français,23,29,-20.99,0,73.78,64.83
2020,91,Lyon,Saône-et-Loire,REP,6e,Mathématiques,25,29,-20.99,0,68.69,54.76
2020,92,Lille,Ain,Hors EP,CP,Français,26,27,-4.35,0,66.27,66.85
2020,92,Lille,Ain,Hors EP,CP,Mathématiques,26,27,-4.35,0,68.21,55.36
2020,92,Lille,Ain,Hors EP,CE1,Français,23,27,-4.35,0,78.68,69.86
2020,92,Lille,Ain,Hors EP,CE1,Mathématiques,24,27,-4.35,0,63.03,67.46
2020,92,Lille,Ain,Hors EP,CM1,Français,21,27,-4.35,0,72.0,62.21
2020,92,Lille,Ain,Hors EP,CM1,Mathématiques,17,27,-4.35,0,75.8,79.33
2020,92,Lille,Ain,Hors EP,CM2,Français,22,27,-4.35,0,78.65,68.61
2020,92,Lille,Ain,Hors EP,CM2,Mathématiques,21,27,-4.35,0,86.87,69.62
2020,92,Lille,Ain,Hors EP,6e,Français,24,27,-4.35,0,83.12,84.51
2020,92,Lille,Ain,Hors EP,6e,Mathématiques,24,27,-4.35,0,84.62,71.08
2020,93,Bordeaux,Bas-Rhin,REP,CP,Français,17,21,20.14,1,62.03,51.35
2020,93,Bordeaux,Bas-Rhin,REP,CP,Mathématiques,20,21,20.14,0,56.68,52.87
2020,93,Bordeaux,Bas-Rhin,REP,CE1,Français,21,21,20.14,0,60.42,59.25
2020,93,Bordeaux,Bas-Rhin,REP,CE1,Mathématiques,16,21,20.14,1,75.21,64.19
2020,93,Bordeaux,Bas-Rhin,REP,CM1,Français,17,21,20.14,1,85.31,76.75
2020,93,Bordeaux,Bas-Rhin,REP,CM1,Mathématiques,18,21,20.14,1,76.49,75.01
2020,93,Bordeaux,Bas-Rhin,REP,CM2,Français,19,21,20.14,0,74.96,62.71
2020,93,Bordeaux,Bas-Rhin,REP,CM2,Mathématiques,21,21,20.14,0,72.44,63.44
2020,93,Bordeaux,Bas-Rhin,REP,6e,Français,18,21,20.14,1,93.14,78.05
2020,93,Bordeaux,Bas-Rhin,REP,6e,Mathématiques,21,21,20.14,0,82.58,73.82
2020,94,Nantes,Bouches-du-Rhône,REP+,CP,Français,20,19,12.05,0,55.97,56.21
2020,94,Nantes,Bouches-du-Rhône,REP+,CP,Mathématiques,22,19,12.05,0,44.62,44.56
2020,94,Nantes,Bouches-du-Rhône,REP+,CE1,Français,16,19,12.05,1,64.99,49.25
2020,94,Nantes,Bouches-du-Rhône,REP+,CE1,Mathématiques,20,19,12.05,0,48.23,48.64
2020,94,Nantes,Bouches-du-Rhône,REP+,CM1,Français,13,19,12.05,1,75.44,62.37
2020,94,Nantes,Bouches-du-Rhône,REP+,CM1,Mathématiques,14,19,12.05,1,70.52,59.45
2020,94,Nantes,Bouches-du-Rhône,REP+,CM2,Français,16,19,12.05,1,78.42,72.33
2020,94,Nantes,Bouches-du-Rhône,REP+,CM2,Mathématiques,15,19,12.05,1,70.19,62.84
2020,94,Nantes,Bouches-du-Rhône,REP+,6e,Français,18,19,12.05,1,89.23,70.32
2020,94,Nantes,Bouches-du-Rhône,REP+,6e,Mathématiques,16,19,12.05,1,84.94,82.62
2020,95,Paris,Gironde,REP,CP,Français,16,16,-6.93,1,69.47,69.99
2020,95,Paris,Gironde,REP,CP,Mathématiques,15,16,-6.93,1,72.11,61.16
2020,95,Paris,Gironde,REP,CE1,Français,19,16,-6.93,0,69.63,63.97
2020,95,Paris,Gironde,REP,CE1,Mathématiques,17,16,-6.93,1,72.6,63.5
2020,95,Paris,Gironde,REP,CM1,Français,19,16,-6.93,0,67.55,65.24
2020,95,Paris,Gironde,REP,CM1,Mathématiques,15,16,-6.93,1,70.81,56.1
2020,95,Paris,Gironde,REP,CM2,Français,18,16,-6.93,1,76.49,63.55
2020,95,Paris,Gironde,REP,CM2,Mathématiques,15,16,-6.93,1,87.03,69.22
2020,95,Paris,Gironde,REP,6e,Français,15,16,-6.93,1,89.49,84.28
2020,95,Paris,Gironde,REP,6e,Mathématiques,18,16,-6.93,1,85.19,79.39
2020,96,Lyon,Hérault,REP,CP,Français,18,23,5.47,1,67.05,67.75
2020,96,Lyon,Hérault,REP,CP,Mathématiques,24,23,5.47,0,54.43,42.36
2020,96,Lyon,Hérault,REP,CE1,Français,18,23,5.47,1,70.8,62.28
2020,96,Lyon,Hérault,REP,CE1,Mathématiques,18,23,5.47,1,69.75,71.27
2020,96,Lyon,Hérault,REP,CM1,Français,22,23,5.47,0,68.24,56.32
2020,96,Lyon,Hérault,REP,CM1,Mathématiques,17,23,5.47,1,71.33,55.11
2020,96,Lyon,Hérault,REP,CM2,Français,21,23,5.47,0,74.88,61.09
2020,96,Lyon,Hérault,REP,CM2,Mathématiques,21,23,5.47,0,76.77,76.99
2020,96,Lyon,Hérault,REP,6e,Français,23,23,5.47,0,75.57,70.08
2020,96,Lyon,Hérault,REP,6e,Mathématiques,24,23,5.47,0,63.42,65.54
2020,97,Lille,Loire,REP,CP,Français,15,20,3.84,1,68.38,64.12
2020,97,Lille,Loire,REP,CP,Mathématiques,19,20,3.84,0,58.47,53.14
2020,97,Lille,Loire,REP,CE1,Français,20,20,3.84,0,67.61,65.96
2020,97,Lille,Loire,REP,CE1,Mathématiques,19,20,3.84,0,64.99,63.55
2020,97,Lille,Loire,REP,CM1,Français,25,20,3.84,0,69.84,62.05
2020,97,Lille,Loire,REP,CM1,Mathématiques,16,20,3.84,1,75.49,64.67
2020,97,Lille,Loire,REP,CM2,Français,19,20,3.84,0,71.61,69.66
2020,97,Lille,Loire,REP,CM2,Mathématiques,15,20,3.84,1,74.31,64.86
2020,97,Lille,Loire,REP,6e,Français,16,20,3.84,1,84.0,68.93
2020,97,Lille,Loire,REP,6e,Mathématiques,16,20,3.84,1,86.71,70.86
2020,98,Bordeaux,Maine-et-Loire,Hors EP,CP,Français,24,25,17.65,0,71.93,63.0
2020,98,Bordeaux,Maine-et-Loire,Hors EP,CP,Mathématiques,25,25,17.65,0,68.77,68.4
2020,98,Bordeaux,Maine-et-Loire,Hors EP,CE1,Français,19,25,17.65,0,78.36,69.98
2020,98,Bordeaux,Maine-et-Loire,Hors EP,CE1,Mathématiques,24,25,17.65,0,67.69,54.53
2020,98,Bordeaux,Maine-et-Loire,Hors EP,CM1,Français,26,25,17.65,0,75.71,57.71
2020,98,Bordeaux,Maine-et-Loire,Hors EP,CM1,Mathématiques,26,25,17.65,0,78.18,67.59
2020,98,Bordeaux,Maine-et-Loire,Hors EP,CM2,Français,22,25,17.65,0,87.21,80.38
2020,98,Bordeaux,Maine-et-Loire,Hors EP,CM2,Mathématiques,20,25,17.65,0,79.48,65.91
2020,98,Bordeaux,Maine-et-Loire,Hors EP,6e,Français,24,25,17.65,0,88.68,78.52
2020,98,Bordeaux,Maine-et-Loire,Hors EP,6e,Mathématiques,27,25,17.65,0,86.47,76.6
2020,99,Nantes,Moselle,REP,CP,Français,17,22,-12.34,1,67.05,61.76
2020,99,Nantes,Moselle,REP,CP,Mathématiques,16,22,-12.34,1,65.05,54.86
2020,99,Nantes,Moselle,REP,CE1,Français,17,22,-12.34,1,68.91,56.25
2020,99,Nantes,Moselle,REP,CE1,Mathématiques,22,22,-12.34,0,55.36,56.72
2020,99,Nantes,Moselle,REP,CM1,Français,19,22,-12.34,0,65.99,69.24
2020,99,Nantes,Moselle,REP,CM1,Mathématiques,16,22,-12.34,1,80.5,78.01
2020,99,Nantes,Moselle,REP,CM2,Français,22,22,-12.34,0,68.63,68.8
2020,99,Nantes,Moselle,REP,CM2,Mathématiques,19,22,-12.34,0,66.64,58.38
2020,99,Nantes,Moselle,REP,6e,Français,19,22,-12.34,0,73.56,70.57
2020,99,Nantes,Moselle,REP,6e,Mathématiques,18,22,-12.34,1,84.59,65.3
2020,100,Paris,Nord,REP+,CP,Français,17,17,-1.31,1,63.02,60.4
2020,100,Paris,Nord,REP+,CP,Mathématiques,14,17,-1.31,1,56.53,57.4
2020,100,Paris,Nord,REP+,CE1,Français,13,17,-1.31,1,68.8,67.96
2020,100,Paris,Nord,REP+,CE1,Mathématiques,12,17,-1.31,1,58.92,52.34
2020,100,Paris,Nord,REP+,CM1,Français,12,17,-1.31,1,68.93,68.38
2020,100,Paris,Nord,REP+,CM1,Mathématiques,12,17,-1.31,1,74.01,63.16
2020,100,Paris,Nord,REP+,CM2,Français,19,17,-1.31,0,63.07,57.17
2020,100,Paris,Nord,REP+,CM2,Mathématiques,12,17,-1.31,1,69.95,69.26
2020,100,Paris,Nord,REP+,6e,Français,15,17,-1.31,1,85.67,66.68
2020,100,Paris,Nord,REP+,6e,Mathématiques,16,17,-1.31,1,73.67,58.41
2020,101,Lyon,Paris,Hors EP,CP,Français,27,23,8.61,0,73.75,59.2
2020,101,Lyon,Paris,Hors EP,CP,Mathématiques,29,23,8.61,0,70.8,61.32
2020,101,Lyon,Paris,Hors EP,CE1,Français,21,23,8.61,0,70.31,60.5
2020,101,Lyon,Paris,Hors EP,CE1,Mathématiques,30,23,8.61,0,65.51,56.46
2020,101,Lyon,Paris,Hors EP,CM1,Français,23,23,8.61,0,74.78,70.22
2020,101,Lyon,Paris,Hors EP,CM1,Mathématiques,25,23,8.61,0,85.38,76.2
2020,101,Lyon,Paris,Hors EP,CM2,Français,27,23,8.61,0,81.04,64.65
2020,101,Lyon,Paris,Hors EP,CM2,Mathématiques,23,23,8.61,0,76.57,71.62
2020,101,Lyon,Paris,Hors EP,6e,Français,24,23,8.61,0,94.12,79.68
2020,101,Lyon,Paris,Hors EP,6e,Mathématiques,24,23,8.61,0,81.57,71.98
2020,102,Lille,Puy-de-Dôme,REP,CP,Français,27,24,7.39,0,54.21,55.79
2020,102,Lille,Puy-de-Dôme,REP,CP,Mathématiques,24,24,7.39,0,61.23,58.49
2020,102,Lille,Puy-de-Dôme,REP,CE1,Français,25,24,7.39,0,58.62,50.99
2020,102,Lille,Puy-de-Dôme,REP,CE1,Mathématiques,20,24,7.39,0,65.99,54.83
2020,102,Lille,Puy-de-Dôme,REP,CM1,Français,25,24,7.39,0,66.66,64.92
2020,102,Lille,Puy-de-Dôme,REP,CM1,Mathématiques,22,24,7.39,0,60.93,58.32
2020,102,Lille,Puy-de-Dôme,REP,CM2,Français,22,24,7.39,0,66.95,70.22
2020,102,Lille,Puy-de-Dôme,REP,CM2,Mathématiques,21,24,7.39,0,65.92,58.61
2020,102,Lille,Puy-de-Dôme,REP,6e,Français,26,24,7.39,0,64.14,64.46
2020,102,Lille,Puy-de-Dôme,REP,6e,Mathématiques,21,24,7.39,0,76.58,63.69
2020,103,Bordeaux,Saône-et-Loire,REP+,CP,Français,17,18,-3.61,1,61.57,59.06
2020,103,Bordeaux,Saône-et-Loire,REP+,CP,Mathématiques,17,18,-3.61,1,51.57,48.37
2020,103,Bordeaux,Saône-et-Loire,REP+,CE1,Français,19,18,-3.61,0,51.85,53.62
2020,103,Bordeaux,Saône-et-Loire,REP+,CE1,Mathématiques,17,18,-3.61,1,60.79,62.31
2020,103,Bordeaux,Saône-et-Loire,REP+,CM1,Français,13,18,-3.61,1,67.73,67.22
2020,103,Bordeaux,Saône-et-Loire,REP+,CM1,Mathématiques,22,18,-3.61,0,65.45,59.76
2020,103,Bordeaux,Saône-et-Loire,REP+,CM2,Français,18,18,-3.61,1,79.44,75.4
2020,103,Bordeaux,Saône-et-Loire,REP+,CM2,Mathématiques,18,18,-3.61,1,76.93,69.61
2020,103,Bordeaux,Saône-et-Loire,REP+,6e,Français,18,18,-3.61,1,76.63,65.46
2020,103,Bordeaux,Saône-et-Loire,REP+,6e,Mathématiques,16,18,-3.61,1,72.42,55.99
2020,104,Nantes,Ain,REP+,CP,Français,16,16,6.67,1,60.84,51.8
2020,104,Nantes,Ain,REP+,CP,Mathématiques,18,16,6.67,1,58.54,52.64
2020,104,Nantes,Ain,REP+,CE1,Français,16,16,6.67,1,62.7,54.98
2020,104,Nantes,Ain,REP+,CE1,Mathématiques,15,16,6.67,1,61.71,60.24
2020,104,Nantes,Ain,REP+,CM1,Français,17,16,6.67,1,78.96,74.75
2020,104,Nantes,Ain,REP+,CM1,Mathématiques,21,16,6.67,0,59.82,58.39
2020,104,Nantes,Ain,REP+,CM2,Français,15,16,6.67,1,80.72,66.61
2020,104,Nantes,Ain,REP+,CM2,Mathématiques,12,16,6.67,1,80.87,63.74
2020,104,Nantes,Ain,REP+,6e,Français,17,16,6.67,1,78.04,73.7
2020,104,Nantes,Ain,REP+,6e,Mathématiques,19,16,6.67,0,71.48,69.84
2020,105,Paris,Bas-Rhin,Hors EP,CP,Français,31,32,-10.81,0,60.52,54.9
2020,105,Paris,Bas-Rhin,Hors EP,CP,Mathématiques,27,32,-10.81,0,63.54,51.28
2020,105,Paris,Bas-Rhin,Hors EP,CE1,Français,25,32,-10.81,0,69.06,58.18
2020,105,Paris,Bas-Rhin,Hors EP,CE1,Mathématiques,29,32,-10.81,0,50.04,44.77
2020,105,Paris,Bas-Rhin,Hors EP,CM1,Français,31,32,-10.81,0,68.35,63.41
2020,105,Paris,Bas-Rhin,Hors EP,CM1,Mathématiques,34,32,-10.81,0,67.83,66.25
2020,105,Paris,Bas-Rhin,Hors EP,CM2,Français,34,32,-10.81,0,68.92,64.06
2020,105,Paris,Bas-Rhin,Hors EP,CM2,Mathématiques,33,32,-10.81,0,69.44,58.27
2020,105,Paris,Bas-Rhin,Hors EP,6e,Français,32,32,-10.81,0,73.64,59.63
2020,105,Paris,Bas-Rhin,Hors EP,6e,Mathématiques,29,32,-10.81,0,82.03,71.88
2020,106,Lyon,Bouches-du-Rhône,REP,CP,Français,15,20,6.29,1,67.24,51.44
2020,106,Lyon,Bouches-du-Rhône,REP,CP,Mathématiques,18,20,6.29,1,73.89,60.1
2020,106,Lyon,Bouches-du-Rhône,REP,CE1,Français,20,20,6.29,0,62.89,48.94
2020,106,Lyon,Bouches-du-Rhône,REP,CE1,Mathématiques,15,20,6.29,1,66.65,58.74
2020,106,Lyon,Bouches-du-Rhône,REP,CM1,Français,18,20,6.29,1,88.27,67.87
2020,106,Lyon,Bouches-du-Rhône,REP,CM1,Mathématiques,16,20,6.29,1,72.92,58.25
2020,106,Lyon,Bouches-du-Rhône,REP,CM2,Français,17,20,6.29,1,84.96,63.7
2020,106,Lyon,Bouches-du-Rhône,REP,CM2,Mathématiques,17,20,6.29,1,76.53,67.1
2020,106,Lyon,Bouches-du-Rhône,REP,6e,Français,20,20,6.29,0,81.24,71.13
2020,106,Lyon,Bouches-du-Rhône,REP,6e,Mathématiques,16,20,6.29,1,87.26,77.15
2020,107,Lille,Gironde,Hors EP,CP,Français,22,25,-15.8,0,71.89,68.09
2020,107,Lille,Gironde,Hors EP,CP,Mathématiques,24,25,-15.8,0,70.56,65.52
2020,107,Lille,Gironde,Hors EP,CE1,Français,23,25,-15.8,0,66.32,67.29
2020,107,Lille,Gironde,Hors EP,CE1,Mathématiques,26,25,-15.8,0,74.2,76.29
2020,107,Lille,Gironde,Hors EP,CM1,Français,21,25,-15.8,0,73.82,50.88
2020,107,Lille,Gironde,Hors EP,CM1,Mathématiques,26,25,-15.8,0,75.06,66.53
2020,107,Lille,Gironde,Hors EP,CM2,Français,21,25,-15.8,0,84.2,73.18
2020,107,Lille,Gironde,Hors EP,CM2,Mathématiques,26,25,-15.8,0,78.33,71.59
2020,107,Lille,Gironde,Hors EP,6e,Français,24,25,-15.8,0,92.22,80.87
2020,107,Lille,Gironde,Hors EP,6e,Mathématiques,21,25,-15.8,0,92.86,84.27
2020,108,Bordeaux,Hérault,Hors EP,CP,Français,28,27,-19.6,0,60.71,61.76
2020,108,Bordeaux,Hérault,Hors EP,CP,Mathématiques,25,27,-19.6,0,56.95,51.25
2020,108,Bordeaux,Hérault,Hors EP,CE1,Français,28,27,-19.6,0,65.9,56.71
2020,108,Bordeaux,Hérault,Hors EP,CE1,Mathématiques,23,27,-19.6,0,71.24,72.2
2020,108,Bordeaux,Hérault,Hors EP,CM1,Français,20,27,-19.6,0,92.65,79.02
2020,108,Bordeaux,Hérault,Hors EP,CM1,Mathématiques,26,27,-19.6,0,69.68,62.37
2020,108,Bordeaux,Hérault,Hors EP,CM2,Français,25,27,-19.6,0,75.83,62.53
2020,108,Bordeaux,Hérault,Hors EP,CM2,Mathématiques,28,27,-19.6,0,67.86,63.35
2020,108,Bordeaux,Hérault,Hors EP,6e,Français,24,27,-19.6,0,82.12,80.7
2020,108,Bordeaux,Hérault,Hors EP,6e,Mathématiques,23,27,-19.6,0,79.26,67.96
2020,109,Nantes,Loire,Hors EP,CP,Français,25,24,6.66,0,68.14,57.83
2020,109,Nantes,Loire,Hors EP,CP,Mathématiques,26,24,6.66,0,64.3,56.24
2020,109,Nantes,Loire,Hors EP,CE1,Français,28,24,6.66,0,69.45,67.69
2020,109,Nantes,Loire,Hors EP,CE1,Mathématiques,27,24,6.66,0,73.69,68.57
2020,109,Nantes,Loire,Hors EP,CM1,Français,24,24,6.66,0,79.31,67.71
2020,109,Nantes,Loire,Hors EP,CM1,Mathématiques,19,24,6.66,0,84.33,73.57
2020,109,Nantes,Loire,Hors EP,CM2,Français,26,24,6.66,0,82.27,74.27
2020,109,Nantes,Loire,Hors EP,CM2,Mathématiques,21,24,6.66,0,79.04,56.36
2020,109,Nantes,Loire,Hors EP,6e,Français,24,24,6.66,0,86.12,69.05
2020,109,Nantes,Loire,Hors EP,6e,Mathématiques,25,24,6.66,0,83.78,64.81
2020,110,Paris,Maine-et-Loire,REP,CP,Français,20,21,-8.04,0,56.65,60.03
2020,110,Paris,Maine-et-Loire,REP,CP,Mathématiques,20,21,-8.04,0,62.78,55.53
2020,110,Paris,Maine-et-Loire,REP,CE1,Français,21,21,-8.04,0,65.13,65.27
2020,110,Paris,Maine-et-Loire,REP,CE1,Mathématiques,23,21,-8.04,0,54.51,52.04
2020,110,Paris,Maine-et-Loire,REP,CM1,Français,14,21,-8.04,1,77.35,73.06
2020,110,Paris,Maine-et-Loire,REP,CM1,Mathématiques,22,21,-8.04,0,62.25,65.82
2020,110,Paris,Maine-et-Loire,REP,CM2,Français,19,21,-8.04,0,70.11,60.34
2020,110,Paris,Maine-et-Loire,REP,CM2,Mathématiques,17,21,-8.04,1,83.04,72.91
2020,110,Paris,Maine-et-Loire,REP,6e,Français,22,21,-8.04,0,73.77,64.87
2020,110,Paris,Maine-et-Loire,REP,6e,Mathématiques,15,21,-8.04,1,86.93,74.61
2020,111,Lyon,Moselle,Hors EP,CP,Français,21,28,21.17,0,75.53,60.91
2020,111,Lyon,Moselle,Hors EP,CP,Mathématiques,23,28,21.17,0,70.49,61.87
2020,111,Lyon,Moselle,Hors EP,CE1,Français,24,28,21.17,0,76.84,64.78
2020,111,Lyon,Moselle,Hors EP,CE1,Mathématiques,26,28,21.17,0,69.17,61.55
2020,111,Lyon,Moselle,Hors EP,CM1,Français,25,28,21.17,0,81.46,73.62
2020,111,Lyon,Moselle,Hors EP,CM1,Mathématiques,25,28,21.17,0,79.55,67.47
2020,111,Lyon,Moselle,Hors EP,CM2,Français,21,28,21.17,0,82.62,62.83
2020,111,Lyon,Moselle,Hors EP,CM2,Mathématiques,28,28,21.17,0,69.78,68.42
2020,111,Lyon,Moselle,Hors EP,6e,Français,22,28,21.17,0,98.48,70.95
2020,111,Lyon,Moselle,Hors EP,6e,Mathématiques,23,28,21.17,0,95.78,83.7
2020,112,Lille,Nord,REP+,CP,Français,12,14,16.67,1,62.88,59.17
2020,112,Lille,Nord,REP+,CP,Mathématiques,12,14,16.67,1,62.03,55.08
2020,112,Lille,Nord,REP+,CE1,Français,13,14,16.67,1,64.6,51.06
2020,112,Lille,Nord,REP+,CE1,Mathématiques,12,14,16.67,1,67.08,62.59
2020,112,Lille,Nord,REP+,CM1,Français,12,14,16.67,1,77.24,66.51
2020,112,Lille,Nord,REP+,CM1,Mathématiques,12,14,16.67,1,68.04,66.05
2020,112,Lille,Nord,REP+,CM2,Français,13,14,16.67,1,75.69,59.03
2020,112,Lille,Nord,REP+,CM2,Mathématiques,15,14,16.67,1,71.85,64.22
2020,112,Lille,Nord,REP+,6e,Français,18,14,16.67,1,86.81,82.08
2020,112,Lille,Nord,REP+,6e,Mathématiques,12,14,16.67,1,85.02,72.95
2020,113,Bordeaux,Paris,Hors EP,CP,Français,28,27,0.23,0,69.23,59.27
2020,113,Bordeaux,Paris,Hors EP,CP,Mathématiques,33,27,0.23,0,50.3,51.95
2020,113,Bordeaux,Paris,Hors EP,CE1,Français,28,27,0.23,0,72.52,64.24
2020,113,Bordeaux,Paris,Hors EP,CE1,Mathématiques,29,27,0.23,0,63.59,53.99
2020,113,Bordeaux,Paris,Hors EP,CM1,Français,32,27,0.23,0,66.91,59.16
2020,113,Bordeaux,Paris,Hors EP,CM1,Mathématiques,31,27,0.23,0,76.79,67.17
2020,113,Bordeaux,Paris,Hors EP,CM2,Français,29,27,0.23,0,80.56,59.41
2020,113,Bordeaux,Paris,Hors EP,CM2,Mathématiques,27,27,0.23,0,76.44,63.41
2020,113,Bordeaux,Paris,Hors EP,6e,Français,26,27,0.23,0,90.89,78.1
2020,113,Bordeaux,Paris,Hors EP,6e,Mathématiques,30,27,0.23,0,77.3,67.96
2020,114,Nantes,Puy-de-Dôme,REP+,CP,Français,16,15,-9.55,1,65.19,65.49
2020,114,Nantes,Puy-de-Dôme,REP+,CP,Mathématiques,19,15,-9.55,0,48.44,48.1
2020,114,Nantes,Puy-de-Dôme,REP+,CE1,Français,15,15,-9.55,1,55.92,46.3
2020,114,Nantes,Puy-de-Dôme,REP+,CE1,Mathématiques,16,15,-9.55,1,60.57,63.25
2020,114,Nantes,Puy-de-Dôme,REP+,CM1,Français,19,15,-9.55,0,57.06,57.9
2020,114,Nantes,Puy-de-Dôme,REP+,CM1,Mathématiques,15,15,-9.55,1,70.13,66.72
2020,114,Nantes,Puy-de-Dôme,REP+,CM2,Français,19,15,-9.55,0,62.94,62.87
2020,114,Nantes,Puy-de-Dôme,REP+,CM2,Mathématiques,12,15,-9.55,1,77.89,67.84
2020,114,Nantes,Puy-de-Dôme,REP+,6e,Français,16,15,-9.55,1,70.89,61.26
2020,114,Nantes,Puy-de-Dôme,REP+,6e,Mathématiques,19,15,-9.55,0,65.23,62.93
2020,115,Paris,Saône-et-Loire,Hors EP,CP,Français,27,31,-11.18,0,71.96,66.42
2020,115,Paris,Saône-et-Loire,Hors EP,CP,Mathématiques,27,31,-11.18,0,71.91,69.69
2020,115,Paris,Saône-et-Loire,Hors EP,CE1,Français,29,31,-11.18,0,68.39,65.15
2020,115,Paris,Saône-et-Loire,Hors EP,CE1,Mathématiques,29,31,-11.18,0,54.14,53.79
2020,115,Paris,Saône-et-Loire,Hors EP,CM1,Français,27,31,-11.18,0,72.51,63.33
2020,115,Paris,Saône-et-Loire,Hors EP,CM1,Mathématiques,23,31,-11.18,0,67.24,66.95
2020,115,Paris,Saône-et-Loire,Hors EP,CM2,Français,28,31,-11.18,0,68.0,58.36
2020,115,Paris,Saône-et-Loire,Hors EP,CM2,Mathématiques,29,31,-11.18,0,73.7,71.34
2020,115,Paris,Saône-et-Loire,Hors EP,6e,Français,30,31,-11.18,0,75.95,65.93
2020,115,Paris,Saône-et-Loire,Hors EP,6e,Mathématiques,26,31,-11.18,0,76.41,59.69
2020,116,Lyon,Ain,Hors EP,CP,Français,23,21,12.53,0,74.58,64.38
2020,116,Lyon,Ain,Hors EP,CP,Mathématiques,24,21,12.53,0,66.64,58.11
2020,116,Lyon,Ain,Hors EP,CE1,Français,27,21,12.53,0,61.12,47.19
2020,116,Lyon,Ain,Hors EP,CE1,Mathématiques,23,21,12.53,0,71.01,56.1
2020,116,Lyon,Ain,Hors EP,CM1,Français,19,21,12.53,0,80.64,74.3
2020,116,Lyon,Ain,Hors EP,CM1,Mathématiques,25,21,12.53,0,83.78,64.03
2020,116,Lyon,Ain,Hors EP,CM2,Français,19,21,12.53,0,83.34,78.12
2020,116,Lyon,Ain,Hors EP,CM2,Mathématiques,23,21,12.53,0,83.56,72.97
2020,116,Lyon,Ain,Hors EP,6e,Français,22,21,12.53,0,87.06,76.77
2020,116,Lyon,Ain,Hors EP,6e,Mathématiques,22,21,12.53,0,83.7,74.79
2020,117,Lille,Bas-Rhin,Hors EP,CP,Français,26,29,10.7,0,64.31,60.34
2020,117,Lille,Bas-Rhin,Hors EP,CP,Mathématiques,26,29,10.7,0,67.58,66.14
2020,117,Lille,Bas-Rhin,Hors EP,CE1,Français,23,29,10.7,0,77.99,59.41
2020,117,Lille,Bas-Rhin,Hors EP,CE1,Mathématiques,25,29,10.7,0,68.95,69.12
2020,117,Lille,Bas-Rhin,Hors EP,CM1,Français,25,29,10.7,0,81.92,61.9
2020,117,Lille,Bas-Rhin,Hors EP,CM1,Mathématiques,24,29,10.7,0,73.27,77.2
2020,117,Lille,Bas-Rhin,Hors EP,CM2,Français,23,29,10.7,0,86.31,74.33
2020,117,Lille,Bas-Rhin,Hors EP,CM2,Mathématiques,21,29,10.7,0,82.42,73.07
2020,117,Lille,Bas-Rhin,Hors EP,6e,Français,25,29,10.7,0,78.83,65.77
2020,117,Lille,Bas-Rhin,Hors EP,6e,Mathématiques,28,29,10.7,0,86.13,79.66
2020,118,Bordeaux,Bouches-du-Rhône,Hors EP,CP,Français,28,26,19.11,0,58.28,58.88
2020,118,Bordeaux,Bouches-du-Rhône,Hors EP,CP,Mathématiques,27,26,19.11,0,63.7,51.05
2020,118,Bordeaux,Bouches-du-Rhône,Hors EP,CE1,Français,32,26,19.11,0,65.55,67.45
2020,118,Bordeaux,Bouches-du-Rhône,Hors EP,CE1,Mathématiques,27,26,19.11,0,65.22,65.95
2020,118,Bordeaux,Bouches-du-Rhône,Hors EP,CM1,Français,28,26,19.11,0,77.21,61.09
2020,118,Bordeaux,Bouches-du-Rhône,Hors EP,CM1,Mathématiques,27,26,19.11,0,77.32,61.08
2020,118,Bordeaux,Bouches-du-Rhône,Hors EP,CM2,Français,27,26,19.11,0,81.5,70.75
2020,118,Bordeaux,Bouches-du-Rhône,Hors EP,CM2,Mathématiques,32,26,19.11,0,74.54,62.24
2020,118,Bordeaux,Bouches-du-Rhône,Hors EP,6e,Français,34,26,19.11,0,80.14,68.54
2020,118,Bordeaux,Bouches-du-Rhône,Hors EP,6e,Mathématiques,27,26,19.11,0,84.15,72.61
2020,119,Nantes,Gironde,REP,CP,Français,22,25,12.53,0,59.8,61.21
2020,119,Nantes,Gironde,REP,CP,Mathématiques,18,25,12.53,1,78.95,66.12
2020,119,Nantes,Gironde,REP,CE1,Français,20,25,12.53,0,58.45,48.84
2020,119,Nantes,Gironde,REP,CE1,Mathématiques,23,25,12.53,0,68.42,58.69
2020,119,Nantes,Gironde,REP,CM1,Français,22,25,12.53,0,69.09,66.99
2020,119,Nantes,Gironde,REP,CM1,Mathématiques,27,25,12.53,0,67.45,59.67
2020,119,Nantes,Gironde,REP,CM2,Français,22,25,12.53,0,75.93,66.53
2020,119,Nantes,Gironde,REP,CM2,Mathématiques,18,25,12.53,1,79.11,74.53
2020,119,Nantes,Gironde,REP,6e,Français,24,25,12.53,0,75.37,67.56
2020,119,Nantes,Gironde,REP,6e,Mathématiques,24,25,12.53,0,65.63,57.4
2020,120,Paris,Hérault,Hors EP,CP,Français,28,30,1.41,0,53.91,52.54
2020,120,Paris,Hérault,Hors EP,CP,Mathématiques,24,30,1.41,0,58.58,55.24
2020,120,Paris,Hérault,Hors EP,CE1,Français,25,30,1.41,0,71.96,62.19
2020,120,Paris,Hérault,Hors EP,CE1,Mathématiques,22,30,1.41,0,65.22,55.9
2020,120,Paris,Hérault,Hors EP,CM1,Français,27,30,1.41,0,77.32,67.23
2020,120,Paris,Hérault,Hors EP,CM1,Mathématiques,22,30,1.41,0,76.09,70.42
2020,120,Paris,Hérault,Hors EP,CM2,Français,26,30,1.41,0,80.02,56.36
2020,120,Paris,Hérault,Hors EP,CM2,Mathématiques,23,30,1.41,0,79.7,64.66
2020,120,Paris,Hérault,Hors EP,6e,Français,24,30,1.41,0,92.64,77.81
2020,120,Paris,Hérault,Hors EP,6e,Mathématiques,27,30,1.41,0,76.48,65.48
2020,121,Lyon,Loire,Hors EP,CP,Français,24,23,15.38,0,75.21,64.0
2020,121,Lyon,Loire,Hors EP,CP,Mathématiques,20,23,15.38,0,66.51,61.56
2020,121,Lyon,Loire,Hors EP,CE1,Français,28,23,15.38,0,72.9,62.7
2020,121,Lyon,Loire,Hors EP,CE1,Mathématiques,23,23,15.38,0,72.4,74.37
2020,121,Lyon,Loire,Hors EP,CM1,Français,26,23,15.38,0,80.01,69.96
2020,121,Lyon,Loire,Hors EP,CM1,Mathématiques,24,23,15.38,0,79.87,67.25
2020,121,Lyon,Loire,Hors EP,CM2,Français,21,23,15.38,0,92.99,78.34
2020,121,Lyon,Loire,Hors EP,CM2,Mathématiques,25,23,15.38,0,89.15,78.23
2020,121,Lyon,Loire,Hors EP,6e,Français,24,23,15.38,0,100.0,84.04
2020,121,Lyon,Loire,Hors EP,6e,Mathématiques,20,23,15.38,0,89.98,83.94
2020,122,Lille,Maine-et-Loire,REP,CP,Français,18,20,-3.26,1,73.64,61.49
2020,122,Lille,Maine-et-Loire,REP,CP,Mathématiques,14,20,-3.26,1,59.56,58.41
2020,122,Lille,Maine-et-Loire,REP,CE1,Français,19,20,-3.26,0,59.79,49.86
2020,122,Lille,Maine-et-Loire,REP,CE1,Mathématiques,17,20,-3.26,1,74.83,61.71
2020,122,Lille,Maine-et-Loire,REP,CM1,Français,16,20,-3.26,1,73.45,63.11
2020,122,Lille,Maine-et-Loire,REP,CM1,Mathématiques,19,20,-3.26,0,75.43,67.38
2020,122,Lille,Maine-et-Loire,REP,CM2,Français,18,20,-3.26,1,87.69,78.11
2020,122,Lille,Maine-et-Loire,REP,CM2,Mathématiques,17,20,-3.26,1,91.17,76.87
2020,122,Lille,Maine-et-Loire,REP,6e,Français,19,20,-3.26,0,81.39,72.07
2020,122,Lille,Maine-et-Loire,REP,6e,Mathématiques,22,20,-3.26,0,70.55,66.89
2020,123,Bordeaux,Moselle,Hors EP,CP,Français,29,32,-4.2,0,65.41,55.37
2020,123,Bordeaux,Moselle,Hors EP,CP,Mathématiques,30,32,-4.2,0,63.19,57.6
2020,123,Bordeaux,Moselle,Hors EP,CE1,Français,26,32,-4.2,0,72.13,67.35
2020,123,Bordeaux,Moselle,Hors EP,CE1,Mathématiques,23,32,-4.2,0,71.89,67.15
2020,123,Bordeaux,Moselle,Hors EP,CM1,Français,21,32,-4.2,0,81.88,74.15
2020,123,Bordeaux,Moselle,Hors EP,CM1,Mathématiques,28,32,-4.2,0,75.31,64.57
2020,123,Bordeaux,Moselle,Hors EP,CM2,Français,24,32,-4.2,0,75.2,71.59
2020,123,Bordeaux,Moselle,Hors EP,CM2,Mathématiques,29,32,-4.2,0,81.05,66.49
2020,123,Bordeaux,Moselle,Hors EP,6e,Français,29,32,-4.2,0,77.03,63.04
2020,123,Bordeaux,Moselle,Hors EP,6e,Mathématiques,27,32,-4.2,0,85.58,81.59
2020,124,Nantes,Nord,REP,CP,Français,23,20,-8.25,0,58.12,60.08
2020,124,Nantes,Nord,REP,CP,Mathématiques,16,20,-8.25,1,65.2,62.83
2020,124,Nantes,Nord,REP,CE1,Français,16,20,-8.25,1,70.9,59.84
2020,124,Nantes,Nord,REP,CE1,Mathématiques,16,20,-8.25,1,69.43,58.1
2020,124,Nantes,Nord,REP,CM1,Français,18,20,-8.25,1,79.49,68.16
2020,124,Nantes,Nord,REP,CM1,Mathématiques,15,20,-8.25,1,75.68,63.94
2020,124,Nantes,Nord,REP,CM2,Français,17,20,-8.25,1,88.15,68.68
2020,124,Nantes,Nord,REP,CM2,Mathématiques,22,20,-8.25,0,67.28,62.81
2020,124,Nantes,Nord,REP,6e,Français,15,20,-8.25,1,93.35,77.85
2020,124,Nantes,Nord,REP,6e,Mathématiques,16,20,-8.25,1,82.62,69.84
2020,125,Paris,Paris,REP,CP,Français,19,21,-8.54,0,56.2,55.52
2020,125,Paris,Paris,REP,CP,Mathématiques,23,21,-8.54,0,55.26,52.57
2020,125,Paris,Paris,REP,CE1,Français,22,21,-8.54,0,58.82,46.28
2020,125,Paris,Paris,REP,CE1,Mathématiques,20,21,-8.54,0,56.69,48.35
2020,125,Paris,Paris,REP,CM1,Français,20,21,-8.54,0,67.98,55.56
2020,125,Paris,Paris,REP,CM1,Mathématiques,19,21,-8.54,0,72.24,56.11
2020,125,Paris,Paris,REP,CM2,Français,21,21,-8.54,0,66.23,56.28
2020,125,Paris,Paris,REP,CM2,Mathématiques,21,21,-8.54,0,64.03,61.41
2020,125,Paris,Paris,REP,6e,Français,24,21,-8.54,0,77.56,72.87
2020,125,Paris,Paris,REP,6e,Mathématiques,18,21,-8.54,1,84.08,74.51
2020,126,Lyon,Puy-de-Dôme,Hors EP,CP,Français,34,28,10.76,0,61.52,55.39
2020,126,Lyon,Puy-de-Dôme,Hors EP,CP,Mathématiques,29,28,10.76,0,58.47,55.1
2020,126,Lyon,Puy-de-Dôme,Hors EP,CE1,Français,25,28,10.76,0,70.81,62.57
2020,126,Lyon,Puy-de-Dôme,Hors EP,CE1,Mathématiques,31,28,10.76,0,69.79,57.64
2020,126,Lyon,Puy-de-Dôme,Hors EP,CM1,Français,34,28,10.76,0,71.76,65.0
2020,126,Lyon,Puy-de-Dôme,Hors EP,CM1,Mathématiques,25,28,10.76,0,73.4,70.16
2020,126,Lyon,Puy-de-Dôme,Hors EP,CM2,Français,29,28,10.76,0,81.08,71.27
2020,126,Lyon,Puy-de-Dôme,Hors EP,CM2,Mathématiques,25,28,10.76,0,80.76,76.96
2020,126,Lyon,Puy-de-Dôme,Hors EP,6e,Français,32,28,10.76,0,82.33,78.8
2020,126,Lyon,Puy-de-Dôme,Hors EP,6e,Mathématiques,26,28,10.76,0,80.92,79.34
2020,127,Lille,Saône-et-Loire,Hors EP,CP,Français,24,26,-9.68,0,68.53,61.7
2020,127,Lille,Saône-et-Loire,Hors EP,CP,Mathématiques,20,26,-9.68,0,69.43,59.56
2020,127,Lille,Saône-et-Loire,Hors EP,CE1,Français,21,26,-9.68,0,80.04,80.27
2020,127,Lille,Saône-et-Loire,Hors EP,CE1,Mathématiques,28,26,-9.68,0,67.96,59.89
2020,127,Lille,Saône-et-Loire,Hors EP,CM1,Français,23,26,-9.68,0,80.36,67.55
2020,127,Lille,Saône-et-Loire,Hors EP,CM1,Mathématiques,26,26,-9.68,0,63.68,56.82
2020,127,Lille,Saône-et-Loire,Hors EP,CM2,Français,25,26,-9.68,0,77.94,66.8
2020,127,Lille,Saône-et-Loire,Hors EP,CM2,Mathématiques,24,26,-9.68,0,86.47,67.33
2020,127,Lille,Saône-et-Loire,Hors EP,6e,Français,20,26,-9.68,0,86.98,66.46
2020,127,Lille,Saône-et-Loire,Hors EP,6e,Mathématiques,19,26,-9.68,0,84.76,78.81
2020,128,Bordeaux,Ain,REP+,CP,Français,22,16,7.6,0,45.52,54.58
2020,128,Bordeaux,Ain,REP+,CP,Mathématiques,18,16,7.6,1,59.19,57.25
2020,128,Bordeaux,Ain,REP+,CE1,Français,18,16,7.6,1,74.47,68.24
2020,128,Bordeaux,Ain,REP+,CE1,Mathématiques,18,16,7.6,1,61.22,60.82
2020,128,Bordeaux,Ain,REP+,CM1,Français,15,16,7.6,1,72.6,78.79
2020,128,Bordeaux,Ain,REP+,CM1,Mathématiques,12,16,7.6,1,70.16,64.07
2020,128,Bordeaux,Ain,REP+,CM2,Français,16,16,7.6,1,76.19,67.27
2020,128,Bordeaux,Ain,REP+,CM2,Mathématiques,16,16,7.6,1,75.11,63.64
2020,128,Bordeaux,Ain,REP+,6e,Français,22,16,7.6,0,68.38,64.35
2020,128,Bordeaux,Ain,REP+,6e,Mathématiques,15,16,7.6,1,83.31,75.32
2020,129,Nantes,Bas-Rhin,Hors EP,CP,Français,19,23,20.23,0,78.61,63.73
2020,129,Nantes,Bas-Rhin,Hors EP,CP,Mathématiques,24,23,20.23,0,65.14,54.48
2020,129,Nantes,Bas-Rhin,Hors EP,CE1,Français,19,23,20.23,0,77.24,69.54
2020,129,Nantes,Bas-Rhin,Hors EP,CE1,Mathématiques,21,23,20.23,0,70.0,62.46
2020,129,Nantes,Bas-Rhin,Hors EP,CM1,Français,18,23,20.23,0,89.52,80.01
2020,129,Nantes,Bas-Rhin,Hors EP,CM1,Mathématiques,21,23,20.23,0,82.15,79.62
2020,129,Nantes,Bas-Rhin,Hors EP,CM2,Français,21,23,20.23,0,84.68,75.48
2020,129,Nantes,Bas-Rhin,Hors EP,CM2,Mathématiques,18,23,20.23,0,87.68,71.63
2020,129,Nantes,Bas-Rhin,Hors EP,6e,Français,19,23,20.23,0,94.6,83.83
2020,129,Nantes,Bas-Rhin,Hors EP,6e,Mathématiques,24,23,20.23,0,92.4,79.51
2020,130,Paris,Bouches-du-Rhône,REP,CP,Français,12,14,-27.35,1,65.19,60.65
2020,130,Paris,Bouches-du-Rhône,REP,CP,Mathématiques,12,14,-27.35,1,69.83,64.79
2020,130,Paris,Bouches-du-Rhône,REP,CE1,Français,12,14,-27.35,1,76.16,74.61
2020,130,Paris,Bouches-du-Rhône,REP,CE1,Mathématiques,14,14,-27.35,1,63.43,55.38
2020,130,Paris,Bouches-du-Rhône,REP,CM1,Français,12,14,-27.35,1,75.73,61.24
2020,130,Paris,Bouches-du-Rhône,REP,CM1,Mathématiques,12,14,-27.35,1,74.09,55.46
2020,130,Paris,Bouches-du-Rhône,REP,CM2,Français,12,14,-27.35,1,78.64,68.21
2020,130,Paris,Bouches-du-Rhône,REP,CM2,Mathématiques,12,14,-27.35,1,76.7,63.63
2020,130,Paris,Bouches-du-Rhône,REP,6e,Français,12,14,-27.35,1,83.51,70.72
2020,130,Paris,Bouches-du-Rhône,REP,6e,Mathématiques,12,14,-27.35,1,83.42,73.82
2020,131,Lyon,Gironde,REP,CP,Français,19,19,15.26,0,56.84,55.04
2020,131,Lyon,Gironde,REP,CP,Mathématiques,21,19,15.26,0,64.11,59.85
2020,131,Lyon,Gironde,REP,CE1,Français,21,19,15.26,0,57.89,54.18
2020,131,Lyon,Gironde,REP,CE1,Mathématiques,17,19,15.26,1,73.57,73.09
2020,131,Lyon,Gironde,REP,CM1,Français,19,19,15.26,0,66.91,54.18
2020,131,Lyon,Gironde,REP,CM1,Mathématiques,22,19,15.26,0,67.74,63.31
2020,131,Lyon,Gironde,REP,CM2,Français,17,19,15.26,1,87.24,69.39
2020,131,Lyon,Gironde,REP,CM2,Mathématiques,19,19,15.26,0,67.84,59.34
2020,131,Lyon,Gironde,REP,6e,Français,16,19,15.26,1,76.37,65.2
2020,131,Lyon,Gironde,REP,6e,Mathématiques,16,19,15.26,1,87.08,74.23
2020,132,Lille,Hérault,Hors EP,CP,Français,27,26,5.95,0,68.86,63.23
2020,132,Lille,Hérault,Hors EP,CP,Mathématiques,27,26,5.95,0,52.89,61.41
2020,132,Lille,Hérault,Hors EP,CE1,Français,29,26,5.95,0,69.99,55.53
2020,132,Lille,Hérault,Hors EP,CE1,Mathématiques,28,26,5.95,0,63.79,61.05
2020,132,Lille,Hérault,Hors EP,CM1,Français,22,26,5.95,0,91.33,69.9
2020,132,Lille,Hérault,Hors EP,CM1,Mathématiques,25,26,5.95,0,66.06,59.72
2020,132,Lille,Hérault,Hors EP,CM2,Français,24,26,5.95,0,89.63,73.82
2020,132,Lille,Hérault,Hors EP,CM2,Mathématiques,28,26,5.95,0,73.31,63.44
2020,132,Lille,Hérault,Hors EP,6e,Français,24,26,5.95,0,91.74,79.23
2020,132,Lille,Hérault,Hors EP,6e,Mathématiques,27,26,5.95,0,85.01,76.12
2020,133,Bordeaux,Loire,Hors EP,CP,Français,26,27,-20.16,0,67.63,68.29
2020,133,Bordeaux,Loire,Hors EP,CP,Mathématiques,27,27,-20.16,0,61.13,58.72
2020,133,Bordeaux,Loire,Hors EP,CE1,Français,23,27,-20.16,0,69.53,55.61
2020,133,Bordeaux,Loire,Hors EP,CE1,Mathématiques,29,27,-20.16,0,64.91,54.56
2020,133,Bordeaux,Loire,Hors EP,CM1,Français,26,27,-20.16,0,79.8,74.23
2020,133,Bordeaux,Loire,Hors EP,CM1,Mathématiques,23,27,-20.16,0,60.18,57.9
2020,133,Bordeaux,Loire,Hors EP,CM2,Français,23,27,-20.16,0,85.08,77.61
2020,133,Bordeaux,Loire,Hors EP,CM2,Mathématiques,28,27,-20.16,0,82.63,77.37
2020,133,Bordeaux,Loire,Hors EP,6e,Français,29,27,-20.16,0,88.09,82.23
2020,133,Bordeaux,Loire,Hors EP,6e,Mathématiques,25,27,-20.16,0,76.68,79.55
2020,134,Nantes,Maine-et-Loire,Hors EP,CP,Français,22,33,11.57,0,70.14,62.2
2020,134,Nantes,Maine-et-Loire,Hors EP,CP,Mathématiques,29,33,11.57,0,67.51,55.44
2020,134,Nantes,Maine-et-Loire,Hors EP,CE1,Français,30,33,11.57,0,74.31,77.26
2020,134,Nantes,Maine-et-Loire,Hors EP,CE1,Mathématiques,30,33,11.57,0,63.72,51.97
2020,134,Nantes,Maine-et-Loire,Hors EP,CM1,Français,33,33,11.57,0,75.41,66.17
2020,134,Nantes,Maine-et-Loire,Hors EP,CM1,Mathématiques,24,33,11.57,0,73.0,67.8
2020,134,Nantes,Maine-et-Loire,Hors EP,CM2,Français,29,33,11.57,0,71.93,67.08
2020,134,Nantes,Maine-et-Loire,Hors EP,CM2,Mathématiques,24,33,11.57,0,88.28,76.07
2020,134,Nantes,Maine-et-Loire,Hors EP,6e,Français,27,33,11.57,0,91.94,79.29
2020,134,Nantes,Maine-et-Loire,Hors EP,6e,Mathématiques,31,33,11.57,0,81.25,70.94
2020,135,Paris,Moselle,Hors EP,CP,Français,27,25,-6.03,0,61.41,46.43
2020,135,Paris,Moselle,Hors EP,CP,Mathématiques,26,25,-6.03,0,64.94,58.61
2020,135,Paris,Moselle,Hors EP,CE1,Français,21,25,-6.03,0,76.15,68.11
2020,135,Paris,Moselle,Hors EP,CE1,Mathématiques,23,25,-6.03,0,63.89,57.18
2020,135,Paris,Moselle,Hors EP,CM1,Français,27,25,-6.03,0,77.25,63.13
2020,135,Paris,Moselle,Hors EP,CM1,Mathématiques,25,25,-6.03,0,78.17,62.29
2020,135,Paris,Moselle,Hors EP,CM2,Français,25,25,-6.03,0,88.2,68.6
2020,135,Paris,Moselle,Hors EP,CM2,Mathématiques,28,25,-6.03,0,83.76,70.85
2020,135,Paris,Moselle,Hors EP,6e,Français,24,25,-6.03,0,92.72,77.12
2020,135,Paris,Moselle,Hors EP,6e,Mathématiques,19,25,-6.03,0,89.13,77.96
2020,136,Lyon,Nord,Hors EP,CP,Français,21,24,11.72,0,66.03,66.09
2020,136,Lyon,Nord,Hors EP,CP,Mathématiques,20,24,11.72,0,75.72,59.51
2020,136,Lyon,Nord,Hors EP,CE1,Français,21,24,11.72,0,79.2,68.42
2020,136,Lyon,Nord,Hors EP,CE1,Mathématiques,18,24,11.72,0,65.87,67.41
2020,136,Lyon,Nord,Hors EP,CM1,Français,22,24,11.72,0,87.26,78.98
2020,136,Lyon,Nord,Hors EP,CM1,Mathématiques,22,24,11.72,0,77.56,70.19
2020,136,Lyon,Nord,Hors EP,CM2,Français,25,24,11.72,0,84.68,82.09
2020,136,Lyon,Nord,Hors EP,CM2,Mathématiques,17,24,11.72,0,80.38,74.6
2020,136,Lyon,Nord,Hors EP,6e,Français,19,24,11.72,0,100.0,89.69
2020,136,Lyon,Nord,Hors EP,6e,Mathématiques,25,24,11.72,0,90.29,71.79
2020,137,Lille,Paris,Hors EP,CP,Français,30,30,19.02,0,65.34,61.64
2020,137,Lille,Paris,Hors EP,CP,Mathématiques,29,30,19.02,0,62.67,64.74
2020,137,Lille,Paris,Hors EP,CE1,Français,31,30,19.02,0,69.48,59.25
2020,137,Lille,Paris,Hors EP,CE1,Mathématiques,31,30,19.02,0,56.68,55.76
2020,137,Lille,Paris,Hors EP,CM1,Français,30,30,19.02,0,71.95,68.8
2020,137,Lille,Paris,Hors EP,CM1,Mathématiques,28,30,19.02,0,72.03,68.79
2020,137,Lille,Paris,Hors EP,CM2,Français,25,30,19.02,0,89.09,65.67
2020,137,Lille,Paris,Hors EP,CM2,Mathématiques,29,30,19.02,0,78.78,65.87
2020,137,Lille,Paris,Hors EP,6e,Français,29,30,19.02,0,86.22,78.91
2020,137,Lille,Paris,Hors EP,6e,Mathématiques,29,30,19.02,0,85.62,74.68
2020,138,Bordeaux,Puy-de-Dôme,Hors EP,CP,Français,26,23,-2.08,0,67.17,62.56
2020,138,Bordeaux,Puy-de-Dôme,Hors EP,CP,Mathématiques,19,23,-2.08,0,74.29,62.61
2020,138,Bordeaux,Puy-de-Dôme,Hors EP,CE1,Français,20,23,-2.08,0,83.56,75.31
2020,138,Bordeaux,Puy-de-Dôme,Hors EP,CE1,Mathématiques,25,23,-2.08,0,70.7,62.61
2020,138,Bordeaux,Puy-de-Dôme,Hors EP,CM1,Français,22,23,-2.08,0,83.86,77.68
2020,138,Bordeaux,Puy-de-Dôme,Hors EP,CM1,Mathématiques,23,23,-2.08,0,85.78,72.34
2020,138,Bordeaux,Puy-de-Dôme,Hors EP,CM2,Français,20,23,-2.08,0,79.4,60.56
2020,138,Bordeaux,Puy-de-Dôme,Hors EP,CM2,Mathématiques,22,23,-2.08,0,81.31,73.7
2020,138,Bordeaux,Puy-de-Dôme,Hors EP,6e,Français,23,23,-2.08,0,93.25,78.63
2020,138,Bordeaux,Puy-de-Dôme,Hors EP,6e,Mathématiques,23,23,-2.08,0,83.85,79.13
2020,139,Nantes,Saône-et-Loire,REP,CP,Français,21,24,9.38,0,58.66,53.56
2020,139,Nantes,Saône-et-Loire,REP,CP,Mathématiques,24,24,9.38,0,52.94,60.85
2020,139,Nantes,Saône-et-Loire,REP,CE1,Français,22,24,9.38,0,61.82,56.31
2020,139,Nantes,Saône-et-Loire,REP,CE1,Mathématiques,22,24,9.38,0,56.08,53.86
2020,139,Nantes,Saône-et-Loire,REP,CM1,Français,21,24,9.38,0,70.09,64.41
2020,139,Nantes,Saône-et-Loire,REP,CM1,Mathématiques,22,24,9.38,0,65.15,67.15
2020,139,Nantes,Saône-et-Loire,REP,CM2,Français,22,24,9.38,0,84.45,72.68
2020,139,Nantes,Saône-et-Loire,REP,CM2,Mathématiques,23,24,9.38,0,65.56,66.58
2020,139,Nantes,Saône-et-Loire,REP,6e,Français,19,24,9.38,0,82.48,69.76
2020,139,Nantes,Saône-et-Loire,REP,6e,Mathématiques,22,24,9.38,0,73.67,61.15
2020,140,Paris,Ain,Hors EP,CP,Français,32,30,-15.47,0,55.73,56.61
2020,140,Paris,Ain,Hors EP,CP,Mathématiques,30,30,-15.47,0,61.32,65.96
2020,140,Paris,Ain,Hors EP,CE1,Français,27,30,-15.47,0,70.99,69.57
2020,140,Paris,Ain,Hors EP,CE1,Mathématiques,27,30,-15.47,0,61.89,55.65
2020,140,Paris,Ain,Hors EP,CM1,Français,30,30,-15.47,0,65.2,62.09
2020,140,Paris,Ain,Hors EP,CM1,Mathématiques,25,30,-15.47,0,78.86,71.2
2020,140,Paris,Ain,Hors EP,CM2,Français,34,30,-15.47,0,75.95,65.12
2020,140,Paris,Ain,Hors EP,CM2,Mathématiques,27,30,-15.47,0,77.32,67.43
2020,140,Paris,Ain,Hors EP,6e,Français,32,30,-15.47,0,75.57,76.49
2020,140,Paris,Ain,Hors EP,6e,Mathématiques,32,30,-15.47,0,75.83,75.55
2020,141,Lyon,Bas-Rhin,Hors EP,CP,Français,21,27,22.16,0,67.68,57.85
2020,141,Lyon,Bas-Rhin,Hors EP,CP,Mathématiques,28,27,22.16,0,69.16,62.64
2020,141,Lyon,Bas-Rhin,Hors EP,CE1,Français,28,27,22.16,0,71.34,65.62
2020,141,Lyon,Bas-Rhin,Hors EP,CE1,Mathématiques,29,27,22.16,0,66.85,56.63
2020,141,Lyon,Bas-Rhin,Hors EP,CM1,Français,26,27,22.16,0,82.99,71.99
2020,141,Lyon,Bas-Rhin,Hors EP,CM1,Mathématiques,28,27,22.16,0,73.95,65.93
2020,141,Lyon,Bas-Rhin,Hors EP,CM2,Français,26,27,22.16,0,85.95,81.51
2020,141,Lyon,Bas-Rhin,Hors EP,CM2,Mathématiques,26,27,22.16,0,80.29,72.24
2020,141,Lyon,Bas-Rhin,Hors EP,6e,Français,28,27,22.16,0,91.34,80.71
2020,141,Lyon,Bas-Rhin,Hors EP,6e,Mathématiques,21,27,22.16,0,79.94,75.74
2020,142,Lille,Bouches-du-Rhône,Hors EP,CP,Français,28,22,23.13,0,72.31,59.73
2020,142,Lille,Bouches-du-Rhône,Hors EP,CP,Mathématiques,22,22,23.13,0,59.64,58.72
2020,142,Lille,Bouches-du-Rhône,Hors EP,CE1,Français,27,22,23.13,0,78.23,71.57
2020,142,Lille,Bouches-du-Rhône,Hors EP,CE1,Mathématiques,24,22,23.13,0,70.04,58.5
2020,142,Lille,Bouches-du-Rhône,Hors EP,CM1,Français,24,22,23.13,0,77.18,76.26
2020,142,Lille,Bouches-du-Rhône,Hors EP,CM1,Mathématiques,21,22,23.13,0,80.39,59.98
2020,142,Lille,Bouches-du-Rhône,Hors EP,CM2,Français,25,22,23.13,0,85.66,71.47
2020,142,Lille,Bouches-du-Rhône,Hors EP,CM2,Mathématiques,22,22,23.13,0,85.39,70.34
2020,142,Lille,Bouches-du-Rhône,Hors EP,6e,Français,24,22,23.13,0,100.0,83.86
2020,142,Lille,Bouches-du-Rhône,Hors EP,6e,Mathématiques,25,22,23.13,0,85.59,69.28
2020,143,Bordeaux,Gironde,REP,CP,Français,26,29,4.34,0,41.12,39.01
2020,143,Bordeaux,Gironde,REP,CP,Mathématiques,34,29,4.34,0,46.0,54.48
2020,143,Bordeaux,Gironde,REP,CE1,Français,27,29,4.34,0,46.01,40.75
2020,143,Bordeaux,Gironde,REP,CE1,Mathématiques,29,29,4.34,0,52.89,50.91
2020,143,Bordeaux,Gironde,REP,CM1,Français,27,29,4.34,0,66.85,57.95
2020,143,Bordeaux,Gironde,REP,CM1,Mathématiques,29,29,4.34,0,58.7,53.07
2020,143,Bordeaux,Gironde,REP,CM2,Français,26,29,4.34,0,66.6,69.65
2020,143,Bordeaux,Gironde,REP,CM2,Mathématiques,31,29,4.34,0,65.61,55.68
2020,143,Bordeaux,Gironde,REP,6e,Français,24,29,4.34,0,80.25,74.1
2020,143,Bordeaux,Gironde,REP,6e,Mathématiques,28,29,4.34,0,67.05,53.28
2020,144,Nantes,Hérault,REP,CP,Français,27,27,-9.15,0,48.11,56.61
2020,144,Nantes,Hérault,REP,CP,Mathématiques,24,27,-9.15,0,48.96,48.52
2020,144,Nantes,Hérault,REP,CE1,Français,23,27,-9.15,0,63.67,62.72
2020,144,Nantes,Hérault,REP,CE1,Mathématiques,27,27,-9.15,0,52.83,48.64
2020,144,Nantes,Hérault,REP,CM1,Français,24,27,-9.15,0,61.79,64.35
2020,144,Nantes,Hérault,REP,CM1,Mathématiques,27,27,-9.15,0,57.59,49.53
2020,144,Nantes,Hérault,REP,CM2,Français,28,27,-9.15,0,65.72,59.04
2020,144,Nantes,Hérault,REP,CM2,Mathématiques,28,27,-9.15,0,59.81,54.07
2020,144,Nantes,Hérault,REP,6e,Français,23,27,-9.15,0,68.68,63.28
2020,144,Nantes,Hérault,REP,6e,Mathématiques,22,27,-9.15,0,69.93,59.03
2020,145,Paris,Loire,REP,CP,Français,17,16,-1.87,1,79.57,68.33
2020,145,Paris,Loire,REP,CP,Mathématiques,19,16,-1.87,0,59.31,55.02
2020,145,Paris,Loire,REP,CE1,Français,18,16,-1.87,1,73.07,65.7
2020,145,Paris,Loire,REP,CE1,Mathématiques,16,16,-1.87,1,67.75,61.16
2020,145,Paris,Loire,REP,CM1,Français,12,16,-1.87,1,85.71,84.09
2020,145,Paris,Loire,REP,CM1,Mathématiques,17,16,-1.87,1,78.97,74.11
2020,145,Paris,Loire,REP,CM2,Français,14,16,-1.87,1,88.15,72.81
2020,145,Paris,Loire,REP,CM2,Mathématiques,23,16,-1.87,0,66.63,64.85
2020,145,Paris,Loire,REP,6e,Français,17,16,-1.87,1,98.86,79.66
2020,145,Paris,Loire,REP,6e,Mathématiques,20,16,-1.87,0,78.0,70.06
2020,146,Lyon,Maine-et-Loire,Hors EP,CP,Français,21,26,12.89,0,78.31,70.01
2020,146,Lyon,Maine-et-Loire,Hors EP,CP,Mathématiques,25,26,12.89,0,70.06,50.31
2020,146,Lyon,Maine-et-Loire,Hors EP,CE1,Français,24,26,12.89,0,72.8,70.33
2020,146,Lyon,Maine-et-Loire,Hors EP,CE1,Mathématiques,23,26,12.89,0,74.96,64.61
2020,146,Lyon,Maine-et-Loire,Hors EP,CM1,Français,20,26,12.89,0,82.0,61.76
2020,146,Lyon,Maine-et-Loire,Hors EP,CM1,Mathématiques,21,26,12.89,0,73.46,57.76
2020,146,Lyon,Maine-et-Loire,Hors EP,CM2,Français,22,26,12.89,0,89.55,75.74
2020,146,Lyon,Maine-et-Loire,Hors EP,CM2,Mathématiques,21,26,12.89,0,80.78,68.35
2020,146,Lyon,Maine-et-Loire,Hors EP,6e,Français,20,26,12.89,0,93.66,71.08
2020,146,Lyon,Maine-et-Loire,Hors EP,6e,Mathématiques,24,26,12.89,0,84.8,74.54
2020,147,Lille,Moselle,Hors EP,CP,Français,24,24,-24.8,0,70.79,65.68
2020,147,Lille,Moselle,Hors EP,CP,Mathématiques,30,24,-24.8,0,65.09,60.76
2020,147,Lille,Moselle,Hors EP,CE1,Français,24,24,-24.8,0,65.51,57.17
2020,147,Lille,Moselle,Hors EP,CE1,Mathématiques,24,24,-24.8,0,64.15,54.03
2020,147,Lille,Moselle,Hors EP,CM1,Français,26,24,-24.8,0,81.66,75.19
2020,147,Lille,Moselle,Hors EP,CM1,Mathématiques,24,24,-24.8,0,77.39,69.36
2020,147,Lille,Moselle,Hors EP,CM2,Français,25,24,-24.8,0,79.46,68.03
2020,147,Lille,Moselle,Hors EP,CM2,Mathématiques,27,24,-24.8,0,75.75,62.87
2020,147,Lille,Moselle,Hors EP,6e,Français,23,24,-24.8,0,88.1,77.05
2020,147,Lille,Moselle,Hors EP,6e,Mathématiques,24,24,-24.8,0,77.73,74.11
2020,148,Bordeaux,Nord,Hors EP,CP,Français,18,19,-2.51,0,79.02,77.0
2020,148,Bordeaux,Nord,Hors EP,CP,Mathématiques,21,19,-2.51,0,69.28,55.23
2020,148,Bordeaux,Nord,Hors EP,CE1,Français,13,19,-2.51,0,81.85,77.37
2020,148,Bordeaux,Nord,Hors EP,CE1,Mathématiques,16,19,-2.51,0,73.69,62.32
2020,148,Bordeaux,Nord,Hors EP,CM1,Français,17,19,-2.51,0,88.74,76.43
2020,148,Bordeaux,Nord,Hors EP,CM1,Mathématiques,17,19,-2.51,0,92.86,70.97
2020,148,Bordeaux,Nord,Hors EP,CM2,Français,19,19,-2.51,0,83.28,70.84
2020,148,Bordeaux,Nord,Hors EP,CM2,Mathématiques,18,19,-2.51,0,89.7,74.69
2020,148,Bordeaux,Nord,Hors EP,6e,Français,17,19,-2.51,0,92.64,72.6
2020,148,Bordeaux,Nord,Hors EP,6e,Mathématiques,20,19,-2.51,0,90.37,78.62
2020,149,Nantes,Paris,Hors EP,CP,Français,27,27,12.26,0,69.25,68.85
2020,149,Nantes,Paris,Hors EP,CP,Mathématiques,22,27,12.26,0,68.17,67.33
2020,149,Nantes,Paris,Hors EP,CE1,Français,25,27,12.26,0,72.06,58.77
2020,149,Nantes,Paris,Hors EP,CE1,Mathématiques,22,27,12.26,0,69.99,71.22
2020,149,Nantes,Paris,Hors EP,CM1,Français,25,27,12.26,0,75.92,61.4
2020,149,Nantes,Paris,Hors EP,CM1,Mathématiques,21,27,12.26,0,77.46,66.84
2020,149,Nantes,Paris,Hors EP,CM2,Français,26,27,12.26,0,79.12,80.25
2020,149,Nantes,Paris,Hors EP,CM2,Mathématiques,21,27,12.26,0,78.63,76.91
2020,149,Nantes,Paris,Hors EP,6e,Français,26,27,12.26,0,87.65,76.51
2020,149,Nantes,Paris,Hors EP,6e,Mathématiques,24,27,12.26,0,87.89,68.28
2020,150,Paris,Puy-de-Dôme,Hors EP,CP,Français,20,25,22.26,0,70.76,64.51
2020,150,Paris,Puy-de-Dôme,Hors EP,CP,Mathématiques,22,25,22.26,0,72.98,51.99
2020,150,Paris,Puy-de-Dôme,Hors EP,CE1,Français,29,25,22.26,0,76.07,65.74
2020,150,Paris,Puy-de-Dôme,Hors EP,CE1,Mathématiques,19,25,22.26,0,81.41,72.84
2020,150,Paris,Puy-de-Dôme,Hors EP,CM1,Français,21,25,22.26,0,86.23,73.08
2020,150,Paris,Puy-de-Dôme,Hors EP,CM1,Mathématiques,22,25,22.26,0,83.54,73.52
2020,150,Paris,Puy-de-Dôme,Hors EP,CM2,Français,22,25,22.26,0,94.54,71.3
2020,150,Paris,Puy-de-Dôme,Hors EP,CM2,Mathématiques,19,25,22.26,0,88.09,71.25
2020,150,Paris,Puy-de-Dôme,Hors EP,6e,Français,20,25,22.26,0,100.0,82.26
2020,150,Paris,Puy-de-Dôme,Hors EP,6e,Mathématiques,16,25,22.26,0,91.97,77.83
2020,151,Lyon,Saône-et-Loire,Hors EP,CP,Français,23,27,-1.67,0,67.51,57.8
2020,151,Lyon,Saône-et-Loire,Hors EP,CP,Mathématiques,25,27,-1.67,0,67.81,63.13
2020,151,Lyon,Saône-et-Loire,Hors EP,CE1,Français,28,27,-1.67,0,67.27,68.29
2020,151,Lyon,Saône-et-Loire,Hors EP,CE1,Mathématiques,28,27,-1.67,0,66.51,63.24
2020,151,Lyon,Saône-et-Loire,Hors EP,CM1,Français,24,27,-1.67,0,69.11,58.96
2020,151,Lyon,Saône-et-Loire,Hors EP,CM1,Mathématiques,28,27,-1.67,0,72.36,63.52
2020,151,Lyon,Saône-et-Loire,Hors EP,CM2,Français,24,27,-1.67,0,74.8,72.99
2020,151,Lyon,Saône-et-Loire,Hors EP,CM2,Mathématiques,25,27,-1.67,0,77.77,64.52
2020,151,Lyon,Saône-et-Loire,Hors EP,6e,Français,29,27,-1.67,0,88.07,70.05
2020,151,Lyon,Saône-et-Loire,Hors EP,6e,Mathématiques,29,27,-1.67,0,80.45,66.65
2020,152,Lille,Ain,Hors EP,CP,Français,21,22,9.31,0,75.4,67.7
2020,152,Lille,Ain,Hors EP,CP,Mathématiques,23,22,9.31,0,58.61,50.52
2020,152,Lille,Ain,Hors EP,CE1,Français,23,22,9.31,0,69.08,63.84
2020,152,Lille,Ain,Hors EP,CE1,Mathématiques,19,22,9.31,0,75.49,74.38
2020,152,Lille,Ain,Hors EP,CM1,Français,24,22,9.31,0,71.59,67.92
2020,152,Lille,Ain,Hors EP,CM1,Mathématiques,27,22,9.31,0,86.8,76.4
2020,152,Lille,Ain,Hors EP,CM2,Français,19,22,9.31,0,91.37,85.11
2020,152,Lille,Ain,Hors EP,CM2,Mathématiques,22,22,9.31,0,88.41,70.92
2020,152,Lille,Ain,Hors EP,6e,Français,23,22,9.31,0,79.61,64.39
2020,152,Lille,Ain,Hors EP,6e,Mathématiques,22,22,9.31,0,87.08,67.71
2020,153,Bordeaux,Bas-Rhin,Hors EP,CP,Français,27,24,0.73,0,64.64,65.75
2020,153,Bordeaux,Bas-Rhin,Hors EP,CP,Mathématiques,23,24,0.73,0,75.46,71.88
2020,153,Bordeaux,Bas-Rhin,Hors EP,CE1,Français,24,24,0.73,0,71.59,64.71
2020,153,Bordeaux,Bas-Rhin,Hors EP,CE1,Mathématiques,26,24,0.73,0,73.01,57.95
2020,153,Bordeaux,Bas-Rhin,Hors EP,CM1,Français,26,24,0.73,0,67.56,60.06
2020,153,Bordeaux,Bas-Rhin,Hors EP,CM1,Mathématiques,29,24,0.73,0,65.01,51.21
2020,153,Bordeaux,Bas-Rhin,Hors EP,CM2,Français,26,24,0.73,0,88.33,76.69
2020,153,Bordeaux,Bas-Rhin,Hors EP,CM2,Mathématiques,20,24,0.73,0,76.91,67.79
2020,153,Bordeaux,Bas-Rhin,Hors EP,6e,Français,22,24,0.73,0,91.3,78.07
2020,153,Bordeaux,Bas-Rhin,Hors EP,6e,Mathématiques,24,24,0.73,0,94.05,81.91
2020,154,Nantes,Bouches-du-Rhône,Hors EP,CP,Français,26,31,-2.33,0,69.78,59.2
2020,154,Nantes,Bouches-du-Rhône,Hors EP,CP,Mathématiques,31,31,-2.33,0,55.86,54.06
2020,154,Nantes,Bouches-du-Rhône,Hors EP,CE1,Français,26,31,-2.33,0,68.69,72.57
2020,154,Nantes,Bouches-du-Rhône,Hors EP,CE1,Mathématiques,26,31,-2.33,0,66.35,56.8
2020,154,Nantes,Bouches-du-Rhône,Hors EP,CM1,Français,27,31,-2.33,0,75.36,60.65
2020,154,Nantes,Bouches-du-Rhône,Hors EP,CM1,Mathématiques,26,31,-2.33,0,76.46,72.13
2020,154,Nantes,Bouches-du-Rhône,Hors EP,CM2,Français,27,31,-2.33,0,81.09,68.33
2020,154,Nantes,Bouches-du-Rhône,Hors EP,CM2,Mathématiques,26,31,-2.33,0,74.58,57.93
2020,154,Nantes,Bouches-du-Rhône,Hors EP,6e,Français,25,31,-2.33,0,91.69,75.23
2020,154,Nantes,Bouches-du-Rhône,Hors EP,6e,Mathématiques,26,31,-2.33,0,82.08,77.03
2020,155,Paris,Gironde,Hors EP,CP,Français,25,24,3.32,0,68.6,62.87
2020,155,Paris,Gironde,Hors EP,CP,Mathématiques,25,24,3.32,0,68.87,61.68
2020,155,Paris,Gironde,Hors EP,CE1,Français,29,24,3.32,0,68.9,53.33
2020,155,Paris,Gironde,Hors EP,CE1,Mathématiques,27,24,3.32,0,69.26,62.26
2020,155,Paris,Gironde,Hors EP,CM1,Français,24,24,3.32,0,69.68,52.65
2020,155,Paris,Gironde,Hors EP,CM1,Mathématiques,29,24,3.32,0,69.06,66.79
2020,155,Paris,Gironde,Hors EP,CM2,Français,21,24,3.32,0,82.19,74.28
2020,155,Paris,Gironde,Hors EP,CM2,Mathématiques,25,24,3.32,0,82.72,71.18
2020,155,Paris,Gironde,Hors EP,6e,Français,24,24,3.32,0,86.14,67.6
2020,155,Paris,Gironde,Hors EP,6e,Mathématiques,29,24,3.32,0,88.75,70.16
2020,156,Lyon,Hérault,Hors EP,CP,Français,24,23,-2.18,0,68.32,60.88
2020,156,Lyon,Hérault,Hors EP,CP,Mathématiques,29,23,-2.18,0,58.67,63.1
2020,156,Lyon,Hérault,Hors EP,CE1,Français,27,23,-2.18,0,72.11,54.4
2020,156,Lyon,Hérault,Hors EP,CE1,Mathématiques,23,23,-2.18,0,68.12,61.42
2020,156,Lyon,Hérault,Hors EP,CM1,Français,20,23,-2.18,0,85.54,78.09
2020,156,Lyon,Hérault,Hors EP,CM1,Mathématiques,26,23,-2.18,0,72.02,58.68
2020,156,Lyon,Hérault,Hors EP,CM2,Français,24,23,-2.18,0,91.44,77.53
2020,156,Lyon,Hérault,Hors EP,CM2,Mathématiques,24,23,-2.18,0,79.48,66.53
2020,156,Lyon,Hérault,Hors EP,6e,Français,25,23,-2.18,0,87.16,76.29
2020,156,Lyon,Hérault,Hors EP,6e,Mathématiques,24,23,-2.18,0,87.1,77.02
2020,157,Lille,Loire,REP,CP,Français,16,17,-0.22,1,70.26,67.32
2020,157,Lille,Loire,REP,CP,Mathématiques,20,17,-0.22,0,61.73,50.4
2020,157,Lille,Loire,REP,CE1,Français,14,17,-0.22,1,71.87,64.27
2020,157,Lille,Loire,REP,CE1,Mathématiques,16,17,-0.22,1,67.69,59.5
2020,157,Lille,Loire,REP,CM1,Français,18,17,-0.22,1,73.19,76.49
2020,157,Lille,Loire,REP,CM1,Mathématiques,17,17,-0.22,1,80.9,67.11
2020,157,Lille,Loire,REP,CM2,Français,18,17,-0.22,1,84.62,76.83
2020,157,Lille,Loire,REP,CM2,Mathématiques,17,17,-0.22,1,88.16,67.49
2020,157,Lille,Loire,REP,6e,Français,19,17,-0.22,0,79.81,64.18
2020,157,Lille,Loire,REP,6e,Mathématiques,22,17,-0.22,0,81.89,60.32
2020,158,Bordeaux,Maine-et-Loire,REP,CP,Français,25,23,18.19,0,57.28,65.33
2020,158,Bordeaux,Maine-et-Loire,REP,CP,Mathématiques,24,23,18.19,0,52.4,47.87
2020,158,Bordeaux,Maine-et-Loire,REP,CE1,Français,25,23,18.19,0,56.51,51.38
2020,158,Bordeaux,Maine-et-Loire,REP,CE1,Mathématiques,21,23,18.19,0,62.28,56.39
2020,158,Bordeaux,Maine-et-Loire,REP,CM1,Français,19,23,18.19,0,76.71,65.14
2020,158,Bordeaux,Maine-et-Loire,REP,CM1,Mathématiques,27,23,18.19,0,62.65,63.94
2020,158,Bordeaux,Maine-et-Loire,REP,CM2,Français,24,23,18.19,0,77.9,70.82
2020,158,Bordeaux,Maine-et-Loire,REP,CM2,Mathématiques,23,23,18.19,0,74.8,78.3
2020,158,Bordeaux,Maine-et-Loire,REP,6e,Français,21,23,18.19,0,83.26,71.59
2020,158,Bordeaux,Maine-et-Loire,REP,6e,Mathématiques,23,23,18.19,0,75.07,55.26
2020,159,Nantes,Moselle,Hors EP,CP,Français,27,32,11.05,0,66.56,64.79
2020,159,Nantes,Moselle,Hors EP,CP,Mathématiques,29,32,11.05,0,64.52,63.95
2020,159,Nantes,Moselle,Hors EP,CE1,Français,28,32,11.05,0,63.13,56.03
2020,159,Nantes,Moselle,Hors EP,CE1,Mathématiques,22,32,11.05,0,75.88,71.08
2020,159,Nantes,Moselle,Hors EP,CM1,Français,29,32,11.05,0,77.83,72.76
2020,159,Nantes,Moselle,Hors EP,CM1,Mathématiques,23,32,11.05,0,77.54,60.65
2020,159,Nantes,Moselle,Hors EP,CM2,Français,26,32,11.05,0,90.6,82.07
2020,159,Nantes,Moselle,Hors EP,CM2,Mathématiques,29,32,11.05,0,76.81,62.26
2020,159,Nantes,Moselle,Hors EP,6e,Français,27,32,11.05,0,92.42,79.9
2020,159,Nantes,Moselle,Hors EP,6e,Mathématiques,23,32,11.05,0,88.5,65.61
2020,160,Paris,Nord,REP,CP,Français,19,19,9.82,0,61.52,67.79
2020,160,Paris,Nord,REP,CP,Mathématiques,20,19,9.82,0,53.68,54.1
2020,160,Paris,Nord,REP,CE1,Français,17,19,9.82,1,80.08,70.86
2020,160,Paris,Nord,REP,CE1,Mathématiques,19,19,9.82,0,54.99,52.7
2020,160,Paris,Nord,REP,CM1,Français,18,19,9.82,1,75.77,65.42
2020,160,Paris,Nord,REP,CM1,Mathématiques,19,19,9.82,0,67.46,53.81
2020,160,Paris,Nord,REP,CM2,Français,17,19,9.82,1,83.27,72.59
2020,160,Paris,Nord,REP,CM2,Mathématiques,18,19,9.82,1,80.53,67.5
2020,160,Paris,Nord,REP,6e,Français,18,19,9.82,1,94.71,80.8
2020,160,Paris,Nord,REP,6e,Mathématiques,22,19,9.82,0,79.88,76.8
2020,161,Lyon,Paris,REP,CP,Français,28,30,7.77,0,58.43,50.88
2020,161,Lyon,Paris,REP,CP,Mathématiques,27,30,7.77,0,50.37,58.49
2020,161,Lyon,Paris,REP,CE1,Français,22,30,7.77,0,58.07,45.43
2020,161,Lyon,Paris,REP,CE1,Mathématiques,25,30,7.77,0,66.02,59.67
2020,161,Lyon,Paris,REP,CM1,Français,25,30,7.77,0,67.31,60.19
2020,161,Lyon,Paris,REP,CM1,Mathématiques,26,30,7.77,0,62.7,53.41
2020,161,Lyon,Paris,REP,CM2,Français,25,30,7.77,0,73.17,69.4
2020,161,Lyon,Paris,REP,CM2,Mathématiques,28,30,7.77,0,65.64,61.42
2020,161,Lyon,Paris,REP,6e,Français,27,30,7.77,0,70.36,59.66
2020,161,Lyon,Paris,REP,6e,Mathématiques,25,30,7.77,0,66.09,61.98
2020,162,Lille,Puy-de-Dôme,Hors EP,CP,Français,19,22,-7.55,0,81.64,65.51
2020,162,Lille,Puy-de-Dôme,Hors EP,CP,Mathématiques,19,22,-7.55,0,70.36,64.19
2020,162,Lille,Puy-de-Dôme,Hors EP,CE1,Français,24,22,-7.55,0,80.9,66.13
2020,162,Lille,Puy-de-Dôme,Hors EP,CE1,Mathématiques,21,22,-7.55,0,78.83,73.3
2020,162,Lille,Puy-de-Dôme,Hors EP,CM1,Français,24,22,-7.55,0,75.24,71.79
2020,162,Lille,Puy-de-Dôme,Hors EP,CM1,Mathématiques,24,22,-7.55,0,75.75,63.58
2020,162,Lille,Puy-de-Dôme,Hors EP,CM2,Français,22,22,-7.55,0,92.11,72.17
2020,162,Lille,Puy-de-Dôme,Hors EP,CM2,Mathématiques,20,22,-7.55,0,80.67,67.8
2020,162,Lille,Puy-de-Dôme,Hors EP,6e,Français,22,22,-7.55,0,94.01,81.23
2020,162,Lille,Puy-de-Dôme,Hors EP,6e,Mathématiques,22,22,-7.55,0,87.94,77.92
2020,163,Bordeaux,Saône-et-Loire,Hors EP,CP,Français,28,31,-5.32,0,64.22,61.11
2020,163,Bordeaux,Saône-et-Loire,Hors EP,CP,Mathématiques,27,31,-5.32,0,61.16,64.23
2020,163,Bordeaux,Saône-et-Loire,Hors EP,CE1,Français,29,31,-5.32,0,69.02,65.4
2020,163,Bordeaux,Saône-et-Loire,Hors EP,CE1,Mathématiques,25,31,-5.32,0,78.05,62.63
2020,163,Bordeaux,Saône-et-Loire,Hors EP,CM1,Français,27,31,-5.32,0,74.17,63.82
2020,163,Bordeaux,Saône-et-Loire,Hors EP,CM1,Mathématiques,26,31,-5.32,0,69.89,68.47
2020,163,Bordeaux,Saône-et-Loire,Hors EP,CM2,Français,24,31,-5.32,0,87.59,77.8
2020,163,Bordeaux,Saône-et-Loire,Hors EP,CM2,Mathématiques,26,31,-5.32,0,80.76,69.13
2020,163,Bordeaux,Saône-et-Loire,Hors EP,6e,Français,24,31,-5.32,0,83.25,74.89
2020,163,Bordeaux,Saône-et-Loire,Hors EP,6e,Mathématiques,29,31,-5.32,0,81.75,68.63
2020,164,Nantes,Ain,REP,CP,Français,20,18,0.74,0,58.79,63.82
2020,164,Nantes,Ain,REP,CP,Mathématiques,16,18,0.74,1,63.31,58.72
2020,164,Nantes,Ain,REP,CE1,Français,20,18,0.74,0,53.93,54.69
2020,164,Nantes,Ain,REP,CE1,Mathématiques,20,18,0.74,0,49.95,48.38
2020,164,Nantes,Ain,REP,CM1,Français,17,18,0.74,1,77.25,60.84
2020,164,Nantes,Ain,REP,CM1,Mathématiques,20,18,0.74,0,73.42,66.25
2020,164,Nantes,Ain,REP,CM2,Français,14,18,0.74,1,85.57,72.22
2020,164,Nantes,Ain,REP,CM2,Mathématiques,16,18,0.74,1,82.88,75.76
2020,164,Nantes,Ain,REP,6e,Français,17,18,0.74,1,81.89,60.63
2020,164,Nantes,Ain,REP,6e,Mathématiques,17,18,0.74,1,85.59,70.62
2020,165,Paris,Bas-Rhin,REP,CP,Français,24,22,2.4,0,52.13,44.98
2020,165,Paris,Bas-Rhin,REP,CP,Mathématiques,21,22,2.4,0,52.13,40.19
2020,165,Paris,Bas-Rhin,REP,CE1,Français,21,22,2.4,0,66.76,64.4
2020,165,Paris,Bas-Rhin,REP,CE1,Mathématiques,23,22,2.4,0,57.58,61.4
2020,165,Paris,Bas-Rhin,REP,CM1,Français,19,22,2.4,0,65.25,64.99
2020,165,Paris,Bas-Rhin,REP,CM1,Mathématiques,22,22,2.4,0,60.87,59.15
2020,165,Paris,Bas-Rhin,REP,CM2,Français,21,22,2.4,0,69.02,57.61
2020,165,Paris,Bas-Rhin,REP,CM2,Mathématiques,23,22,2.4,0,68.91,69.44
2020,165,Paris,Bas-Rhin,REP,6e,Français,21,22,2.4,0,76.41,74.15
2020,165,Paris,Bas-Rhin,REP,6e,Mathématiques,24,22,2.4,0,72.74,56.66
2020,166,Lyon,Bouches-du-Rhône,Hors EP,CP,Français,25,21,-6.1,0,60.1,50.06
2020,166,Lyon,Bouches-du-Rhône,Hors EP,CP,Mathématiques,22,21,-6.1,0,69.21,49.13
2020,166,Lyon,Bouches-du-Rhône,Hors EP,CE1,Français,17,21,-6.1,0,76.28,73.65
2020,166,Lyon,Bouches-du-Rhône,Hors EP,CE1,Mathématiques,26,21,-6.1,0,65.4,58.62
2020,166,Lyon,Bouches-du-Rhône,Hors EP,CM1,Français,19,21,-6.1,0,85.42,80.73
2020,166,Lyon,Bouches-du-Rhône,Hors EP,CM1,Mathématiques,24,21,-6.1,0,74.94,61.76
2020,166,Lyon,Bouches-du-Rhône,Hors EP,CM2,Français,21,21,-6.1,0,91.98,75.54
2020,166,Lyon,Bouches-du-Rhône,Hors EP,CM2,Mathématiques,16,21,-6.1,0,83.85,70.62
2020,166,Lyon,Bouches-du-Rhône,Hors EP,6e,Français,16,21,-6.1,0,94.51,81.8
2020,166,Lyon,Bouches-du-Rhône,Hors EP,6e,Mathématiques,26,21,-6.1,0,77.27,71.2
2020,167,Lille,Gironde,REP,CP,Français,22,26,-12.78,0,55.47,49.92
2020,167,Lille,Gironde,REP,CP,Mathématiques,25,26,-12.78,0,47.56,37.87
2020,167,Lille,Gironde,REP,CE1,Français,21,26,-12.78,0,62.13,58.96
2020,167,Lille,Gironde,REP,CE1,Mathématiques,23,26,-12.78,0,61.89,51.51
2020,167,Lille,Gironde,REP,CM1,Français,21,26,-12.78,0,72.92,54.75
2020,167,Lille,Gironde,REP,CM1,Mathématiques,22,26,-12.78,0,67.6,67.04
2020,167,Lille,Gironde,REP,CM2,Français,24,26,-12.78,0,71.35,58.31
2020,167,Lille,Gironde,REP,CM2,Mathématiques,25,26,-12.78,0,58.97,49.39
2020,167,Lille,Gironde,REP,6e,Français,23,26,-12.78,0,71.95,64.96
2020,167,Lille,Gironde,REP,6e,Mathématiques,23,26,-12.78,0,79.17,71.0
2020,168,Bordeaux,Hérault,REP,CP,Français,22,23,10.96,0,59.72,46.7
2020,168,Bordeaux,Hérault,REP,CP,Mathématiques,16,23,10.96,1,60.76,65.04
2020,168,Bordeaux,Hérault,REP,CE1,Français,19,23,10.96,0,67.91,57.97
2020,168,Bordeaux,Hérault,REP,CE1,Mathématiques,21,23,10.96,0,59.61,63.76
2020,168,Bordeaux,Hérault,REP,CM1,Français,23,23,10.96,0,68.75,68.23
2020,168,Bordeaux,Hérault,REP,CM1,Mathématiques,20,23,10.96,0,71.52,68.14
2020,168,Bordeaux,Hérault,REP,CM2,Français,24,23,10.96,0,70.42,60.7
2020,168,Bordeaux,Hérault,REP,CM2,Mathématiques,20,23,10.96,0,68.08,56.71
2020,168,Bordeaux,Hérault,REP,6e,Français,23,23,10.96,0,75.99,68.83
2020,168,Bordeaux,Hérault,REP,6e,Mathématiques,23,23,10.96,0,69.25,56.64
2020,169,Nantes,Loire,Hors EP,CP,Français,18,22,20.35,0,85.75,74.75
2020,169,Nantes,Loire,Hors EP,CP,Mathématiques,24,22,20.35,0,72.15,67.15
2020,169,Nantes,Loire,Hors EP,CE1,Français,26,22,20.35,0,68.57,60.85
2020,169,Nantes,Loire,Hors EP,CE1,Mathématiques,20,22,20.35,0,68.21,58.08
2020,169,Nantes,Loire,Hors EP,CM1,Français,27,22,20.35,0,77.76,77.8
2020,169,Nantes,Loire,Hors EP,CM1,Mathématiques,27,22,20.35,0,89.02,85.06
2020,169,Nantes,Loire,Hors EP,CM2,Français,28,22,20.35,0,84.11,73.33
2020,169,Nantes,Loire,Hors EP,CM2,Mathématiques,23,22,20.35,0,84.14,72.96
2020,169,Nantes,Loire,Hors EP,6e,Français,24,22,20.35,0,89.15,68.73
2020,169,Nantes,Loire,Hors EP,6e,Mathématiques,23,22,20.35,0,86.02,70.55
2020,170,Paris,Maine-et-Loire,Hors EP,CP,Français,26,21,-2.0,0,67.69,60.58
2020,170,Paris,Maine-et-Loire,Hors EP,CP,Mathématiques,23,21,-2.0,0,60.65,57.93
2020,170,Paris,Maine-et-Loire,Hors EP,CE1,Français,25,21,-2.0,0,76.12,60.0
2020,170,Paris,Maine-et-Loire,Hors EP,CE1,Mathématiques,19,21,-2.0,0,71.64,70.64
2020,170,Paris,Maine-et-Loire,Hors EP,CM1,Français,24,21,-2.0,0,75.07,58.79
2020,170,Paris,Maine-et-Loire,Hors EP,CM1,Mathématiques,21,21,-2.0,0,74.88,70.6
2020,170,Paris,Maine-et-Loire,Hors EP,CM2,Français,26,21,-2.0,0,77.04,71.15
2020,170,Paris,Maine-et-Loire,Hors EP,CM2,Mathématiques,25,21,-2.0,0,74.35,65.14
2020,170,Paris,Maine-et-Loire,Hors EP,6e,Français,24,21,-2.0,0,89.29,67.17
2020,170,Paris,Maine-et-Loire,Hors EP,6e,Mathématiques,23,21,-2.0,0,89.32,83.64
2020,171,Lyon,Moselle,Hors EP,CP,Français,22,23,3.49,0,73.74,59.52
2020,171,Lyon,Moselle,Hors EP,CP,Mathématiques,23,23,3.49,0,63.78,57.65
2020,171,Lyon,Moselle,Hors EP,CE1,Français,26,23,3.49,0,65.13,57.89
2020,171,Lyon,Moselle,Hors EP,CE1,Mathématiques,19,23,3.49,0,75.41,71.52
2020,171,Lyon,Moselle,Hors EP,CM1,Français,22,23,3.49,0,80.49,76.38
2020,171,Lyon,Moselle,Hors EP,CM1,Mathématiques,23,23,3.49,0,80.81,73.53
2020,171,Lyon,Moselle,Hors EP,CM2,Français,15,23,3.49,0,89.27,70.32
2020,171,Lyon,Moselle,Hors EP,CM2,Mathématiques,20,23,3.49,0,91.45,75.32
2020,171,Lyon,Moselle,Hors EP,6e,Français,27,23,3.49,0,80.18,64.11
2020,171,Lyon,Moselle,Hors EP,6e,Mathématiques,24,23,3.49,0,84.68,74.12
2020,172,Lille,Nord,REP+,CP,Français,19,20,2.15,0,58.82,53.99
2020,172,Lille,Nord,REP+,CP,Mathématiques,16,20,2.15,1,56.11,60.5
2020,172,Lille,Nord,REP+,CE1,Français,19,20,2.15,0,47.01,37.25
2020,172,Lille,Nord,REP+,CE1,Mathématiques,15,20,2.15,1,63.49,58.01
2020,172,Lille,Nord,REP+,CM1,Français,18,20,2.15,1,70.67,70.04
2020,172,Lille,Nord,REP+,CM1,Mathématiques,19,20,2.15,0,58.91,60.78
2020,172,Lille,Nord,REP+,CM2,Français,13,20,2.15,1,76.08,67.42
2020,172,Lille,Nord,REP+,CM2,Mathématiques,19,20,2.15,0,55.84,51.67
2020,172,Lille,Nord,REP+,6e,Français,18,20,2.15,1,83.61,77.78
2020,172,Lille,Nord,REP+,6e,Mathématiques,19,20,2.15,0,68.28,64.81
2020,173,Bordeaux,Paris,Hors EP,CP,Français,25,24,-0.54,0,72.16,67.63
2020,173,Bordeaux,Paris,Hors EP,CP,Mathématiques,27,24,-0.54,0,73.51,68.5
2020,173,Bordeaux,Paris,Hors EP,CE1,Français,23,24,-0.54,0,75.94,68.98
2020,173,Bordeaux,Paris,Hors EP,CE1,Mathématiques,26,24,-0.54,0,74.66,57.35
2020,173,Bordeaux,Paris,Hors EP,CM1,Français,28,24,-0.54,0,83.46,74.59
2020,173,Bordeaux,Paris,Hors EP,CM1,Mathématiques,25,24,-0.54,0,73.75,65.18
2020,173,Bordeaux,Paris,Hors EP,CM2,Français,26,24,-0.54,0,84.79,76.26
2020,173,Bordeaux,Paris,Hors EP,CM2,Mathématiques,26,24,-0.54,0,82.98,75.36
2020,173,Bordeaux,Paris,Hors EP,6e,Français,21,24,-0.54,0,95.18,89.02
2020,173,Bordeaux,Paris,Hors EP,6e,Mathématiques,24,24,-0.54,0,92.48,73.3
2020,174,Nantes,Puy-de-Dôme,REP,CP,Français,18,20,19.69,1,76.83,75.5
2020,174,Nantes,Puy-de-Dôme,REP,CP,Mathématiques,18,20,19.69,1,69.15,65.69
2020,174,Nantes,Puy-de-Dôme,REP,CE1,Français,16,20,19.69,1,76.06,77.43
2020,174,Nantes,Puy-de-Dôme,REP,CE1,Mathématiques,17,20,19.69,1,76.4,69.57
2020,174,Nantes,Puy-de-Dôme,REP,CM1,Français,18,20,19.69,1,82.56,79.9
2020,174,Nantes,Puy-de-Dôme,REP,CM1,Mathématiques,19,20,19.69,0,71.86,71.87
2020,174,Nantes,Puy-de-Dôme,REP,CM2,Français,17,20,19.69,1,81.85,79.5
2020,174,Nantes,Puy-de-Dôme,REP,CM2,Mathématiques,18,20,19.69,1,87.58,70.75
2020,174,Nantes,Puy-de-Dôme,REP,6e,Français,19,20,19.69,0,76.73,67.49
2020,174,Nantes,Puy-de-Dôme,REP,6e,Mathématiques,16,20,19.69,1,84.61,71.02
2020,175,Paris,Saône-et-Loire,Hors EP,CP,Français,18,19,4.17,0,77.17,63.08
2020,175,Paris,Saône-et-Loire,Hors EP,CP,Mathématiques,23,19,4.17,0,66.68,58.72
2020,175,Paris,Saône-et-Loire,Hors EP,CE1,Français,21,19,4.17,0,87.52,70.72
2020,175,Paris,Saône-et-Loire,Hors EP,CE1,Mathématiques,22,19,4.17,0,75.62,61.61
2020,175,Paris,Saône-et-Loire,Hors EP,CM1,Français,17,19,4.17,0,82.0,74.55
2020,175,Paris,Saône-et-Loire,Hors EP,CM1,Mathématiques,20,19,4.17,0,78.86,73.18
2020,175,Paris,Saône-et-Loire,Hors EP,CM2,Français,19,19,4.17,0,88.4,67.54
2020,175,Paris,Saône-et-Loire,Hors EP,CM2,Mathématiques,22,19,4.17,0,84.13,76.19
2020,175,Paris,Saône-et-Loire,Hors EP,6e,Français,18,19,4.17,0,93.84,72.42
2020,175,Paris,Saône-et-Loire,Hors EP,6e,Mathématiques,20,19,4.17,0,96.57,79.06
2020,176,Lyon,Ain,Hors EP,CP,Français,24,25,-15.55,0,60.43,57.65
2020,176,Lyon,Ain,Hors EP,CP,Mathématiques,22,25,-15.55,0,63.34,59.21
2020,176,Lyon,Ain,Hors EP,CE1,Français,20,25,-15.55,0,78.32,64.76
2020,176,Lyon,Ain,Hors EP,CE1,Mathématiques,21,25,-15.55,0,68.36,64.93
2020,176,Lyon,Ain,Hors EP,CM1,Français,23,25,-15.55,0,66.04,61.18
2020,176,Lyon,Ain,Hors EP,CM1,Mathématiques,18,25,-15.55,0,77.8,67.36
2020,176,Lyon,Ain,Hors EP,CM2,Français,21,25,-15.55,0,86.89,77.68
2020,176,Lyon,Ain,Hors EP,CM2,Mathématiques,20,25,-15.55,0,78.89,68.47
2020,176,Lyon,Ain,Hors EP,6e,Français,18,25,-15.55,0,90.19,83.07
2020,176,Lyon,Ain,Hors EP,6e,Mathématiques,18,25,-15.55,0,87.8,71.74
2020,177,Lille,Bas-Rhin,Hors EP,CP,Français,22,24,-12.37,0,70.33,58.4
2020,177,Lille,Bas-Rhin,Hors EP,CP,Mathématiques,24,24,-12.37,0,65.54,63.82
2020,177,Lille,Bas-Rhin,Hors EP,CE1,Français,21,24,-12.37,0,75.11,65.01
2020,177,Lille,Bas-Rhin,Hors EP,CE1,Mathématiques,26,24,-12.37,0,67.04,60.63
2020,177,Lille,Bas-Rhin,Hors EP,CM1,Français,21,24,-12.37,0,77.69,69.02
2020,177,Lille,Bas-Rhin,Hors EP,CM1,Mathématiques,24,24,-12.37,0,71.24,64.07
2020,177,Lille,Bas-Rhin,Hors EP,CM2,Français,22,24,-12.37,0,85.73,64.76
2020,177,Lille,Bas-Rhin,Hors EP,CM2,Mathématiques,20,24,-12.37,0,76.77,67.37
2020,177,Lille,Bas-Rhin,Hors EP,6e,Français,20,24,-12.37,0,88.68,69.33
2020,177,Lille,Bas-Rhin,Hors EP,6e,Mathématiques,21,24,-12.37,0,81.96,74.52
2020,178,Bordeaux,Bouches-du-Rhône,REP,CP,Français,19,22,-24.45,0,52.94,52.24
2020,178,Bordeaux,Bouches-du-Rhône,REP,CP,Mathématiques,22,22,-24.45,0,52.13,56.76
2020,178,Bordeaux,Bouches-du-Rhône,REP,CE1,Français,19,22,-24.45,0,57.62,59.37
2020,178,Bordeaux,Bouches-du-Rhône,REP,CE1,Mathématiques,20,22,-24.45,0,55.35,61.87
2020,178,Bordeaux,Bouches-du-Rhône,REP,CM1,Français,21,22,-24.45,0,63.71,54.89
2020,178,Bordeaux,Bouches-du-Rhône,REP,CM1,Mathématiques,23,22,-24.45,0,60.7,56.4
2020,178,Bordeaux,Bouches-du-Rhône,REP,CM2,Français,22,22,-24.45,0,72.63,67.14
2020,178,Bordeaux,Bouches-du-Rhône,REP,CM2,Mathématiques,22,22,-24.45,0,67.7,63.81
2020,178,Bordeaux,Bouches-du-Rhône,REP,6e,Français,18,22,-24.45,1,94.41,73.03
2020,178,Bordeaux,Bouches-du-Rhône,REP,6e,Mathématiques,21,22,-24.45,0,65.55,59.08
2020,179,Nantes,Gironde,Hors EP,CP,Français,24,28,-11.48,0,73.69,58.55
2020,179,Nantes,Gironde,Hors EP,CP,Mathématiques,22,28,-11.48,0,70.1,63.05
2020,179,Nantes,Gironde,Hors EP,CE1,Français,24,28,-11.48,0,76.02,62.73
2020,179,Nantes,Gironde,Hors EP,CE1,Mathématiques,23,28,-11.48,0,66.43,58.43
2020,179,Nantes,Gironde,Hors EP,CM1,Français,27,28,-11.48,0,67.07,54.64
2020,179,Nantes,Gironde,Hors EP,CM1,Mathématiques,21,28,-11.48,0,83.43,68.66
2020,179,Nantes,Gironde,Hors EP,CM2,Français,23,28,-11.48,0,76.06,65.41
2020,179,Nantes,Gironde,Hors EP,CM2,Mathématiques,26,28,-11.48,0,78.76,68.02
2020,179,Nantes,Gironde,Hors EP,6e,Français,20,28,-11.48,0,89.55,76.63
2020,179,Nantes,Gironde,Hors EP,6e,Mathématiques,22,28,-11.48,0,89.17,80.06
2020,180,Paris,Hérault,Hors EP,CP,Français,31,30,13.77,0,59.23,59.12
2020,180,Paris,Hérault,Hors EP,CP,Mathématiques,29,30,13.77,0,58.58,51.96
2020,180,Paris,Hérault,Hors EP,CE1,Français,25,30,13.77,0,72.95,62.83
2020,180,Paris,Hérault,Hors EP,CE1,Mathématiques,26,30,13.77,0,73.42,55.45
2020,180,Paris,Hérault,Hors EP,CM1,Français,24,30,13.77,0,83.47,74.52
2020,180,Paris,Hérault,Hors EP,CM1,Mathématiques,23,30,13.77,0,80.87,76.63
2020,180,Paris,Hérault,Hors EP,CM2,Français,26,30,13.77,0,79.12,73.17
2020,180,Paris,Hérault,Hors EP,CM2,Mathématiques,30,30,13.77,0,73.06,64.88
2020,180,Paris,Hérault,Hors EP,6e,Français,29,30,13.77,0,86.47,65.06
2020,180,Paris,Hérault,Hors EP,6e,Mathématiques,27,30,13.77,0,80.35,63.28
2021,1,Lille,Maine-et-Loire,Hors EP,CP,Français,29,26,4.0,0,66.61,61.78
2021,1,Lille,Maine-et-Loire,Hors EP,CP,Mathématiques,29,26,4.0,0,63.5,54.38
2021,1,Lille,Maine-et-Loire,Hors EP,CE1,Français,26,26,4.0,0,72.11,63.4
2021,1,Lille,Maine-et-Loire,Hors EP,CE1,Mathématiques,29,26,4.0,0,71.84,65.57
2021,1,Lille,Maine-et-Loire,Hors EP,CM1,Français,26,26,4.0,0,68.76,57.92
2021,1,Lille,Maine-et-Loire,Hors EP,CM1,Mathématiques,25,26,4.0,0,73.19,65.98
2021,1,Lille,Maine-et-Loire,Hors EP,CM2,Français,28,26,4.0,0,90.14,78.71
2021,1,Lille,Maine-et-Loire,Hors EP,CM2,Mathématiques,33,26,4.0,0,77.5,73.13
2021,1,Lille,Maine-et-Loire,Hors EP,6e,Français,27,26,4.0,0,82.84,69.09
2021,1,Lille,Maine-et-Loire,Hors EP,6e,Mathématiques,28,26,4.0,0,80.95,65.04
2021,2,Bordeaux,Moselle,Hors EP,CP,Français,20,23,-13.47,0,67.43,59.71
2021,2,Bordeaux,Moselle,Hors EP,CP,Mathématiques,23,23,-13.47,0,68.77,58.46
2021,2,Bordeaux,Moselle,Hors EP,CE1,Français,18,23,-13.47,0,75.09,69.34
2021,2,Bordeaux,Moselle,Hors EP,CE1,Mathématiques,23,23,-13.47,0,71.77,69.81
2021,2,Bordeaux,Moselle,Hors EP,CM1,Français,25,23,-13.47,0,75.21,73.58
2021,2,Bordeaux,Moselle,Hors EP,CM1,Mathématiques,20,23,-13.47,0,83.47,75.3
2021,2,Bordeaux,Moselle,Hors EP,CM2,Français,16,23,-13.47,0,84.34,66.24
2021,2,Bordeaux,Moselle,Hors EP,CM2,Mathématiques,17,23,-13.47,0,89.64,86.3
2021,2,Bordeaux,Moselle,Hors EP,6e,Français,20,23,-13.47,0,95.73,87.52
2021,2,Bordeaux,Moselle,Hors EP,6e,Mathématiques,22,23,-13.47,0,86.97,72.91
2021,3,Nantes,Nord,REP,CP,Français,23,21,5.13,0,50.25,53.66
2021,3,Nantes,Nord,REP,CP,Mathématiques,20,21,5.13,0,59.9,59.51
2021,3,Nantes,Nord,REP,CE1,Français,20,21,5.13,0,61.38,67.35
2021,3,Nantes,Nord,REP,CE1,Mathématiques,23,21,5.13,0,52.92,54.99
2021,3,Nantes,Nord,REP,CM1,Français,21,21,5.13,0,60.57,58.79
2021,3,Nantes,Nord,REP,CM1,Mathématiques,21,21,5.13,0,67.66,56.95
2021,3,Nantes,Nord,REP,CM2,Français,25,21,5.13,0,71.44,50.63
2021,3,Nantes,Nord,REP,CM2,Mathématiques,24,21,5.13,0,67.21,67.79
2021,3,Nantes,Nord,REP,6e,Français,24,21,5.13,0,79.92,65.79
2021,3,Nantes,Nord,REP,6e,Mathématiques,21,21,5.13,0,76.1,64.95
2021,4,Paris,Paris,REP+,CP,Français,19,19,-9.93,0,50.46,48.21
2021,4,Paris,Paris,REP+,CP,Mathématiques,20,19,-9.93,0,43.19,33.19
2021,4,Paris,Paris,REP+,CE1,Français,15,19,-9.93,1,66.2,58.77
2021,4,Paris,Paris,REP+,CE1,Mathématiques,13,19,-9.93,1,66.68,61.16
2021,4,Paris,Paris,REP+,CM1,Français,18,19,-9.93,1,73.0,58.15
2021,4,Paris,Paris,REP+,CM1,Mathématiques,18,19,-9.93,1,72.19,69.79
2021,4,Paris,Paris,REP+,CM2,Français,19,19,-9.93,0,68.52,52.9
2021,4,Paris,Paris,REP+,CM2,Mathématiques,17,19,-9.93,1,68.8,68.2
2021,4,Paris,Paris,REP+,6e,Français,20,19,-9.93,0,66.03,59.67
2021,4,Paris,Paris,REP+,6e,Mathématiques,18,19,-9.93,1,82.16,62.49
2021,5,Lyon,Puy-de-Dôme,REP+,CP,Français,18,20,1.9,1,68.09,58.19
2021,5,Lyon,Puy-de-Dôme,REP+,CP,Mathématiques,17,20,1.9,1,62.46,51.59
2021,5,Lyon,Puy-de-Dôme,REP+,CE1,Français,19,20,1.9,0,57.86,51.32
2021,5,Lyon,Puy-de-Dôme,REP+,CE1,Mathématiques,17,20,1.9,1,62.9,61.67
2021,5,Lyon,Puy-de-Dôme,REP+,CM1,Français,16,20,1.9,1,73.55,61.91
2021,5,Lyon,Puy-de-Dôme,REP+,CM1,Mathématiques,15,20,1.9,1,70.3,58.32
2021,5,Lyon,Puy-de-Dôme,REP+,CM2,Français,19,20,1.9,0,70.29,58.97
2021,5,Lyon,Puy-de-Dôme,REP+,CM2,Mathématiques,18,20,1.9,1,71.06,55.3
2021,5,Lyon,Puy-de-Dôme,REP+,6e,Français,16,20,1.9,1,82.3,73.57
2021,5,Lyon,Puy-de-Dôme,REP+,6e,Mathématiques,17,20,1.9,1,83.61,66.95
2021,6,Lille,Saône-et-Loire,Hors EP,CP,Français,26,27,-5.42,0,66.57,58.1
2021,6,Lille,Saône-et-Loire,Hors EP,CP,Mathématiques,31,27,-5.42,0,61.1,50.02
2021,6,Lille,Saône-et-Loire,Hors EP,CE1,Français,28,27,-5.42,0,69.65,66.06
2021,6,Lille,Saône-et-Loire,Hors EP,CE1,Mathématiques,34,27,-5.42,0,64.41,53.74
2021,6,Lille,Saône-et-Loire,Hors EP,CM1,Français,29,27,-5.42,0,75.56,63.79
2021,6,Lille,Saône-et-Loire,Hors EP,CM1,Mathématiques,30,27,-5.42,0,60.63,58.99
2021,6,Lille,Saône-et-Loire,Hors EP,CM2,Français,28,27,-5.42,0,80.16,76.83
2021,6,Lille,Saône-et-Loire,Hors EP,CM2,Mathématiques,26,27,-5.42,0,80.68,73.83
2021,6,Lille,Saône-et-Loire,Hors EP,6e,Français,29,27,-5.42,0,77.49,74.44
2021,6,Lille,Saône-et-Loire,Hors EP,6e,Mathématiques,28,27,-5.42,0,80.28,68.03
2021,7,Bordeaux,Ain,REP+,CP,Français,15,12,-7.17,1,63.77,66.49
2021,7,Bordeaux,Ain,REP+,CP,Mathématiques,12,12,-7.17,1,54.83,44.93
2021,7,Bordeaux,Ain,REP+,CE1,Français,18,12,-7.17,1,68.42,58.06
2021,7,Bordeaux,Ain,REP+,CE1,Mathématiques,17,12,-7.17,1,68.54,54.85
2021,7,Bordeaux,Ain,REP+,CM1,Français,12,12,-7.17,1,70.84,57.82
2021,7,Bordeaux,Ain,REP+,CM1,Mathématiques,13,12,-7.17,1,71.64,56.85
2021,7,Bordeaux,Ain,REP+,CM2,Français,14,12,-7.17,1,81.7,72.56
2021,7,Bordeaux,Ain,REP+,CM2,Mathématiques,13,12,-7.17,1,70.43,67.05
2021,7,Bordeaux,Ain,REP+,6e,Français,12,12,-7.17,1,82.53,71.25
2021,7,Bordeaux,Ain,REP+,6e,Mathématiques,16,12,-7.17,1,75.82,64.07
2021,8,Nantes,Bas-Rhin,REP,CP,Français,19,21,-10.34,0,61.58,51.36
2021,8,Nantes,Bas-Rhin,REP,CP,Mathématiques,18,21,-10.34,1,70.09,61.83
2021,8,Nantes,Bas-Rhin,REP,CE1,Français,23,21,-10.34,0,57.94,54.39
2021,8,Nantes,Bas-Rhin,REP,CE1,Mathématiques,21,21,-10.34,0,64.6,65.46
2021,8,Nantes,Bas-Rhin,REP,CM1,Français,24,21,-10.34,0,61.83,52.11
2021,8,Nantes,Bas-Rhin,REP,CM1,Mathématiques,23,21,-10.34,0,68.75,67.57
2021,8,Nantes,Bas-Rhin,REP,CM2,Français,21,21,-10.34,0,75.63,70.16
2021,8,Nantes,Bas-Rhin,REP,CM2,Mathématiques,21,21,-10.34,0,70.22,63.24
2021,8,Nantes,Bas-Rhin,REP,6e,Français,19,21,-10.34,0,76.07,63.22
2021,8,Nantes,Bas-Rhin,REP,6e,Mathématiques,17,21,-10.34,1,86.7,73.75
2021,9,Paris,Bouches-du-Rhône,Hors EP,CP,Français,26,26,17.02,0,63.7,62.97
2021,9,Paris,Bouches-du-Rhône,Hors EP,CP,Mathématiques,31,26,17.02,0,69.64,64.78
2021,9,Paris,Bouches-du-Rhône,Hors EP,CE1,Français,23,26,17.02,0,78.49,71.15
2021,9,Paris,Bouches-du-Rhône,Hors EP,CE1,Mathématiques,31,26,17.02,0,73.08,69.24
2021,9,Paris,Bouches-du-Rhône,Hors EP,CM1,Français,27,26,17.02,0,74.61,68.41
2021,9,Paris,Bouches-du-Rhône,Hors EP,CM1,Mathématiques,26,26,17.02,0,83.78,63.45
2021,9,Paris,Bouches-du-Rhône,Hors EP,CM2,Français,29,26,17.02,0,83.88,71.0
2021,9,Paris,Bouches-du-Rhône,Hors EP,CM2,Mathématiques,26,26,17.02,0,72.86,61.89
2021,9,Paris,Bouches-du-Rhône,Hors EP,6e,Français,27,26,17.02,0,94.25,75.17
2021,9,Paris,Bouches-du-Rhône,Hors EP,6e,Mathématiques,29,26,17.02,0,78.63,70.87
2021,10,Lyon,Gironde,Hors EP,CP,Français,28,33,-33.53,0,58.34,51.39
2021,10,Lyon,Gironde,Hors EP,CP,Mathématiques,29,33,-33.53,0,55.39,48.59
2021,10,Lyon,Gironde,Hors EP,CE1,Français,27,33,-33.53,0,70.87,69.2
2021,10,Lyon,Gironde,Hors EP,CE1,Mathématiques,29,33,-33.53,0,62.3,51.73
2021,10,Lyon,Gironde,Hors EP,CM1,Français,30,33,-33.53,0,71.51,62.53
2021,10,Lyon,Gironde,Hors EP,CM1,Mathématiques,31,33,-33.53,0,67.97,55.95
2021,10,Lyon,Gironde,Hors EP,CM2,Français,33,33,-33.53,0,71.84,72.23
2021,10,Lyon,Gironde,Hors EP,CM2,Mathématiques,31,33,-33.53,0,80.45,75.58
2021,10,Lyon,Gironde,Hors EP,6e,Français,31,33,-33.53,0,76.32,63.39
2021,10,Lyon,Gironde,Hors EP,6e,Mathématiques,31,33,-33.53,0,77.22,64.56
2021,11,Lille,Hérault,REP,CP,Français,22,22,-11.71,0,58.55,60.8
2021,11,Lille,Hérault,REP,CP,Mathématiques,22,22,-11.71,0,52.91,50.15
2021,11,Lille,Hérault,REP,CE1,Français,24,22,-11.71,0,57.19,57.63
2021,11,Lille,Hérault,REP,CE1,Mathématiques,19,22,-11.71,0,51.62,43.96
2021,11,Lille,Hérault,REP,CM1,Français,21,22,-11.71,0,70.35,64.88
2021,11,Lille,Hérault,REP,CM1,Mathématiques,23,22,-11.71,0,64.16,54.75
2021,11,Lille,Hérault,REP,CM2,Français,21,22,-11.71,0,72.96,61.73
2021,11,Lille,Hérault,REP,CM2,Mathématiques,21,22,-11.71,0,69.55,59.27
2021,11,Lille,Hérault,REP,6e,Français,20,22,-11.71,0,84.46,79.33
2021,11,Lille,Hérault,REP,6e,Mathématiques,20,22,-11.71,0,75.35,59.07
2021,12,Bordeaux,Loire,REP,CP,Français,23,22,-27.3,0,52.95,54.42
2021,12,Bordeaux,Loire,REP,CP,Mathématiques,22,22,-27.3,0,50.38,52.36
2021,12,Bordeaux,Loire,REP,CE1,Français,21,22,-27.3,0,56.74,54.55
2021,12,Bordeaux,Loire,REP,CE1,Mathématiques,26,22,-27.3,0,55.46,58.09
2021,12,Bordeaux,Loire,REP,CM1,Français,23,22,-27.3,0,70.25,54.07
2021,12,Bordeaux,Loire,REP,CM1,Mathématiques,28,22,-27.3,0,65.71,61.96
2021,12,Bordeaux,Loire,REP,CM2,Français,25,22,-27.3,0,66.55,59.21
2021,12,Bordeaux,Loire,REP,CM2,Mathématiques,21,22,-27.3,0,67.1,63.41
2021,12,Bordeaux,Loire,REP,6e,Français,24,22,-27.3,0,81.56,70.96
2021,12,Bordeaux,Loire,REP,6e,Mathématiques,19,22,-27.3,0,81.52,64.33
2021,13,Nantes,Maine-et-Loire,REP+,CP,Français,16,20,-17.35,1,53.56,54.53
2021,13,Nantes,Maine-et-Loire,REP+,CP,Mathématiques,21,20,-17.35,0,40.02,47.19
2021,13,Nantes,Maine-et-Loire,REP+,CE1,Français,20,20,-17.35,0,50.45,39.39
2021,13,Nantes,Maine-et-Loire,REP+,CE1,Mathématiques,15,20,-17.35,1,58.54,62.52
2021,13,Nantes,Maine-et-Loire,REP+,CM1,Français,18,20,-17.35,1,65.69,60.41
2021,13,Nantes,Maine-et-Loire,REP+,CM1,Mathématiques,15,20,-17.35,1,69.53,57.39
2021,13,Nantes,Maine-et-Loire,REP+,CM2,Français,16,20,-17.35,1,76.91,76.05
2021,13,Nantes,Maine-et-Loire,REP+,CM2,Mathématiques,23,20,-17.35,0,54.04,48.76
2021,13,Nantes,Maine-et-Loire,REP+,6e,Français,19,20,-17.35,0,75.58,55.57
2021,13,Nantes,Maine-et-Loire,REP+,6e,Mathématiques,18,20,-17.35,1,75.03,56.4
2021,14,Paris,Moselle,Hors EP,CP,Français,23,21,12.1,0,76.52,67.16
2021,14,Paris,Moselle,Hors EP,CP,Mathématiques,20,21,12.1,0,71.12,66.84
2021,14,Paris,Moselle,Hors EP,CE1,Français,25,21,12.1,0,73.79,60.53
2021,14,Paris,Moselle,Hors EP,CE1,Mathématiques,23,21,12.1,0,75.4,72.44
2021,14,Paris,Moselle,Hors EP,CM1,Français,20,21,12.1,0,81.95,74.5
2021,14,Paris,Moselle,Hors EP,CM1,Mathématiques,21,21,12.1,0,79.03,75.01
2021,14,Paris,Moselle,Hors EP,CM2,Français,19,21,12.1,0,100.0,79.94
2021,14,Paris,Moselle,Hors EP,CM2,Mathématiques,24,21,12.1,0,82.86,72.7
2021,14,Paris,Moselle,Hors EP,6e,Français,21,21,12.1,0,97.91,79.84
2021,14,Paris,Moselle,Hors EP,6e,Mathématiques,21,21,12.1,0,99.21,82.61
2021,15,Lyon,Nord,Hors EP,CP,Français,25,23,-6.62,0,70.0,63.31
2021,15,Lyon,Nord,Hors EP,CP,Mathématiques,20,23,-6.62,0,79.68,58.22
2021,15,Lyon,Nord,Hors EP,CE1,Français,21,23,-6.62,0,74.61,64.67
2021,15,Lyon,Nord,Hors EP,CE1,Mathématiques,20,23,-6.62,0,72.51,65.25
2021,15,Lyon,Nord,Hors EP,CM1,Français,20,23,-6.62,0,76.79,69.13
2021,15,Lyon,Nord,Hors EP,CM1,Mathématiques,22,23,-6.62,0,75.47,75.66
2021,15,Lyon,Nord,Hors EP,CM2,Français,23,23,-6.62,0,88.8,79.55
2021,15,Lyon,Nord,Hors EP,CM2,Mathématiques,20,23,-6.62,0,89.84,83.95
2021,15,Lyon,Nord,Hors EP,6e,Français,22,23,-6.62,0,88.34,74.87
2021,15,Lyon,Nord,Hors EP,6e,Mathématiques,21,23,-6.62,0,92.58,77.56
2021,16,Lille,Paris,Hors EP,CP,Français,26,29,-11.3,0,62.5,63.74
2021,16,Lille,Paris,Hors EP,CP,Mathématiques,32,29,-11.3,0,58.01,56.93
2021,16,Lille,Paris,Hors EP,CE1,Français,29,29,-11.3,0,62.68,68.71
2021,16,Lille,Paris,Hors EP,CE1,Mathématiques,32,29,-11.3,0,63.94,54.2
2021,16,Lille,Paris,Hors EP,CM1,Français,28,29,-11.3,0,71.83,64.33
2021,16,Lille,Paris,Hors EP,CM1,Mathématiques,30,29,-11.3,0,68.61,54.38
2021,16,Lille,Paris,Hors EP,CM2,Français,34,29,-11.3,0,75.61,68.7
2021,16,Lille,Paris,Hors EP,CM2,Mathématiques,28,29,-11.3,0,69.92,62.13
2021,16,Lille,Paris,Hors EP,6e,Français,28,29,-11.3,0,88.14,79.46
2021,16,Lille,Paris,Hors EP,6e,Mathématiques,31,29,-11.3,0,83.69,80.93
2021,17,Bordeaux,Puy-de-Dôme,Hors EP,CP,Français,27,26,-22.8,0,60.56,57.34
2021,17,Bordeaux,Puy-de-Dôme,Hors EP,CP,Mathématiques,25,26,-22.8,0,65.99,64.78
2021,17,Bordeaux,Puy-de-Dôme,Hors EP,CE1,Français,30,26,-22.8,0,73.05,56.29
2021,17,Bordeaux,Puy-de-Dôme,Hors EP,CE1,Mathématiques,24,26,-22.8,0,81.34,75.36
2021,17,Bordeaux,Puy-de-Dôme,Hors EP,CM1,Français,28,26,-22.8,0,73.71,64.84
2021,17,Bordeaux,Puy-de-Dôme,Hors EP,CM1,Mathématiques,22,26,-22.8,0,72.49,63.73
2021,17,Bordeaux,Puy-de-Dôme,Hors EP,CM2,Français,25,26,-22.8,0,78.63,81.26
2021,17,Bordeaux,Puy-de-Dôme,Hors EP,CM2,Mathématiques,26,26,-22.8,0,78.62,69.67
2021,17,Bordeaux,Puy-de-Dôme,Hors EP,6e,Français,28,26,-22.8,0,81.42,76.6
2021,17,Bordeaux,Puy-de-Dôme,Hors EP,6e,Mathématiques,28,26,-22.8,0,74.77,65.31
2021,18,Nantes,Saône-et-Loire,REP+,CP,Français,17,17,7.62,1,64.74,59.45
2021,18,Nantes,Saône-et-Loire,REP+,CP,Mathématiques,12,17,7.62,1,63.71,60.77
2021,18,Nantes,Saône-et-Loire,REP+,CE1,Français,14,17,7.62,1,68.48,64.8
2021,18,Nantes,Saône-et-Loire,REP+,CE1,Mathématiques,19,17,7.62,0,56.61,55.1
2021,18,Nantes,Saône-et-Loire,REP+,CM1,Français,18,17,7.62,1,71.83,65.91
2021,18,Nantes,Saône-et-Loire,REP+,CM1,Mathématiques,14,17,7.62,1,75.21,58.09
2021,18,Nantes,Saône-et-Loire,REP+,CM2,Français,18,17,7.62,1,78.29,73.07
2021,18,Nantes,Saône-et-Loire,REP+,CM2,Mathématiques,14,17,7.62,1,75.62,66.72
2021,18,Nantes,Saône-et-Loire,REP+,6e,Français,17,17,7.62,1,78.5,71.56
2021,18,Nantes,Saône-et-Loire,REP+,6e,Mathématiques,12,17,7.62,1,77.21,59.69
2021,19,Paris,Ain,REP,CP,Français,20,25,17.68,0,64.36,59.1
2021,19,Paris,Ain,REP,CP,Mathématiques,21,25,17.68,0,63.6,68.66
2021,19,Paris,Ain,REP,CE1,Français,20,25,17.68,0,69.37,63.77
2021,19,Paris,Ain,REP,CE1,Mathématiques,22,25,17.68,0,61.93,55.45
2021,19,Paris,Ain,REP,CM1,Français,12,25,17.68,1,89.33,72.27
2021,19,Paris,Ain,REP,CM1,Mathématiques,20,25,17.68,0,67.63,57.07
2021,19,Paris,Ain,REP,CM2,Français,22,25,17.68,0,74.62,62.16
2021,19,Paris,Ain,REP,CM2,Mathématiques,21,25,17.68,0,72.57,68.99
2021,19,Paris,Ain,REP,6e,Français,18,25,17.68,1,88.8,79.01
2021,19,Paris,Ain,REP,6e,Mathématiques,19,25,17.68,0,75.46,63.36
2021,20,Lyon,Bas-Rhin,REP+,CP,Français,19,20,-12.34,0,56.89,44.13
2021,20,Lyon,Bas-Rhin,REP+,CP,Mathématiques,13,20,-12.34,1,62.33,65.23
2021,20,Lyon,Bas-Rhin,REP+,CE1,Français,12,20,-12.34,1,68.49,69.76
2021,20,Lyon,Bas-Rhin,REP+,CE1,Mathématiques,15,20,-12.34,1,68.93,60.98
2021,20,Lyon,Bas-Rhin,REP+,CM1,Français,18,20,-12.34,1,67.58,65.96
2021,20,Lyon,Bas-Rhin,REP+,CM1,Mathématiques,19,20,-12.34,0,65.68,66.87
2021,20,Lyon,Bas-Rhin,REP+,CM2,Français,17,20,-12.34,1,89.81,82.82
2021,20,Lyon,Bas-Rhin,REP+,CM2,Mathématiques,18,20,-12.34,1,68.33,53.82
2021,20,Lyon,Bas-Rhin,REP+,6e,Français,13,20,-12.34,1,76.62,73.99
2021,20,Lyon,Bas-Rhin,REP+,6e,Mathématiques,18,20,-12.34,1,75.06,65.36
2021,21,Lille,Bouches-du-Rhône,REP+,CP,Français,20,22,4.2,0,48.18,55.7
2021,21,Lille,Bouches-du-Rhône,REP+,CP,Mathématiques,18,22,4.2,1,55.34,56.89
2021,21,Lille,Bouches-du-Rhône,REP+,CE1,Français,19,22,4.2,0,58.74,49.02
2021,21,Lille,Bouches-du-Rhône,REP+,CE1,Mathématiques,21,22,4.2,0,61.88,50.76
2021,21,Lille,Bouches-du-Rhône,REP+,CM1,Français,20,22,4.2,0,58.47,68.21
2021,21,Lille,Bouches-du-Rhône,REP+,CM1,Mathématiques,22,22,4.2,0,58.47,48.62
2021,21,Lille,Bouches-du-Rhône,REP+,CM2,Français,17,22,4.2,1,81.16,63.38
2021,21,Lille,Bouches-du-Rhône,REP+,CM2,Mathématiques,16,22,4.2,1,74.84,66.56
2021,21,Lille,Bouches-du-Rhône,REP+,6e,Français,20,22,4.2,0,70.03,67.22
2021,21,Lille,Bouches-du-Rhône,REP+,6e,Mathématiques,17,22,4.2,1,82.62,72.25
2021,22,Bordeaux,Gironde,Hors EP,CP,Français,24,32,-7.93,0,59.86,54.83
2021,22,Bordeaux,Gironde,Hors EP,CP,Mathématiques,28,32,-7.93,0,57.46,49.72
2021,22,Bordeaux,Gironde,Hors EP,CE1,Français,32,32,-7.93,0,69.69,56.08
2021,22,Bordeaux,Gironde,Hors EP,CE1,Mathématiques,27,32,-7.93,0,69.08,58.84
2021,22,Bordeaux,Gironde,Hors EP,CM1,Français,26,32,-7.93,0,75.63,71.88
2021,22,Bordeaux,Gironde,Hors EP,CM1,Mathématiques,31,32,-7.93,0,66.34,62.41
2021,22,Bordeaux,Gironde,Hors EP,CM2,Français,28,32,-7.93,0,75.81,65.07
2021,22,Bordeaux,Gironde,Hors EP,CM2,Mathématiques,25,32,-7.93,0,85.28,80.75
2021,22,Bordeaux,Gironde,Hors EP,6e,Français,27,32,-7.93,0,83.33,76.94
2021,22,Bordeaux,Gironde,Hors EP,6e,Mathématiques,31,32,-7.93,0,74.63,65.01
2021,23,Nantes,Hérault,REP+,CP,Français,14,14,-8.4,1,60.84,48.92
2021,23,Nantes,Hérault,REP+,CP,Mathématiques,12,14,-8.4,1,62.42,53.75
2021,23,Nantes,Hérault,REP+,CE1,Français,20,14,-8.4,0,63.37,55.56
2021,23,Nantes,Hérault,REP+,CE1,Mathématiques,21,14,-8.4,0,54.81,49.05
2021,23,Nantes,Hérault,REP+,CM1,Français,12,14,-8.4,1,74.39,65.74
2021,23,Nantes,Hérault,REP+,CM1,Mathématiques,16,14,-8.4,1,67.26,55.02
2021,23,Nantes,Hérault,REP+,CM2,Français,14,14,-8.4,1,79.47,67.27
2021,23,Nantes,Hérault,REP+,CM2,Mathématiques,14,14,-8.4,1,66.45,60.65
2021,23,Nantes,Hérault,REP+,6e,Français,12,14,-8.4,1,85.43,69.42
2021,23,Nantes,Hérault,REP+,6e,Mathématiques,14,14,-8.4,1,88.03,73.33
2021,24,Paris,Loire,Hors EP,CP,Français,28,30,15.01,0,70.46,46.03
2021,24,Paris,Loire,Hors EP,CP,Mathématiques,25,30,15.01,0,62.07,62.83
2021,24,Paris,Loire,Hors EP,CE1,Français,29,30,15.01,0,72.95,58.59
2021,24,Paris,Loire,Hors EP,CE1,Mathématiques,30,30,15.01,0,66.12,68.99
2021,24,Paris,Loire,Hors EP,CM1,Français,27,30,15.01,0,81.28,67.97
2021,24,Paris,Loire,Hors EP,CM1,Mathématiques,30,30,15.01,0,76.04,73.92
2021,24,Paris,Loire,Hors EP,CM2,Français,26,30,15.01,0,84.69,75.56
2021,24,Paris,Loire,Hors EP,CM2,Mathématiques,30,30,15.01,0,82.88,72.05
2021,24,Paris,Loire,Hors EP,6e,Français,21,30,15.01,0,98.05,74.48
2021,24,Paris,Loire,Hors EP,6e,Mathématiques,26,30,15.01,0,86.38,66.65
2021,25,Lyon,Maine-et-Loire,REP+,CP,Français,29,26,9.19,0,48.38,44.68
2021,25,Lyon,Maine-et-Loire,REP+,CP,Mathématiques,24,26,9.19,0,48.17,54.92
2021,25,Lyon,Maine-et-Loire,REP+,CE1,Français,26,26,9.19,0,38.74,37.06
2021,25,Lyon,Maine-et-Loire,REP+,CE1,Mathématiques,23,26,9.19,0,46.33,28.01
2021,25,Lyon,Maine-et-Loire,REP+,CM1,Français,21,26,9.19,0,61.69,54.32
2021,25,Lyon,Maine-et-Loire,REP+,CM1,Mathématiques,21,26,9.19,0,58.89,56.76
2021,25,Lyon,Maine-et-Loire,REP+,CM2,Français,22,26,9.19,0,71.98,64.23
2021,25,Lyon,Maine-et-Loire,REP+,CM2,Mathématiques,21,26,9.19,0,58.64,53.81
2021,25,Lyon,Maine-et-Loire,REP+,6e,Français,26,26,9.19,0,63.5,61.16
2021,25,Lyon,Maine-et-Loire,REP+,6e,Mathématiques,23,26,9.19,0,75.87,68.54
2021,26,Lille,Moselle,Hors EP,CP,Français,23,31,-4.76,0,72.64,64.71
2021,26,Lille,Moselle,Hors EP,CP,Mathématiques,22,31,-4.76,0,69.27,58.92
2021,26,Lille,Moselle,Hors EP,CE1,Français,22,31,-4.76,0,73.54,71.42
2021,26,Lille,Moselle,Hors EP,CE1,Mathématiques,29,31,-4.76,0,70.09,64.01
2021,26,Lille,Moselle,Hors EP,CM1,Français,27,31,-4.76,0,77.07,61.88
2021,26,Lille,Moselle,Hors EP,CM1,Mathématiques,24,31,-4.76,0,73.6,72.05
2021,26,Lille,Moselle,Hors EP,CM2,Français,29,31,-4.76,0,74.97,66.25
2021,26,Lille,Moselle,Hors EP,CM2,Mathématiques,25,31,-4.76,0,79.73,66.54
2021,26,Lille,Moselle,Hors EP,6e,Français,30,31,-4.76,0,83.84,73.09
2021,26,Lille,Moselle,Hors EP,6e,Mathématiques,27,31,-4.76,0,79.0,69.27
2021,27,Bordeaux,Nord,Hors EP,CP,Français,28,27,-18.22,0,69.1,63.79
2021,27,Bordeaux,Nord,Hors EP,CP,Mathématiques,30,27,-18.22,0,53.19,48.31
2021,27,Bordeaux,Nord,Hors EP,CE1,Français,23,27,-18.22,0,71.97,53.12
2021,27,Bordeaux,Nord,Hors EP,CE1,Mathématiques,31,27,-18.22,0,69.41,62.9
2021,27,Bordeaux,Nord,Hors EP,CM1,Français,24,27,-18.22,0,79.4,78.29
2021,27,Bordeaux,Nord,Hors EP,CM1,Mathématiques,29,27,-18.22,0,75.55,63.95
2021,27,Bordeaux,Nord,Hors EP,CM2,Français,26,27,-18.22,0,80.59,60.17
2021,27,Bordeaux,Nord,Hors EP,CM2,Mathématiques,34,27,-18.22,0,71.34,67.85
2021,27,Bordeaux,Nord,Hors EP,6e,Français,27,27,-18.22,0,78.07,75.22
2021,27,Bordeaux,Nord,Hors EP,6e,Mathématiques,25,27,-18.22,0,85.38,75.28
2021,28,Nantes,Paris,REP,CP,Français,20,20,-11.4,0,60.7,56.17
2021,28,Nantes,Paris,REP,CP,Mathématiques,17,20,-11.4,1,75.41,59.77
2021,28,Nantes,Paris,REP,CE1,Français,14,20,-11.4,1,72.56,63.05
2021,28,Nantes,Paris,REP,CE1,Mathématiques,21,20,-11.4,0,61.14,56.72
2021,28,Nantes,Paris,REP,CM1,Français,19,20,-11.4,0,71.2,73.93
2021,28,Nantes,Paris,REP,CM1,Mathématiques,19,20,-11.4,0,62.97,58.81
2021,28,Nantes,Paris,REP,CM2,Français,12,20,-11.4,1,83.79,77.44
2021,28,Nantes,Paris,REP,CM2,Mathématiques,20,20,-11.4,0,71.48,66.85
2021,28,Nantes,Paris,REP,6e,Français,21,20,-11.4,0,83.65,74.12
2021,28,Nantes,Paris,REP,6e,Mathématiques,17,20,-11.4,1,75.52,71.25
2021,29,Paris,Puy-de-Dôme,REP,CP,Français,19,19,11.58,0,61.63,56.63
2021,29,Paris,Puy-de-Dôme,REP,CP,Mathématiques,21,19,11.58,0,51.82,53.05
2021,29,Paris,Puy-de-Dôme,REP,CE1,Français,18,19,11.58,1,72.6,68.8
2021,29,Paris,Puy-de-Dôme,REP,CE1,Mathématiques,18,19,11.58,1,76.67,67.64
2021,29,Paris,Puy-de-Dôme,REP,CM1,Français,16,19,11.58,1,87.83,76.28
2021,29,Paris,Puy-de-Dôme,REP,CM1,Mathématiques,21,19,11.58,0,71.52,71.13
2021,29,Paris,Puy-de-Dôme,REP,CM2,Français,21,19,11.58,0,77.77,69.74
2021,29,Paris,Puy-de-Dôme,REP,CM2,Mathématiques,19,19,11.58,0,66.66,61.41
2021,29,Paris,Puy-de-Dôme,REP,6e,Français,23,19,11.58,0,80.81,64.62
2021,29,Paris,Puy-de-Dôme,REP,6e,Mathématiques,23,19,11.58,0,73.8,54.72
2021,30,Lyon,Saône-et-Loire,REP,CP,Français,16,16,13.77,1,74.02,77.45
2021,30,Lyon,Saône-et-Loire,REP,CP,Mathématiques,20,16,13.77,0,59.22,69.72
2021,30,Lyon,Saône-et-Loire,REP,CE1,Français,17,16,13.77,1,78.57,63.75
2021,30,Lyon,Saône-et-Loire,REP,CE1,Mathématiques,13,16,13.77,1,71.66,63.92
2021,30,Lyon,Saône-et-Loire,REP,CM1,Français,18,16,13.77,1,75.56,69.69
2021,30,Lyon,Saône-et-Loire,REP,CM1,Mathématiques,15,16,13.77,1,81.69,75.23
2021,30,Lyon,Saône-et-Loire,REP,CM2,Français,16,16,13.77,1,82.62,78.9
2021,30,Lyon,Saône-et-Loire,REP,CM2,Mathématiques,19,16,13.77,0,74.74,73.16
2021,30,Lyon,Saône-et-Loire,REP,6e,Français,17,16,13.77,1,89.16,70.62
2021,30,Lyon,Saône-et-Loire,REP,6e,Mathématiques,17,16,13.77,1,92.43,84.8
2021,31,Lille,Ain,Hors EP,CP,Français,25,27,-9.38,0,65.6,53.26
2021,31,Lille,Ain,Hors EP,CP,Mathématiques,33,27,-9.38,0,59.65,55.08
2021,31,Lille,Ain,Hors EP,CE1,Français,32,27,-9.38,0,59.71,54.92
2021,31,Lille,Ain,Hors EP,CE1,Mathématiques,33,27,-9.38,0,61.03,68.73
2021,31,Lille,Ain,Hors EP,CM1,Français,30,27,-9.38,0,79.25,75.57
2021,31,Lille,Ain,Hors EP,CM1,Mathématiques,28,27,-9.38,0,69.98,62.01
2021,31,Lille,Ain,Hors EP,CM2,Français,26,27,-9.38,0,81.68,70.52
2021,31,Lille,Ain,Hors EP,CM2,Mathématiques,32,27,-9.38,0,76.24,78.66
2021,31,Lille,Ain,Hors EP,6e,Français,23,27,-9.38,0,84.2,70.48
2021,31,Lille,Ain,Hors EP,6e,Mathématiques,32,27,-9.38,0,78.08,60.76
2021,32,Bordeaux,Bas-Rhin,REP,CP,Français,15,15,23.99,1,73.96,64.83
2021,32,Bordeaux,Bas-Rhin,REP,CP,Mathématiques,15,15,23.99,1,66.4,58.6
2021,32,Bordeaux,Bas-Rhin,REP,CE1,Français,17,15,23.99,1,83.56,76.56
2021,32,Bordeaux,Bas-Rhin,REP,CE1,Mathématiques,13,15,23.99,1,78.63,70.84
2021,32,Bordeaux,Bas-Rhin,REP,CM1,Français,14,15,23.99,1,84.0,74.98
2021,32,Bordeaux,Bas-Rhin,REP,CM1,Mathématiques,16,15,23.99,1,82.34,66.68
2021,32,Bordeaux,Bas-Rhin,REP,CM2,Français,21,15,23.99,0,67.8,63.99
2021,32,Bordeaux,Bas-Rhin,REP,CM2,Mathématiques,17,15,23.99,1,88.07,71.35
2021,32,Bordeaux,Bas-Rhin,REP,6e,Français,19,15,23.99,0,82.79,65.37
2021,32,Bordeaux,Bas-Rhin,REP,6e,Mathématiques,13,15,23.99,1,90.74,68.72
2021,33,Nantes,Bouches-du-Rhône,REP,CP,Français,22,27,20.66,0,56.27,39.87
2021,33,Nantes,Bouches-du-Rhône,REP,CP,Mathématiques,22,27,20.66,0,65.12,55.15
2021,33,Nantes,Bouches-du-Rhône,REP,CE1,Français,22,27,20.66,0,61.68,58.82
2021,33,Nantes,Bouches-du-Rhône,REP,CE1,Mathématiques,26,27,20.66,0,50.65,42.7
2021,33,Nantes,Bouches-du-Rhône,REP,CM1,Français,27,27,20.66,0,68.98,60.61
2021,33,Nantes,Bouches-du-Rhône,REP,CM1,Mathématiques,27,27,20.66,0,56.54,58.1
2021,33,Nantes,Bouches-du-Rhône,REP,CM2,Français,23,27,20.66,0,77.01,55.43
2021,33,Nantes,Bouches-du-Rhône,REP,CM2,Mathématiques,22,27,20.66,0,75.49,66.02
2021,33,Nantes,Bouches-du-Rhône,REP,6e,Français,26,27,20.66,0,82.08,66.02
2021,33,Nantes,Bouches-du-Rhône,REP,6e,Mathématiques,25,27,20.66,0,70.01,62.88
2021,34,Paris,Gironde,REP+,CP,Français,13,13,-6.06,1,64.75,54.85
2021,34,Paris,Gironde,REP+,CP,Mathématiques,12,13,-6.06,1,63.26,58.56
2021,34,Paris,Gironde,REP+,CE1,Français,12,13,-6.06,1,69.42,60.17
2021,34,Paris,Gironde,REP+,CE1,Mathématiques,12,13,-6.06,1,51.29,54.39
2021,34,Paris,Gironde,REP+,CM1,Français,12,13,-6.06,1,65.97,63.06
2021,34,Paris,Gironde,REP+,CM1,Mathématiques,16,13,-6.06,1,65.03,63.78
2021,34,Paris,Gironde,REP+,CM2,Français,19,13,-6.06,0,72.73,70.41
2021,34,Paris,Gironde,REP+,CM2,Mathématiques,15,13,-6.06,1,71.58,63.39
2021,34,Paris,Gironde,REP+,6e,Français,15,13,-6.06,1,75.91,62.77
2021,34,Paris,Gironde,REP+,6e,Mathématiques,12,13,-6.06,1,79.63,69.56
2021,35,Lyon,Hérault,Hors EP,CP,Français,28,29,-8.28,0,69.49,58.27
2021,35,Lyon,Hérault,Hors EP,CP,Mathématiques,27,29,-8.28,0,59.7,54.61
2021,35,Lyon,Hérault,Hors EP,CE1,Français,26,29,-8.28,0,73.63,66.66
2021,35,Lyon,Hérault,Hors EP,CE1,Mathématiques,27,29,-8.28,0,62.35,59.34
2021,35,Lyon,Hérault,Hors EP,CM1,Français,27,29,-8.28,0,79.31,65.33
2021,35,Lyon,Hérault,Hors EP,CM1,Mathématiques,28,29,-8.28,0,66.38,57.98
2021,35,Lyon,Hérault,Hors EP,CM2,Français,25,29,-8.28,0,77.33,66.13
2021,35,Lyon,Hérault,Hors EP,CM2,Mathématiques,27,29,-8.28,0,69.99,60.62
2021,35,Lyon,Hérault,Hors EP,6e,Français,22,29,-8.28,0,99.89,83.99
2021,35,Lyon,Hérault,Hors EP,6e,Mathématiques,26,29,-8.28,0,85.15,75.93
2021,36,Lille,Loire,Hors EP,CP,Français,19,22,14.95,0,75.66,50.93
2021,36,Lille,Loire,Hors EP,CP,Mathématiques,16,22,14.95,0,76.43,72.97
2021,36,Lille,Loire,Hors EP,CE1,Français,21,22,14.95,0,78.05,77.71
2021,36,Lille,Loire,Hors EP,CE1,Mathématiques,22,22,14.95,0,72.72,75.36
2021,36,Lille,Loire,Hors EP,CM1,Français,16,22,14.95,0,80.47,67.61
2021,36,Lille,Loire,Hors EP,CM1,Mathématiques,17,22,14.95,0,82.45,75.06
2021,36,Lille,Loire,Hors EP,CM2,Français,19,22,14.95,0,91.16,77.28
2021,36,Lille,Loire,Hors EP,CM2,Mathématiques,13,22,14.95,0,82.28,69.02
2021,36,Lille,Loire,Hors EP,6e,Français,17,22,14.95,0,96.05,87.34
2021,36,Lille,Loire,Hors EP,6e,Mathématiques,19,22,14.95,0,87.24,70.36
2021,37,Bordeaux,Maine-et-Loire,Hors EP,CP,Français,30,31,-18.75,0,63.98,58.63
2021,37,Bordeaux,Maine-et-Loire,Hors EP,CP,Mathématiques,28,31,-18.75,0,59.42,52.21
2021,37,Bordeaux,Maine-et-Loire,Hors EP,CE1,Français,26,31,-18.75,0,76.0,71.09
2021,37,Bordeaux,Maine-et-Loire,Hors EP,CE1,Mathématiques,28,31,-18.75,0,66.63,62.26
2021,37,Bordeaux,Maine-et-Loire,Hors EP,CM1,Français,34,31,-18.75,0,72.58,68.53
2021,37,Bordeaux,Maine-et-Loire,Hors EP,CM1,Mathématiques,29,31,-18.75,0,68.2,68.29
2021,37,Bordeaux,Maine-et-Loire,Hors EP,CM2,Français,31,31,-18.75,0,72.62,66.65
2021,37,Bordeaux,Maine-et-Loire,Hors EP,CM2,Mathématiques,31,31,-18.75,0,63.92,53.85
2021,37,Bordeaux,Maine-et-Loire,Hors EP,6e,Français,30,31,-18.75,0,73.59,56.21
2021,37,Bordeaux,Maine-et-Loire,Hors EP,6e,Mathématiques,28,31,-18.75,0,83.26,74.31
2021,38,Nantes,Moselle,REP,CP,Français,19,22,-15.69,0,61.7,60.72
2021,38,Nantes,Moselle,REP,CP,Mathématiques,21,22,-15.69,0,56.18,59.58
2021,38,Nantes,Moselle,REP,CE1,Français,20,22,-15.69,0,67.77,57.45
2021,38,Nantes,Moselle,REP,CE1,Mathématiques,20,22,-15.69,0,56.45,57.35
2021,38,Nantes,Moselle,REP,CM1,Français,17,22,-15.69,1,76.97,58.04
2021,38,Nantes,Moselle,REP,CM1,Mathématiques,21,22,-15.69,0,69.33,66.7
2021,38,Nantes,Moselle,REP,CM2,Français,22,22,-15.69,0,74.59,69.22
2021,38,Nantes,Moselle,REP,CM2,Mathématiques,22,22,-15.69,0,70.87,59.91
2021,38,Nantes,Moselle,REP,6e,Français,19,22,-15.69,0,78.83,66.93
2021,38,Nantes,Moselle,REP,6e,Mathématiques,16,22,-15.69,1,79.86,70.45
2021,39,Paris,Nord,REP,CP,Français,18,20,-8.21,1,71.32,69.95
2021,39,Paris,Nord,REP,CP,Mathématiques,23,20,-8.21,0,55.76,58.27
2021,39,Paris,Nord,REP,CE1,Français,20,20,-8.21,0,70.0,69.01
2021,39,Paris,Nord,REP,CE1,Mathématiques,18,20,-8.21,1,71.76,56.06
2021,39,Paris,Nord,REP,CM1,Français,24,20,-8.21,0,65.92,66.57
2021,39,Paris,Nord,REP,CM1,Mathématiques,20,20,-8.21,0,57.16,67.06
2021,39,Paris,Nord,REP,CM2,Français,20,20,-8.21,0,69.01,67.66
2021,39,Paris,Nord,REP,CM2,Mathématiques,25,20,-8.21,0,65.1,58.77
2021,39,Paris,Nord,REP,6e,Français,21,20,-8.21,0,72.62,60.93
2021,39,Paris,Nord,REP,6e,Mathématiques,24,20,-8.21,0,71.32,59.31
2021,40,Lyon,Paris,Hors EP,CP,Français,33,28,3.06,0,71.31,66.35
2021,40,Lyon,Paris,Hors EP,CP,Mathématiques,30,28,3.06,0,67.75,60.44
2021,40,Lyon,Paris,Hors EP,CE1,Français,29,28,3.06,0,77.82,61.6
2021,40,Lyon,Paris,Hors EP,CE1,Mathématiques,28,28,3.06,0,69.29,62.64
2021,40,Lyon,Paris,Hors EP,CM1,Français,27,28,3.06,0,78.61,70.03
2021,40,Lyon,Paris,Hors EP,CM1,Mathématiques,30,28,3.06,0,74.01,64.44
2021,40,Lyon,Paris,Hors EP,CM2,Français,25,28,3.06,0,82.24,72.23
2021,40,Lyon,Paris,Hors EP,CM2,Mathématiques,25,28,3.06,0,85.62,75.37
2021,40,Lyon,Paris,Hors EP,6e,Français,30,28,3.06,0,81.99,66.6
2021,40,Lyon,Paris,Hors EP,6e,Mathématiques,30,28,3.06,0,82.45,70.05
2021,41,Lille,Puy-de-Dôme,Hors EP,CP,Français,25,24,16.62,0,78.64,61.81
2021,41,Lille,Puy-de-Dôme,Hors EP,CP,Mathématiques,27,24,16.62,0,65.36,49.57
2021,41,Lille,Puy-de-Dôme,Hors EP,CE1,Français,28,24,16.62,0,63.64,56.81
2021,41,Lille,Puy-de-Dôme,Hors EP,CE1,Mathématiques,29,24,16.62,0,66.01,55.37
2021,41,Lille,Puy-de-Dôme,Hors EP,CM1,Français,28,24,16.62,0,77.17,65.45
2021,41,Lille,Puy-de-Dôme,Hors EP,CM1,Mathématiques,29,24,16.62,0,69.14,59.72
2021,41,Lille,Puy-de-Dôme,Hors EP,CM2,Français,28,24,16.62,0,77.75,76.75
2021,41,Lille,Puy-de-Dôme,Hors EP,CM2,Mathématiques,25,24,16.62,0,86.93,78.47
2021,41,Lille,Puy-de-Dôme,Hors EP,6e,Français,26,24,16.62,0,87.94,74.58
2021,41,Lille,Puy-de-Dôme,Hors EP,6e,Mathématiques,28,24,16.62,0,80.85,63.97
2021,42,Bordeaux,Saône-et-Loire,REP,CP,Français,18,16,-2.43,1,76.45,66.56
2021,42,Bordeaux,Saône-et-Loire,REP,CP,Mathématiques,17,16,-2.43,1,65.8,57.22
2021,42,Bordeaux,Saône-et-Loire,REP,CE1,Français,16,16,-2.43,1,71.76,72.11
2021,42,Bordeaux,Saône-et-Loire,REP,CE1,Mathématiques,20,16,-2.43,0,58.66,59.79
2021,42,Bordeaux,Saône-et-Loire,REP,CM1,Français,14,16,-2.43,1,86.2,80.09
2021,42,Bordeaux,Saône-et-Loire,REP,CM1,Mathématiques,24,16,-2.43,0,67.16,62.86
2021,42,Bordeaux,Saône-et-Loire,REP,CM2,Français,21,16,-2.43,0,70.49,60.96
2021,42,Bordeaux,Saône-et-Loire,REP,CM2,Mathématiques,18,16,-2.43,1,88.17,70.68
2021,42,Bordeaux,Saône-et-Loire,REP,6e,Français,16,16,-2.43,1,91.07,80.52
2021,42,Bordeaux,Saône-et-Loire,REP,6e,Mathématiques,16,16,-2.43,1,90.03,83.06
2021,43,Nantes,Ain,Hors EP,CP,Français,25,23,20.83,0,75.73,76.29
2021,43,Nantes,Ain,Hors EP,CP,Mathématiques,27,23,20.83,0,62.21,51.11
2021,43,Nantes,Ain,Hors EP,CE1,Français,24,23,20.83,0,79.59,71.35
2021,43,Nantes,Ain,Hors EP,CE1,Mathématiques,31,23,20.83,0,69.06,60.32
2021,43,Nantes,Ain,Hors EP,CM1,Français,22,23,20.83,0,89.51,75.84
2021,43,Nantes,Ain,Hors EP,CM1,Mathématiques,21,23,20.83,0,82.2,65.92
2021,43,Nantes,Ain,Hors EP,CM2,Français,24,23,20.83,0,87.43,69.92
2021,43,Nantes,Ain,Hors EP,CM2,Mathématiques,24,23,20.83,0,81.05,66.53
2021,43,Nantes,Ain,Hors EP,6e,Français,22,23,20.83,0,92.03,73.1
2021,43,Nantes,Ain,Hors EP,6e,Mathématiques,26,23,20.83,0,88.5,81.16
2021,44,Paris,Bas-Rhin,REP,CP,Français,23,25,8.88,0,58.09,54.36
2021,44,Paris,Bas-Rhin,REP,CP,Mathématiques,19,25,8.88,0,62.24,57.17
2021,44,Paris,Bas-Rhin,REP,CE1,Français,26,25,8.88,0,63.28,54.9
2021,44,Paris,Bas-Rhin,REP,CE1,Mathématiques,25,25,8.88,0,45.54,55.62
2021,44,Paris,Bas-Rhin,REP,CM1,Français,19,25,8.88,0,73.69,67.25
2021,44,Paris,Bas-Rhin,REP,CM1,Mathématiques,25,25,8.88,0,61.59,46.15
2021,44,Paris,Bas-Rhin,REP,CM2,Français,21,25,8.88,0,73.68,54.86
2021,44,Paris,Bas-Rhin,REP,CM2,Mathématiques,22,25,8.88,0,65.92,63.07
2021,44,Paris,Bas-Rhin,REP,6e,Français,21,25,8.88,0,88.49,73.89
2021,44,Paris,Bas-Rhin,REP,6e,Mathématiques,23,25,8.88,0,73.91,57.14
2021,45,Lyon,Bouches-du-Rhône,REP,CP,Français,18,26,-3.52,1,72.78,66.59
2021,45,Lyon,Bouches-du-Rhône,REP,CP,Mathématiques,24,26,-3.52,0,51.24,41.42
2021,45,Lyon,Bouches-du-Rhône,REP,CE1,Français,23,26,-3.52,0,60.34,62.99
2021,45,Lyon,Bouches-du-Rhône,REP,CE1,Mathématiques,22,26,-3.52,0,58.07,56.58
2021,45,Lyon,Bouches-du-Rhône,REP,CM1,Français,21,26,-3.52,0,65.27,58.9
2021,45,Lyon,Bouches-du-Rhône,REP,CM1,Mathématiques,20,26,-3.52,0,65.05,68.93
2021,45,Lyon,Bouches-du-Rhône,REP,CM2,Français,25,26,-3.52,0,70.96,71.01
2021,45,Lyon,Bouches-du-Rhône,REP,CM2,Mathématiques,20,26,-3.52,0,82.28,68.65
2021,45,Lyon,Bouches-du-Rhône,REP,6e,Français,27,26,-3.52,0,81.78,61.84
2021,45,Lyon,Bouches-du-Rhône,REP,6e,Mathématiques,26,26,-3.52,0,69.4,59.35
2021,46,Lille,Gironde,Hors EP,CP,Français,21,21,-11.29,0,77.25,69.47
2021,46,Lille,Gironde,Hors EP,CP,Mathématiques,20,21,-11.29,0,71.58,56.64
2021,46,Lille,Gironde,Hors EP,CE1,Français,19,21,-11.29,0,75.11,70.01
2021,46,Lille,Gironde,Hors EP,CE1,Mathématiques,22,21,-11.29,0,73.75,65.02
2021,46,Lille,Gironde,Hors EP,CM1,Français,19,21,-11.29,0,89.74,72.54
2021,46,Lille,Gironde,Hors EP,CM1,Mathématiques,22,21,-11.29,0,76.84,70.07
2021,46,Lille,Gironde,Hors EP,CM2,Français,19,21,-11.29,0,92.78,84.98
2021,46,Lille,Gironde,Hors EP,CM2,Mathématiques,23,21,-11.29,0,82.15,68.69
2021,46,Lille,Gironde,Hors EP,6e,Français,28,21,-11.29,0,80.48,74.13
2021,46,Lille,Gironde,Hors EP,6e,Mathématiques,22,21,-11.29,0,87.06,75.13
2021,47,Bordeaux,Hérault,Hors EP,CP,Français,28,24,32.13,0,72.48,67.16
2021,47,Bordeaux,Hérault,Hors EP,CP,Mathématiques,30,24,32.13,0,60.99,55.56
2021,47,Bordeaux,Hérault,Hors EP,CE1,Français,20,24,32.13,0,83.87,76.27
2021,47,Bordeaux,Hérault,Hors EP,CE1,Mathématiques,23,24,32.13,0,82.11,67.24
2021,47,Bordeaux,Hérault,Hors EP,CM1,Français,24,24,32.13,0,84.29,80.29
2021,47,Bordeaux,Hérault,Hors EP,CM1,Mathématiques,23,24,32.13,0,82.97,75.29
2021,47,Bordeaux,Hérault,Hors EP,CM2,Français,26,24,32.13,0,89.68,79.79
2021,47,Bordeaux,Hérault,Hors EP,CM2,Mathématiques,24,24,32.13,0,93.35,77.92
2021,47,Bordeaux,Hérault,Hors EP,6e,Français,24,24,32.13,0,99.82,79.72
2021,47,Bordeaux,Hérault,Hors EP,6e,Mathématiques,26,24,32.13,0,85.7,85.87
2021,48,Nantes,Loire,REP,CP,Français,19,20,0.06,0,60.95,56.24
2021,48,Nantes,Loire,REP,CP,Mathématiques,16,20,0.06,1,68.49,61.36
2021,48,Nantes,Loire,REP,CE1,Français,21,20,0.06,0,62.26,55.53
2021,48,Nantes,Loire,REP,CE1,Mathématiques,22,20,0.06,0,61.11,63.53
2021,48,Nantes,Loire,REP,CM1,Français,21,20,0.06,0,67.72,64.13
2021,48,Nantes,Loire,REP,CM1,Mathématiques,15,20,0.06,1,86.77,75.38
2021,48,Nantes,Loire,REP,CM2,Français,25,20,0.06,0,66.1,54.36
2021,48,Nantes,Loire,REP,CM2,Mathématiques,21,20,0.06,0,72.24,65.81
2021,48,Nantes,Loire,REP,6e,Français,20,20,0.06,0,76.68,59.72
2021,48,Nantes,Loire,REP,6e,Mathématiques,21,20,0.06,0,69.84,55.6
2021,49,Paris,Maine-et-Loire,Hors EP,CP,Français,29,28,11.75,0,69.75,64.27
2021,49,Paris,Maine-et-Loire,Hors EP,CP,Mathématiques,31,28,11.75,0,56.06,51.05
2021,49,Paris,Maine-et-Loire,Hors EP,CE1,Français,24,28,11.75,0,79.33,64.05
2021,49,Paris,Maine-et-Loire,Hors EP,CE1,Mathématiques,27,28,11.75,0,72.22,68.18
2021,49,Paris,Maine-et-Loire,Hors EP,CM1,Français,27,28,11.75,0,85.53,72.92
2021,49,Paris,Maine-et-Loire,Hors EP,CM1,Mathématiques,26,28,11.75,0,73.2,59.95
2021,49,Paris,Maine-et-Loire,Hors EP,CM2,Français,29,28,11.75,0,78.16,71.35
2021,49,Paris,Maine-et-Loire,Hors EP,CM2,Mathématiques,26,28,11.75,0,86.8,65.73
2021,49,Paris,Maine-et-Loire,Hors EP,6e,Français,27,28,11.75,0,88.35,72.08
2021,49,Paris,Maine-et-Loire,Hors EP,6e,Mathématiques,24,28,11.75,0,92.98,81.88
2021,50,Lyon,Moselle,Hors EP,CP,Français,18,19,9.04,0,75.85,79.99
2021,50,Lyon,Moselle,Hors EP,CP,Mathématiques,22,19,9.04,0,73.12,59.42
2021,50,Lyon,Moselle,Hors EP,CE1,Français,18,19,9.04,0,83.97,70.68
2021,50,Lyon,Moselle,Hors EP,CE1,Mathématiques,24,19,9.04,0,72.63,82.17
2021,50,Lyon,Moselle,Hors EP,CM1,Français,20,19,9.04,0,86.34,69.74
2021,50,Lyon,Moselle,Hors EP,CM1,Mathématiques,24,19,9.04,0,80.42,65.38
2021,50,Lyon,Moselle,Hors EP,CM2,Français,20,19,9.04,0,96.21,87.18
2021,50,Lyon,Moselle,Hors EP,CM2,Mathématiques,18,19,9.04,0,86.74,83.59
2021,50,Lyon,Moselle,Hors EP,6e,Français,21,19,9.04,0,94.96,85.21
2021,50,Lyon,Moselle,Hors EP,6e,Mathématiques,18,19,9.04,0,89.61,74.81
2021,51,Lille,Nord,Hors EP,CP,Français,30,28,-0.47,0,64.21,62.05
2021,51,Lille,Nord,Hors EP,CP,Mathématiques,30,28,-0.47,0,69.53,62.5
2021,51,Lille,Nord,Hors EP,CE1,Français,26,28,-0.47,0,78.32,75.62
2021,51,Lille,Nord,Hors EP,CE1,Mathématiques,26,28,-0.47,0,64.52,65.47
2021,51,Lille,Nord,Hors EP,CM1,Français,23,28,-0.47,0,73.58,64.19
2021,51,Lille,Nord,Hors EP,CM1,Mathématiques,27,28,-0.47,0,69.37,63.28
2021,51,Lille,Nord,Hors EP,CM2,Français,28,28,-0.47,0,79.08,78.94
2021,51,Lille,Nord,Hors EP,CM2,Mathématiques,28,28,-0.47,0,83.32,64.38
2021,51,Lille,Nord,Hors EP,6e,Français,23,28,-0.47,0,92.81,87.39
2021,51,Lille,Nord,Hors EP,6e,Mathématiques,24,28,-0.47,0,87.49,68.32
2021,52,Bordeaux,Paris,REP,CP,Français,18,25,-15.67,1,59.93,58.14
2021,52,Bordeaux,Paris,REP,CP,Mathématiques,22,25,-15.67,0,55.49,48.18
2021,52,Bordeaux,Paris,REP,CE1,Français,24,25,-15.67,0,61.2,56.65
2021,52,Bordeaux,Paris,REP,CE1,Mathématiques,21,25,-15.67,0,54.8,53.22
2021,52,Bordeaux,Paris,REP,CM1,Français,25,25,-15.67,0,68.24,60.12
2021,52,Bordeaux,Paris,REP,CM1,Mathématiques,22,25,-15.67,0,57.86,58.0
2021,52,Bordeaux,Paris,REP,CM2,Français,19,25,-15.67,0,76.63,81.95
2021,52,Bordeaux,Paris,REP,CM2,Mathématiques,20,25,-15.67,0,82.77,73.74
2021,52,Bordeaux,Paris,REP,6e,Français,19,25,-15.67,0,74.94,77.78
2021,52,Bordeaux,Paris,REP,6e,Mathématiques,22,25,-15.67,0,70.27,61.77
2021,53,Nantes,Puy-de-Dôme,REP+,CP,Français,14,20,21.28,1,67.75,60.71
2021,53,Nantes,Puy-de-Dôme,REP+,CP,Mathématiques,16,20,21.28,1,66.68,53.03
2021,53,Nantes,Puy-de-Dôme,REP+,CE1,Français,12,20,21.28,1,69.86,61.82
2021,53,Nantes,Puy-de-Dôme,REP+,CE1,Mathématiques,14,20,21.28,1,58.16,64.2
2021,53,Nantes,Puy-de-Dôme,REP+,CM1,Français,18,20,21.28,1,74.94,76.94
2021,53,Nantes,Puy-de-Dôme,REP+,CM1,Mathématiques,20,20,21.28,0,69.02,56.03
2021,53,Nantes,Puy-de-Dôme,REP+,CM2,Français,14,20,21.28,1,82.63,73.26
2021,53,Nantes,Puy-de-Dôme,REP+,CM2,Mathématiques,20,20,21.28,0,58.72,58.44
2021,53,Nantes,Puy-de-Dôme,REP+,6e,Français,19,20,21.28,0,79.17,66.8
2021,53,Nantes,Puy-de-Dôme,REP+,6e,Mathématiques,18,20,21.28,1,78.36,66.82
2021,54,Paris,Saône-et-Loire,REP,CP,Français,17,17,-7.39,1,66.0,53.38
2021,54,Paris,Saône-et-Loire,REP,CP,Mathématiques,23,17,-7.39,0,50.66,51.1
2021,54,Paris,Saône-et-Loire,REP,CE1,Français,14,17,-7.39,1,79.52,69.91
2021,54,Paris,Saône-et-Loire,REP,CE1,Mathématiques,17,17,-7.39,1,68.46,65.9
2021,54,Paris,Saône-et-Loire,REP,CM1,Français,12,17,-7.39,1,75.7,65.88
2021,54,Paris,Saône-et-Loire,REP,CM1,Mathématiques,18,17,-7.39,1,87.69,72.94
2021,54,Paris,Saône-et-Loire,REP,CM2,Français,20,17,-7.39,0,81.77,73.95
2021,54,Paris,Saône-et-Loire,REP,CM2,Mathématiques,16,17,-7.39,1,75.63,70.16
2021,54,Paris,Saône-et-Loire,REP,6e,Français,22,17,-7.39,0,79.27,75.07
2021,54,Paris,Saône-et-Loire,REP,6e,Mathématiques,24,17,-7.39,0,75.78,61.03
2021,55,Lyon,Ain,Hors EP,CP,Français,28,25,18.07,0,69.97,60.83
2021,55,Lyon,Ain,Hors EP,CP,Mathématiques,28,25,18.07,0,66.42,52.13
2021,55,Lyon,Ain,Hors EP,CE1,Français,27,25,18.07,0,67.82,59.08
2021,55,Lyon,Ain,Hors EP,CE1,Mathématiques,26,25,18.07,0,75.82,71.68
2021,55,Lyon,Ain,Hors EP,CM1,Français,29,25,18.07,0,71.86,63.38
2021,55,Lyon,Ain,Hors EP,CM1,Mathématiques,25,25,18.07,0,77.51,70.94
2021,55,Lyon,Ain,Hors EP,CM2,Français,30,25,18.07,0,83.8,78.27
2021,55,Lyon,Ain,Hors EP,CM2,Mathématiques,29,25,18.07,0,78.52,72.76
2021,55,Lyon,Ain,Hors EP,6e,Français,30,25,18.07,0,84.31,74.23
2021,55,Lyon,Ain,Hors EP,6e,Mathématiques,27,25,18.07,0,77.33,69.78
2021,56,Lille,Bas-Rhin,REP,CP,Français,20,20,-8.64,0,63.87,55.77
2021,56,Lille,Bas-Rhin,REP,CP,Mathématiques,18,20,-8.64,1,67.9,60.09
2021,56,Lille,Bas-Rhin,REP,CE1,Français,23,20,-8.64,0,55.21,53.6
2021,56,Lille,Bas-Rhin,REP,CE1,Mathématiques,27,20,-8.64,0,52.09,51.35
2021,56,Lille,Bas-Rhin,REP,CM1,Français,17,20,-8.64,1,75.43,68.59
2021,56,Lille,Bas-Rhin,REP,CM1,Mathématiques,20,20,-8.64,0,68.23,63.52
2021,56,Lille,Bas-Rhin,REP,CM2,Français,18,20,-8.64,1,88.83,69.19
2021,56,Lille,Bas-Rhin,REP,CM2,Mathématiques,19,20,-8.64,0,72.4,72.06
2021,56,Lille,Bas-Rhin,REP,6e,Français,18,20,-8.64,1,89.93,76.93
2021,56,Lille,Bas-Rhin,REP,6e,Mathématiques,23,20,-8.64,0,78.09,66.08
2021,57,Bordeaux,Bouches-du-Rhône,Hors EP,CP,Français,28,34,6.02,0,64.89,51.83
2021,57,Bordeaux,Bouches-du-Rhône,Hors EP,CP,Mathématiques,27,34,6.02,0,65.43,58.94
2021,57,Bordeaux,Bouches-du-Rhône,Hors EP,CE1,Français,29,34,6.02,0,63.58,57.32
2021,57,Bordeaux,Bouches-du-Rhône,Hors EP,CE1,Mathématiques,33,34,6.02,0,68.0,64.32
2021,57,Bordeaux,Bouches-du-Rhône,Hors EP,CM1,Français,29,34,6.02,0,74.48,56.87
2021,57,Bordeaux,Bouches-du-Rhône,Hors EP,CM1,Mathématiques,29,34,6.02,0,62.1,55.6
2021,57,Bordeaux,Bouches-du-Rhône,Hors EP,CM2,Français,28,34,6.02,0,80.01,80.26
2021,57,Bordeaux,Bouches-du-Rhône,Hors EP,CM2,Mathématiques,33,34,6.02,0,79.17,64.21
2021,57,Bordeaux,Bouches-du-Rhône,Hors EP,6e,Français,33,34,6.02,0,85.31,68.3
2021,57,Bordeaux,Bouches-du-Rhône,Hors EP,6e,Mathématiques,28,34,6.02,0,88.34,72.07
2021,58,Nantes,Gironde,REP,CP,Français,18,22,-3.24,1,73.82,60.66
2021,58,Nantes,Gironde,REP,CP,Mathématiques,22,22,-3.24,0,48.06,42.01
2021,58,Nantes,Gironde,REP,CE1,Français,18,22,-3.24,1,72.61,65.28
2021,58,Nantes,Gironde,REP,CE1,Mathématiques,22,22,-3.24,0,50.34,48.39
2021,58,Nantes,Gironde,REP,CM1,Français,19,22,-3.24,0,72.41,62.9
2021,58,Nantes,Gironde,REP,CM1,Mathématiques,21,22,-3.24,0,61.86,65.69
2021,58,Nantes,Gironde,REP,CM2,Français,18,22,-3.24,1,83.11,72.05
2021,58,Nantes,Gironde,REP,CM2,Mathématiques,20,22,-3.24,0,67.67,51.96
2021,58,Nantes,Gironde,REP,6e,Français,19,22,-3.24,0,75.69,74.87
2021,58,Nantes,Gironde,REP,6e,Mathématiques,27,22,-3.24,0,69.58,55.29
2021,59,Paris,Hérault,Hors EP,CP,Français,20,23,-7.55,0,71.0,56.71
2021,59,Paris,Hérault,Hors EP,CP,Mathématiques,19,23,-7.55,0,75.08,65.89
2021,59,Paris,Hérault,Hors EP,CE1,Français,21,23,-7.55,0,65.65,64.38
2021,59,Paris,Hérault,Hors EP,CE1,Mathématiques,19,23,-7.55,0,79.55,69.87
2021,59,Paris,Hérault,Hors EP,CM1,Français,20,23,-7.55,0,75.04,76.9
2021,59,Paris,Hérault,Hors EP,CM1,Mathématiques,23,23,-7.55,0,80.78,79.02
2021,59,Paris,Hérault,Hors EP,CM2,Français,22,23,-7.55,0,91.88,75.09
2021,59,Paris,Hérault,Hors EP,CM2,Mathématiques,23,23,-7.55,0,79.06,66.24
2021,59,Paris,Hérault,Hors EP,6e,Français,21,23,-7.55,0,85.99,75.12
2021,59,Paris,Hérault,Hors EP,6e,Mathématiques,20,23,-7.55,0,80.65,67.55
2021,60,Lyon,Loire,Hors EP,CP,Français,28,30,17.37,0,65.89,59.51
2021,60,Lyon,Loire,Hors EP,CP,Mathématiques,26,30,17.37,0,69.38,62.48
2021,60,Lyon,Loire,Hors EP,CE1,Français,25,30,17.37,0,75.12,68.39
2021,60,Lyon,Loire,Hors EP,CE1,Mathématiques,24,30,17.37,0,74.41,57.71
2021,60,Lyon,Loire,Hors EP,CM1,Français,30,30,17.37,0,78.96,76.84
2021,60,Lyon,Loire,Hors EP,CM1,Mathématiques,24,30,17.37,0,84.08,76.86
2021,60,Lyon,Loire,Hors EP,CM2,Français,27,30,17.37,0,82.59,65.74
2021,60,Lyon,Loire,Hors EP,CM2,Mathématiques,24,30,17.37,0,80.6,63.53
2021,60,Lyon,Loire,Hors EP,6e,Français,31,30,17.37,0,78.93,69.41
2021,60,Lyon,Loire,Hors EP,6e,Mathématiques,28,30,17.37,0,86.99,76.38
2021,61,Lille,Maine-et-Loire,Hors EP,CP,Français,28,28,-5.35,0,64.34,65.26
2021,61,Lille,Maine-et-Loire,Hors EP,CP,Mathématiques,33,28,-5.35,0,52.79,40.74
2021,61,Lille,Maine-et-Loire,Hors EP,CE1,Français,29,28,-5.35,0,73.57,74.82
2021,61,Lille,Maine-et-Loire,Hors EP,CE1,Mathématiques,30,28,-5.35,0,71.14,71.67
2021,61,Lille,Maine-et-Loire,Hors EP,CM1,Français,32,28,-5.35,0,76.02,60.28
2021,61,Lille,Maine-et-Loire,Hors EP,CM1,Mathématiques,28,28,-5.35,0,74.01,64.83
2021,61,Lille,Maine-et-Loire,Hors EP,CM2,Français,28,28,-5.35,0,87.71,70.86
2021,61,Lille,Maine-et-Loire,Hors EP,CM2,Mathématiques,30,28,-5.35,0,77.28,63.26
2021,61,Lille,Maine-et-Loire,Hors EP,6e,Français,25,28,-5.35,0,80.7,72.31
2021,61,Lille,Maine-et-Loire,Hors EP,6e,Mathématiques,28,28,-5.35,0,78.94,59.3
2021,62,Bordeaux,Moselle,REP,CP,Français,18,19,-11.57,1,71.03,61.65
2021,62,Bordeaux,Moselle,REP,CP,Mathématiques,16,19,-11.57,1,65.65,64.87
2021,62,Bordeaux,Moselle,REP,CE1,Français,19,19,-11.57,0,63.32,56.43
2021,62,Bordeaux,Moselle,REP,CE1,Mathématiques,17,19,-11.57,1,65.76,51.41
2021,62,Bordeaux,Moselle,REP,CM1,Français,22,19,-11.57,0,68.39,61.92
2021,62,Bordeaux,Moselle,REP,CM1,Mathématiques,20,19,-11.57,0,66.64,56.64
2021,62,Bordeaux,Moselle,REP,CM2,Français,18,19,-11.57,1,81.78,83.17
2021,62,Bordeaux,Moselle,REP,CM2,Mathématiques,22,19,-11.57,0,69.07,68.8
2021,62,Bordeaux,Moselle,REP,6e,Français,22,19,-11.57,0,70.1,61.55
2021,62,Bordeaux,Moselle,REP,6e,Mathématiques,19,19,-11.57,0,78.76,67.44
2021,63,Nantes,Nord,REP,CP,Français,18,17,-17.32,1,59.93,50.6
2021,63,Nantes,Nord,REP,CP,Mathématiques,20,17,-17.32,0,55.93,51.47
2021,63,Nantes,Nord,REP,CE1,Français,22,17,-17.32,0,65.71,59.34
2021,63,Nantes,Nord,REP,CE1,Mathématiques,20,17,-17.32,0,56.39,56.48
2021,63,Nantes,Nord,REP,CM1,Français,16,17,-17.32,1,86.3,79.39
2021,63,Nantes,Nord,REP,CM1,Mathématiques,16,17,-17.32,1,71.67,65.84
2021,63,Nantes,Nord,REP,CM2,Français,18,17,-17.32,1,85.67,71.46
2021,63,Nantes,Nord,REP,CM2,Mathématiques,23,17,-17.32,0,66.76,72.5
2021,63,Nantes,Nord,REP,6e,Français,21,17,-17.32,0,70.45,73.34
2021,63,Nantes,Nord,REP,6e,Mathématiques,22,17,-17.32,0,74.33,68.78
2021,64,Paris,Paris,REP,CP,Français,16,16,16.55,1,79.98,75.99
2021,64,Paris,Paris,REP,CP,Mathématiques,15,16,16.55,1,74.61,73.35
2021,64,Paris,Paris,REP,CE1,Français,15,16,16.55,1,75.32,66.92
2021,64,Paris,Paris,REP,CE1,Mathématiques,12,16,16.55,1,74.55,69.29
2021,64,Paris,Paris,REP,CM1,Français,15,16,16.55,1,83.84,71.79
2021,64,Paris,Paris,REP,CM1,Mathématiques,12,16,16.55,1,86.77,72.16
2021,64,Paris,Paris,REP,CM2,Français,13,16,16.55,1,93.4,83.4
2021,64,Paris,Paris,REP,CM2,Mathématiques,16,16,16.55,1,87.75,68.89
2021,64,Paris,Paris,REP,6e,Français,15,16,16.55,1,98.11,78.33
2021,64,Paris,Paris,REP,6e,Mathématiques,13,16,16.55,1,89.64,76.46
2021,65,Lyon,Puy-de-Dôme,Hors EP,CP,Français,17,23,11.05,0,73.88,54.32
2021,65,Lyon,Puy-de-Dôme,Hors EP,CP,Mathématiques,23,23,11.05,0,70.7,64.63
2021,65,Lyon,Puy-de-Dôme,Hors EP,CE1,Français,21,23,11.05,0,68.66,56.76
2021,65,Lyon,Puy-de-Dôme,Hors EP,CE1,Mathématiques,19,23,11.05,0,73.36,63.53
2021,65,Lyon,Puy-de-Dôme,Hors EP,CM1,Français,21,23,11.05,0,88.46,67.75
2021,65,Lyon,Puy-de-Dôme,Hors EP,CM1,Mathématiques,20,23,11.05,0,85.03,68.2
2021,65,Lyon,Puy-de-Dôme,Hors EP,CM2,Français,20,23,11.05,0,91.93,77.57
2021,65,Lyon,Puy-de-Dôme,Hors EP,CM2,Mathématiques,22,23,11.05,0,85.45,71.55
2021,65,Lyon,Puy-de-Dôme,Hors EP,6e,Français,17,23,11.05,0,97.74,81.96
2021,65,Lyon,Puy-de-Dôme,Hors EP,6e,Mathématiques,18,23,11.05,0,96.25,86.79
2021,66,Lille,Saône-et-Loire,REP,CP,Français,23,17,-20.14,0,52.36,46.31
2021,66,Lille,Saône-et-Loire,REP,CP,Mathématiques,15,17,-20.14,1,63.14,54.46
2021,66,Lille,Saône-et-Loire,REP,CE1,Français,22,17,-20.14,0,53.66,43.8
2021,66,Lille,Saône-et-Loire,REP,CE1,Mathématiques,19,17,-20.14,0,58.5,53.67
2021,66,Lille,Saône-et-Loire,REP,CM1,Français,19,17,-20.14,0,68.6,61.41
2021,66,Lille,Saône-et-Loire,REP,CM1,Mathématiques,14,17,-20.14,1,67.38,57.31
2021,66,Lille,Saône-et-Loire,REP,CM2,Français,15,17,-20.14,1,84.09,63.19
2021,66,Lille,Saône-et-Loire,REP,CM2,Mathématiques,17,17,-20.14,1,79.1,68.59
2021,66,Lille,Saône-et-Loire,REP,6e,Français,19,17,-20.14,0,76.51,63.69
2021,66,Lille,Saône-et-Loire,REP,6e,Mathématiques,21,17,-20.14,0,71.74,70.88
2021,67,Bordeaux,Ain,Hors EP,CP,Français,23,25,2.77,0,71.57,71.32
2021,67,Bordeaux,Ain,Hors EP,CP,Mathématiques,27,25,2.77,0,69.28,55.4
2021,67,Bordeaux,Ain,Hors EP,CE1,Français,21,25,2.77,0,77.91,71.83
2021,67,Bordeaux,Ain,Hors EP,CE1,Mathématiques,23,25,2.77,0,68.99,68.89
2021,67,Bordeaux,Ain,Hors EP,CM1,Français,26,25,2.77,0,83.19,69.36
2021,67,Bordeaux,Ain,Hors EP,CM1,Mathématiques,23,25,2.77,0,82.4,69.72
2021,67,Bordeaux,Ain,Hors EP,CM2,Français,22,25,2.77,0,82.92,68.83
2021,67,Bordeaux,Ain,Hors EP,CM2,Mathématiques,26,25,2.77,0,73.64,68.22
2021,67,Bordeaux,Ain,Hors EP,6e,Français,22,25,2.77,0,91.09,76.21
2021,67,Bordeaux,Ain,Hors EP,6e,Mathématiques,23,25,2.77,0,86.84,71.83
2021,68,Nantes,Bas-Rhin,REP+,CP,Français,19,24,-1.51,0,50.38,46.05
2021,68,Nantes,Bas-Rhin,REP+,CP,Mathématiques,23,24,-1.51,0,42.23,32.48
2021,68,Nantes,Bas-Rhin,REP+,CE1,Français,21,24,-1.51,0,53.16,48.22
2021,68,Nantes,Bas-Rhin,REP+,CE1,Mathématiques,23,24,-1.51,0,37.32,48.26
2021,68,Nantes,Bas-Rhin,REP+,CM1,Français,24,24,-1.51,0,54.89,50.07
2021,68,Nantes,Bas-Rhin,REP+,CM1,Mathématiques,22,24,-1.51,0,58.91,51.89
2021,68,Nantes,Bas-Rhin,REP+,CM2,Français,17,24,-1.51,1,86.63,78.69
2021,68,Nantes,Bas-Rhin,REP+,CM2,Mathématiques,21,24,-1.51,0,63.21,61.09
2021,68,Nantes,Bas-Rhin,REP+,6e,Français,23,24,-1.51,0,59.23,53.52
2021,68,Nantes,Bas-Rhin,REP+,6e,Mathématiques,20,24,-1.51,0,67.59,64.82
2021,69,Paris,Bouches-du-Rhône,REP+,CP,Français,15,13,1.85,1,69.86,61.08
2021,69,Paris,Bouches-du-Rhône,REP+,CP,Mathématiques,15,13,1.85,1,62.72,60.36
2021,69,Paris,Bouches-du-Rhône,REP+,CE1,Français,13,13,1.85,1,64.72,53.69
2021,69,Paris,Bouches-du-Rhône,REP+,CE1,Mathématiques,12,13,1.85,1,65.08,58.99
2021,69,Paris,Bouches-du-Rhône,REP+,CM1,Français,12,13,1.85,1,75.51,65.35
2021,69,Paris,Bouches-du-Rhône,REP+,CM1,Mathématiques,12,13,1.85,1,68.32,65.56
2021,69,Paris,Bouches-du-Rhône,REP+,CM2,Français,12,13,1.85,1,78.46,68.08
2021,69,Paris,Bouches-du-Rhône,REP+,CM2,Mathématiques,12,13,1.85,1,73.2,56.92
2021,69,Paris,Bouches-du-Rhône,REP+,6e,Français,13,13,1.85,1,76.38,72.3
2021,69,Paris,Bouches-du-Rhône,REP+,6e,Mathématiques,13,13,1.85,1,76.95,73.13
2021,70,Lyon,Gironde,Hors EP,CP,Français,27,21,15.71,0,61.55,52.78
2021,70,Lyon,Gironde,Hors EP,CP,Mathématiques,22,21,15.71,0,68.27,61.26
2021,70,Lyon,Gironde,Hors EP,CE1,Français,22,21,15.71,0,79.42,64.2
2021,70,Lyon,Gironde,Hors EP,CE1,Mathématiques,22,21,15.71,0,69.56,60.24
2021,70,Lyon,Gironde,Hors EP,CM1,Français,18,21,15.71,0,85.37,70.18
2021,70,Lyon,Gironde,Hors EP,CM1,Mathématiques,24,21,15.71,0,78.52,69.01
2021,70,Lyon,Gironde,Hors EP,CM2,Français,22,21,15.71,0,79.0,58.74
2021,70,Lyon,Gironde,Hors EP,CM2,Mathématiques,21,21,15.71,0,87.74,73.49
2021,70,Lyon,Gironde,Hors EP,6e,Français,20,21,15.71,0,94.3,77.49
2021,70,Lyon,Gironde,Hors EP,6e,Mathématiques,24,21,15.71,0,92.04,74.82
2021,71,Lille,Hérault,Hors EP,CP,Français,25,23,19.83,0,76.64,61.31
2021,71,Lille,Hérault,Hors EP,CP,Mathématiques,23,23,19.83,0,60.57,56.94
2021,71,Lille,Hérault,Hors EP,CE1,Français,27,23,19.83,0,62.08,58.16
2021,71,Lille,Hérault,Hors EP,CE1,Mathématiques,27,23,19.83,0,73.04,58.69
2021,71,Lille,Hérault,Hors EP,CM1,Français,27,23,19.83,0,79.62,72.1
2021,71,Lille,Hérault,Hors EP,CM1,Mathématiques,25,23,19.83,0,80.09,75.01
2021,71,Lille,Hérault,Hors EP,CM2,Français,24,23,19.83,0,88.56,81.47
2021,71,Lille,Hérault,Hors EP,CM2,Mathématiques,25,23,19.83,0,78.32,71.63
2021,71,Lille,Hérault,Hors EP,6e,Français,29,23,19.83,0,93.58,82.21
2021,71,Lille,Hérault,Hors EP,6e,Mathématiques,19,23,19.83,0,90.92,73.9
2021,72,Bordeaux,Loire,Hors EP,CP,Français,28,28,26.91,0,66.08,64.16
2021,72,Bordeaux,Loire,Hors EP,CP,Mathématiques,31,28,26.91,0,66.75,56.55
2021,72,Bordeaux,Loire,Hors EP,CE1,Français,30,28,26.91,0,67.08,56.63
2021,72,Bordeaux,Loire,Hors EP,CE1,Mathématiques,29,28,26.91,0,65.94,65.1
2021,72,Bordeaux,Loire,Hors EP,CM1,Français,28,28,26.91,0,78.54,64.0
2021,72,Bordeaux,Loire,Hors EP,CM1,Mathématiques,32,28,26.91,0,69.93,68.26
2021,72,Bordeaux,Loire,Hors EP,CM2,Français,32,28,26.91,0,78.92,68.82
2021,72,Bordeaux,Loire,Hors EP,CM2,Mathématiques,28,28,26.91,0,83.98,71.14
2021,72,Bordeaux,Loire,Hors EP,6e,Français,28,28,26.91,0,89.74,68.11
2021,72,Bordeaux,Loire,Hors EP,6e,Mathématiques,29,28,26.91,0,88.55,75.91
2021,73,Nantes,Maine-et-Loire,REP,CP,Français,18,18,-13.41,1,77.54,69.1
2021,73,Nantes,Maine-et-Loire,REP,CP,Mathématiques,18,18,-13.41,1,61.16,48.6
2021,73,Nantes,Maine-et-Loire,REP,CE1,Français,17,18,-13.41,1,76.11,64.62
2021,73,Nantes,Maine-et-Loire,REP,CE1,Mathématiques,17,18,-13.41,1,65.87,63.04
2021,73,Nantes,Maine-et-Loire,REP,CM1,Français,19,18,-13.41,0,65.97,58.32
2021,73,Nantes,Maine-et-Loire,REP,CM1,Mathématiques,25,18,-13.41,0,65.88,67.14
2021,73,Nantes,Maine-et-Loire,REP,CM2,Français,15,18,-13.41,1,83.01,68.22
2021,73,Nantes,Maine-et-Loire,REP,CM2,Mathématiques,20,18,-13.41,0,74.66,67.4
2021,73,Nantes,Maine-et-Loire,REP,6e,Français,17,18,-13.41,1,85.72,76.39
2021,73,Nantes,Maine-et-Loire,REP,6e,Mathématiques,21,18,-13.41,0,74.63,66.39
2021,74,Paris,Moselle,Hors EP,CP,Français,25,30,7.56,0,69.69,61.95
2021,74,Paris,Moselle,Hors EP,CP,Mathématiques,23,30,7.56,0,65.14,62.01
2021,74,Paris,Moselle,Hors EP,CE1,Français,23,30,7.56,0,79.37,68.71
2021,74,Paris,Moselle,Hors EP,CE1,Mathématiques,27,30,7.56,0,71.97,68.16
2021,74,Paris,Moselle,Hors EP,CM1,Français,24,30,7.56,0,82.65,74.89
2021,74,Paris,Moselle,Hors EP,CM1,Mathématiques,21,30,7.56,0,88.17,86.28
2021,74,Paris,Moselle,Hors EP,CM2,Français,27,30,7.56,0,86.73,76.92
2021,74,Paris,Moselle,Hors EP,CM2,Mathématiques,24,30,7.56,0,82.31,75.79
2021,74,Paris,Moselle,Hors EP,6e,Français,23,30,7.56,0,86.93,72.13
2021,74,Paris,Moselle,Hors EP,6e,Mathématiques,27,30,7.56,0,81.21,69.1
2021,75,Lyon,Nord,REP,CP,Français,18,17,-12.32,1,71.01,65.76
2021,75,Lyon,Nord,REP,CP,Mathématiques,19,17,-12.32,0,53.1,46.91
2021,75,Lyon,Nord,REP,CE1,Français,18,17,-12.32,1,71.87,68.41
2021,75,Lyon,Nord,REP,CE1,Mathématiques,18,17,-12.32,1,75.6,64.08
2021,75,Lyon,Nord,REP,CM1,Français,20,17,-12.32,0,77.18,67.75
2021,75,Lyon,Nord,REP,CM1,Mathématiques,18,17,-12.32,1,71.63,68.18
2021,75,Lyon,Nord,REP,CM2,Français,20,17,-12.32,0,70.8,66.07
2021,75,Lyon,Nord,REP,CM2,Mathématiques,18,17,-12.32,1,82.58,75.21
2021,75,Lyon,Nord,REP,6e,Français,18,17,-12.32,1,88.2,79.14
2021,75,Lyon,Nord,REP,6e,Mathématiques,20,17,-12.32,0,72.53,64.31
2021,76,Lille,Paris,Hors EP,CP,Français,26,28,-3.09,0,66.74,58.46
2021,76,Lille,Paris,Hors EP,CP,Mathématiques,27,28,-3.09,0,60.3,54.83
2021,76,Lille,Paris,Hors EP,CE1,Français,24,28,-3.09,0,76.18,68.0
2021,76,Lille,Paris,Hors EP,CE1,Mathématiques,25,28,-3.09,0,69.8,61.36
2021,76,Lille,Paris,Hors EP,CM1,Français,29,28,-3.09,0,73.04,67.85
2021,76,Lille,Paris,Hors EP,CM1,Mathématiques,24,28,-3.09,0,80.19,74.72
2021,76,Lille,Paris,Hors EP,CM2,Français,29,28,-3.09,0,86.65,75.38
2021,76,Lille,Paris,Hors EP,CM2,Mathématiques,29,28,-3.09,0,84.34,66.74
2021,76,Lille,Paris,Hors EP,6e,Français,24,28,-3.09,0,82.8,76.61
2021,76,Lille,Paris,Hors EP,6e,Mathématiques,22,28,-3.09,0,80.32,64.13
2021,77,Bordeaux,Puy-de-Dôme,Hors EP,CP,Français,25,29,-20.28,0,66.64,50.97
2021,77,Bordeaux,Puy-de-Dôme,Hors EP,CP,Mathématiques,23,29,-20.28,0,65.03,57.44
2021,77,Bordeaux,Puy-de-Dôme,Hors EP,CE1,Français,24,29,-20.28,0,76.77,77.94
2021,77,Bordeaux,Puy-de-Dôme,Hors EP,CE1,Mathématiques,24,29,-20.28,0,62.52,56.34
2021,77,Bordeaux,Puy-de-Dôme,Hors EP,CM1,Français,25,29,-20.28,0,76.33,69.96
2021,77,Bordeaux,Puy-de-Dôme,Hors EP,CM1,Mathématiques,31,29,-20.28,0,60.46,53.58
2021,77,Bordeaux,Puy-de-Dôme,Hors EP,CM2,Français,29,29,-20.28,0,75.62,70.37
2021,77,Bordeaux,Puy-de-Dôme,Hors EP,CM2,Mathématiques,27,29,-20.28,0,82.33,80.55
2021,77,Bordeaux,Puy-de-Dôme,Hors EP,6e,Français,26,29,-20.28,0,77.81,64.41
2021,77,Bordeaux,Puy-de-Dôme,Hors EP,6e,Mathématiques,30,29,-20.28,0,72.7,66.92
2021,78,Nantes,Saône-et-Loire,REP,CP,Français,15,15,0.43,1,66.69,50.36
2021,78,Nantes,Saône-et-Loire,REP,CP,Mathématiques,18,15,0.43,1,66.08,52.32
2021,78,Nantes,Saône-et-Loire,REP,CE1,Français,16,15,0.43,1,76.97,66.33
2021,78,Nantes,Saône-et-Loire,REP,CE1,Mathématiques,16,15,0.43,1,71.52,60.1
2021,78,Nantes,Saône-et-Loire,REP,CM1,Français,16,15,0.43,1,83.66,77.06
2021,78,Nantes,Saône-et-Loire,REP,CM1,Mathématiques,18,15,0.43,1,74.31,68.71
2021,78,Nantes,Saône-et-Loire,REP,CM2,Français,17,15,0.43,1,82.16,68.55
2021,78,Nantes,Saône-et-Loire,REP,CM2,Mathématiques,18,15,0.43,1,88.55,66.15
2021,78,Nantes,Saône-et-Loire,REP,6e,Français,20,15,0.43,0,84.79,73.65
2021,78,Nantes,Saône-et-Loire,REP,6e,Mathématiques,15,15,0.43,1,89.11,72.39
2021,79,Paris,Ain,REP,CP,Français,16,15,27.99,1,74.58,65.56
2021,79,Paris,Ain,REP,CP,Mathématiques,14,15,27.99,1,69.28,62.56
2021,79,Paris,Ain,REP,CE1,Français,16,15,27.99,1,74.27,67.9
2021,79,Paris,Ain,REP,CE1,Mathématiques,16,15,27.99,1,76.43,70.5
2021,79,Paris,Ain,REP,CM1,Français,16,15,27.99,1,82.9,78.78
2021,79,Paris,Ain,REP,CM1,Mathématiques,14,15,27.99,1,72.23,66.89
2021,79,Paris,Ain,REP,CM2,Français,14,15,27.99,1,83.81,76.42
2021,79,Paris,Ain,REP,CM2,Mathématiques,16,15,27.99,1,79.97,79.06
2021,79,Paris,Ain,REP,6e,Français,12,15,27.99,1,93.27,68.98
2021,79,Paris,Ain,REP,6e,Mathématiques,17,15,27.99,1,87.77,78.78
2021,80,Lyon,Bas-Rhin,Hors EP,CP,Français,29,26,-19.25,0,61.95,48.03
2021,80,Lyon,Bas-Rhin,Hors EP,CP,Mathématiques,25,26,-19.25,0,60.37,63.83
2021,80,Lyon,Bas-Rhin,Hors EP,CE1,Français,30,26,-19.25,0,64.62,61.3
2021,80,Lyon,Bas-Rhin,Hors EP,CE1,Mathématiques,23,26,-19.25,0,66.95,62.53
2021,80,Lyon,Bas-Rhin,Hors EP,CM1,Français,28,26,-19.25,0,71.56,63.47
2021,80,Lyon,Bas-Rhin,Hors EP,CM1,Mathématiques,29,26,-19.25,0,70.05,66.94
2021,80,Lyon,Bas-Rhin,Hors EP,CM2,Français,29,26,-19.25,0,80.39,78.23
2021,80,Lyon,Bas-Rhin,Hors EP,CM2,Mathématiques,30,26,-19.25,0,82.02,67.42
2021,80,Lyon,Bas-Rhin,Hors EP,6e,Français,24,26,-19.25,0,86.96,73.0
2021,80,Lyon,Bas-Rhin,Hors EP,6e,Mathématiques,32,26,-19.25,0,72.3,63.77
2021,81,Lille,Bouches-du-Rhône,REP,CP,Français,23,23,4.3,0,64.23,58.84
2021,81,Lille,Bouches-du-Rhône,REP,CP,Mathématiques,18,23,4.3,1,74.72,60.42
2021,81,Lille,Bouches-du-Rhône,REP,CE1,Français,24,23,4.3,0,66.46,67.64
2021,81,Lille,Bouches-du-Rhône,REP,CE1,Mathématiques,22,23,4.3,0,49.71,43.61
2021,81,Lille,Bouches-du-Rhône,REP,CM1,Français,21,23,4.3,0,66.08,58.36
2021,81,Lille,Bouches-du-Rhône,REP,CM1,Mathématiques,22,23,4.3,0,64.45,52.73
2021,81,Lille,Bouches-du-Rhône,REP,CM2,Français,22,23,4.3,0,75.53,65.12
2021,81,Lille,Bouches-du-Rhône,REP,CM2,Mathématiques,22,23,4.3,0,70.64,69.69
2021,81,Lille,Bouches-du-Rhône,REP,6e,Français,20,23,4.3,0,85.97,64.09
2021,81,Lille,Bouches-du-Rhône,REP,6e,Mathématiques,21,23,4.3,0,74.33,61.25
2021,82,Bordeaux,Gironde,REP+,CP,Français,21,21,8.59,0,48.38,43.72
2021,82,Bordeaux,Gironde,REP+,CP,Mathématiques,16,21,8.59,1,58.81,54.1
2021,82,Bordeaux,Gironde,REP+,CE1,Français,22,21,8.59,0,55.94,47.74
2021,82,Bordeaux,Gironde,REP+,CE1,Mathématiques,21,21,8.59,0,51.49,45.34
2021,82,Bordeaux,Gironde,REP+,CM1,Français,16,21,8.59,1,76.14,69.01
2021,82,Bordeaux,Gironde,REP+,CM1,Mathématiques,21,21,8.59,0,55.35,53.5
2021,82,Bordeaux,Gironde,REP+,CM2,Français,17,21,8.59,1,73.89,65.41
2021,82,Bordeaux,Gironde,REP+,CM2,Mathématiques,21,21,8.59,0,56.3,48.0
2021,82,Bordeaux,Gironde,REP+,6e,Français,19,21,8.59,0,77.74,63.8
2021,82,Bordeaux,Gironde,REP+,6e,Mathématiques,20,21,8.59,0,70.63,61.78
2021,83,Nantes,Hérault,Hors EP,CP,Français,24,21,17.21,0,75.76,72.02
2021,83,Nantes,Hérault,Hors EP,CP,Mathématiques,15,21,17.21,0,70.1,61.11
2021,83,Nantes,Hérault,Hors EP,CE1,Français,26,21,17.21,0,72.76,68.2
2021,83,Nantes,Hérault,Hors EP,CE1,Mathématiques,21,21,17.21,0,77.27,67.42
2021,83,Nantes,Hérault,Hors EP,CM1,Français,17,21,17.21,0,75.21,72.55
2021,83,Nantes,Hérault,Hors EP,CM1,Mathématiques,18,21,17.21,0,75.96,68.84
2021,83,Nantes,Hérault,Hors EP,CM2,Français,21,21,17.21,0,93.12,83.9
2021,83,Nantes,Hérault,Hors EP,CM2,Mathématiques,18,21,17.21,0,85.43,71.5
2021,83,Nantes,Hérault,Hors EP,6e,Français,22,21,17.21,0,84.3,72.97
2021,83,Nantes,Hérault,Hors EP,6e,Mathématiques,22,21,17.21,0,94.77,82.99
2021,84,Paris,Loire,Hors EP,CP,Français,19,17,3.96,0,69.59,53.55
2021,84,Paris,Loire,Hors EP,CP,Mathématiques,20,17,3.96,0,66.81,58.87
2021,84,Paris,Loire,Hors EP,CE1,Français,17,17,3.96,0,83.25,77.0
2021,84,Paris,Loire,Hors EP,CE1,Mathématiques,17,17,3.96,0,72.03,67.51
2021,84,Paris,Loire,Hors EP,CM1,Français,18,17,3.96,0,77.61,74.87
2021,84,Paris,Loire,Hors EP,CM1,Mathématiques,12,17,3.96,0,87.43,71.28
2021,84,Paris,Loire,Hors EP,CM2,Français,18,17,3.96,0,93.07,78.1
2021,84,Paris,Loire,Hors EP,CM2,Mathématiques,17,17,3.96,0,87.39,77.99
2021,84,Paris,Loire,Hors EP,6e,Français,21,17,3.96,0,87.04,58.25
2021,84,Paris,Loire,Hors EP,6e,Mathématiques,15,17,3.96,0,90.6,74.72
2021,85,Lyon,Maine-et-Loire,REP,CP,Français,25,23,5.41,0,57.07,56.25
2021,85,Lyon,Maine-et-Loire,REP,CP,Mathématiques,25,23,5.41,0,52.89,49.23
2021,85,Lyon,Maine-et-Loire,REP,CE1,Français,24,23,5.41,0,63.25,62.46
2021,85,Lyon,Maine-et-Loire,REP,CE1,Mathématiques,19,23,5.41,0,61.22,51.3
2021,85,Lyon,Maine-et-Loire,REP,CM1,Français,24,23,5.41,0,69.82,61.11
2021,85,Lyon,Maine-et-Loire,REP,CM1,Mathématiques,21,23,5.41,0,68.94,61.21
2021,85,Lyon,Maine-et-Loire,REP,CM2,Français,27,23,5.41,0,76.83,72.25
2021,85,Lyon,Maine-et-Loire,REP,CM2,Mathématiques,24,23,5.41,0,76.76,68.4
2021,85,Lyon,Maine-et-Loire,REP,6e,Français,22,23,5.41,0,75.31,62.69
2021,85,Lyon,Maine-et-Loire,REP,6e,Mathématiques,23,23,5.41,0,76.53,59.97
2021,86,Lille,Moselle,REP+,CP,Français,19,20,-0.31,0,46.79,42.26
2021,86,Lille,Moselle,REP+,CP,Mathématiques,18,20,-0.31,1,61.56,58.02
2021,86,Lille,Moselle,REP+,CE1,Français,16,20,-0.31,1,65.2,66.89
2021,86,Lille,Moselle,REP+,CE1,Mathématiques,19,20,-0.31,0,52.63,45.66
2021,86,Lille,Moselle,REP+,CM1,Français,16,20,-0.31,1,72.29,65.54
2021,86,Lille,Moselle,REP+,CM1,Mathématiques,19,20,-0.31,0,61.11,54.7
2021,86,Lille,Moselle,REP+,CM2,Français,17,20,-0.31,1,86.47,71.02
2021,86,Lille,Moselle,REP+,CM2,Mathématiques,15,20,-0.31,1,66.89,58.72
2021,86,Lille,Moselle,REP+,6e,Français,20,20,-0.31,0,68.87,69.22
2021,86,Lille,Moselle,REP+,6e,Mathématiques,18,20,-0.31,1,84.26,68.51
2021,87,Bordeaux,Nord,Hors EP,CP,Français,25,25,-2.15,0,71.39,56.44
2021,87,Bordeaux,Nord,Hors EP,CP,Mathématiques,23,25,-2.15,0,65.21,56.99
2021,87,Bordeaux,Nord,Hors EP,CE1,Français,25,25,-2.15,0,70.47,52.89
2021,87,Bordeaux,Nord,Hors EP,CE1,Mathématiques,23,25,-2.15,0,66.75,62.87
2021,87,Bordeaux,Nord,Hors EP,CM1,Français,26,25,-2.15,0,68.06,57.41
2021,87,Bordeaux,Nord,Hors EP,CM1,Mathématiques,25,25,-2.15,0,69.4,66.11
2021,87,Bordeaux,Nord,Hors EP,CM2,Français,27,25,-2.15,0,81.21,66.36
2021,87,Bordeaux,Nord,Hors EP,CM2,Mathématiques,18,25,-2.15,0,90.71,86.69
2021,87,Bordeaux,Nord,Hors EP,6e,Français,28,25,-2.15,0,85.16,67.45
2021,87,Bordeaux,Nord,Hors EP,6e,Mathématiques,26,25,-2.15,0,84.27,74.7
2021,88,Nantes,Paris,REP,CP,Français,19,23,12.79,0,57.78,41.8
2021,88,Nantes,Paris,REP,CP,Mathématiques,19,23,12.79,0,54.01,53.83
2021,88,Nantes,Paris,REP,CE1,Français,19,23,12.79,0,64.91,63.2
2021,88,Nantes,Paris,REP,CE1,Mathématiques,21,23,12.79,0,60.61,64.65
2021,88,Nantes,Paris,REP,CM1,Français,22,23,12.79,0,67.36,58.95
2021,88,Nantes,Paris,REP,CM1,Mathématiques,22,23,12.79,0,67.15,55.05
2021,88,Nantes,Paris,REP,CM2,Français,22,23,12.79,0,79.89,75.23
2021,88,Nantes,Paris,REP,CM2,Mathématiques,24,23,12.79,0,78.75,77.2
2021,88,Nantes,Paris,REP,6e,Français,21,23,12.79,0,79.2,59.71
2021,88,Nantes,Paris,REP,6e,Mathématiques,20,23,12.79,0,80.37,69.87
2021,89,Paris,Puy-de-Dôme,Hors EP,CP,Français,23,27,-12.31,0,71.27,69.05
2021,89,Paris,Puy-de-Dôme,Hors EP,CP,Mathématiques,27,27,-12.31,0,61.02,57.41
2021,89,Paris,Puy-de-Dôme,Hors EP,CE1,Français,24,27,-12.31,0,75.34,68.92
2021,89,Paris,Puy-de-Dôme,Hors EP,CE1,Mathématiques,27,27,-12.31,0,56.23,55.33
2021,89,Paris,Puy-de-Dôme,Hors EP,CM1,Français,24,27,-12.31,0,77.36,56.29
2021,89,Paris,Puy-de-Dôme,Hors EP,CM1,Mathématiques,23,27,-12.31,0,73.13,73.11
2021,89,Paris,Puy-de-Dôme,Hors EP,CM2,Français,24,27,-12.31,0,79.84,59.03
2021,89,Paris,Puy-de-Dôme,Hors EP,CM2,Mathématiques,24,27,-12.31,0,83.56,70.74
2021,89,Paris,Puy-de-Dôme,Hors EP,6e,Français,25,27,-12.31,0,85.96,78.79
2021,89,Paris,Puy-de-Dôme,Hors EP,6e,Mathématiques,25,27,-12.31,0,77.15,60.48
2021,90,Lyon,Saône-et-Loire,REP,CP,Français,24,23,-18.84,0,48.5,46.4
2021,90,Lyon,Saône-et-Loire,REP,CP,Mathématiques,23,23,-18.84,0,51.13,55.4
2021,90,Lyon,Saône-et-Loire,REP,CE1,Français,28,23,-18.84,0,51.88,44.63
2021,90,Lyon,Saône-et-Loire,REP,CE1,Mathématiques,24,23,-18.84,0,61.98,55.13
2021,90,Lyon,Saône-et-Loire,REP,CM1,Français,25,23,-18.84,0,58.97,55.21
2021,90,Lyon,Saône-et-Loire,REP,CM1,Mathématiques,20,23,-18.84,0,64.29,58.13
2021,90,Lyon,Saône-et-Loire,REP,CM2,Français,25,23,-18.84,0,75.74,64.56
2021,90,Lyon,Saône-et-Loire,REP,CM2,Mathématiques,18,23,-18.84,1,79.13,70.3
2021,90,Lyon,Saône-et-Loire,REP,6e,Français,24,23,-18.84,0,72.93,72.03
2021,90,Lyon,Saône-et-Loire,REP,6e,Mathématiques,23,23,-18.84,0,71.07,59.44
2021,91,Lille,Ain,Hors EP,CP,Français,25,25,-12.71,0,66.83,57.32
2021,91,Lille,Ain,Hors EP,CP,Mathématiques,23,25,-12.71,0,68.1,60.18
2021,91,Lille,Ain,Hors EP,CE1,Français,24,25,-12.71,0,68.5,60.93
2021,91,Lille,Ain,Hors EP,CE1,Mathématiques,27,25,-12.71,0,67.6,59.79
2021,91,Lille,Ain,Hors EP,CM1,Français,26,25,-12.71,0,82.71,73.7
2021,91,Lille,Ain,Hors EP,CM1,Mathématiques,26,25,-12.71,0,76.45,66.19
2021,91,Lille,Ain,Hors EP,CM2,Français,25,25,-12.71,0,80.27,61.83
2021,91,Lille,Ain,Hors EP,CM2,Mathématiques,26,25,-12.71,0,80.13,68.05
2021,91,Lille,Ain,Hors EP,6e,Français,28,25,-12.71,0,81.53,61.58
2021,91,Lille,Ain,Hors EP,6e,Mathématiques,23,25,-12.71,0,79.34,70.64
2021,92,Bordeaux,Bas-Rhin,Hors EP,CP,Français,25,32,-11.1,0,70.07,67.55
2021,92,Bordeaux,Bas-Rhin,Hors EP,CP,Mathématiques,22,32,-11.1,0,68.64,50.68
2021,92,Bordeaux,Bas-Rhin,Hors EP,CE1,Français,26,32,-11.1,0,75.69,81.52
2021,92,Bordeaux,Bas-Rhin,Hors EP,CE1,Mathématiques,26,32,-11.1,0,62.16,54.7
2021,92,Bordeaux,Bas-Rhin,Hors EP,CM1,Français,27,32,-11.1,0,72.85,59.92
2021,92,Bordeaux,Bas-Rhin,Hors EP,CM1,Mathématiques,26,32,-11.1,0,75.55,65.53
2021,92,Bordeaux,Bas-Rhin,Hors EP,CM2,Français,25,32,-11.1,0,79.65,67.09
2021,92,Bordeaux,Bas-Rhin,Hors EP,CM2,Mathématiques,25,32,-11.1,0,76.49,70.23
2021,92,Bordeaux,Bas-Rhin,Hors EP,6e,Français,26,32,-11.1,0,78.88,73.76
2021,92,Bordeaux,Bas-Rhin,Hors EP,6e,Mathématiques,28,32,-11.1,0,75.74,64.68
2021,93,Nantes,Bouches-du-Rhône,Hors EP,CP,Français,26,24,-0.87,0,61.33,63.73
2021,93,Nantes,Bouches-du-Rhône,Hors EP,CP,Mathématiques,28,24,-0.87,0,59.83,56.65
2021,93,Nantes,Bouches-du-Rhône,Hors EP,CE1,Français,28,24,-0.87,0,70.45,70.69
2021,93,Nantes,Bouches-du-Rhône,Hors EP,CE1,Mathématiques,33,24,-0.87,0,62.13,54.33
2021,93,Nantes,Bouches-du-Rhône,Hors EP,CM1,Français,24,24,-0.87,0,69.83,68.73
2021,93,Nantes,Bouches-du-Rhône,Hors EP,CM1,Mathématiques,25,24,-0.87,0,79.83,74.67
2021,93,Nantes,Bouches-du-Rhône,Hors EP,CM2,Français,23,24,-0.87,0,81.51,79.15
2021,93,Nantes,Bouches-du-Rhône,Hors EP,CM2,Mathématiques,26,24,-0.87,0,77.02,62.15
2021,93,Nantes,Bouches-du-Rhône,Hors EP,6e,Français,26,24,-0.87,0,94.78,82.88
2021,93,Nantes,Bouches-du-Rhône,Hors EP,6e,Mathématiques,26,24,-0.87,0,92.14,84.64
2021,94,Paris,Gironde,REP,CP,Français,27,25,13.18,0,58.84,53.77
2021,94,Paris,Gironde,REP,CP,Mathématiques,29,25,13.18,0,60.74,61.06
2021,94,Paris,Gironde,REP,CE1,Français,29,25,13.18,0,53.49,52.32
2021,94,Paris,Gironde,REP,CE1,Mathématiques,25,25,13.18,0,61.57,61.18
2021,94,Paris,Gironde,REP,CM1,Français,28,25,13.18,0,71.37,71.14
2021,94,Paris,Gironde,REP,CM1,Mathématiques,28,25,13.18,0,63.43,55.19
2021,94,Paris,Gironde,REP,CM2,Français,27,25,13.18,0,64.93,56.76
2021,94,Paris,Gironde,REP,CM2,Mathématiques,28,25,13.18,0,58.41,57.6
2021,94,Paris,Gironde,REP,6e,Français,31,25,13.18,0,71.15,49.89
2021,94,Paris,Gironde,REP,6e,Mathématiques,27,25,13.18,0,65.51,56.5
2021,95,Lyon,Hérault,Hors EP,CP,Français,15,20,9.95,0,72.99,74.8
2021,95,Lyon,Hérault,Hors EP,CP,Mathématiques,18,20,9.95,0,77.7,70.31
2021,95,Lyon,Hérault,Hors EP,CE1,Français,17,20,9.95,0,86.18,83.13
2021,95,Lyon,Hérault,Hors EP,CE1,Mathématiques,13,20,9.95,0,77.34,67.37
2021,95,Lyon,Hérault,Hors EP,CM1,Français,16,20,9.95,0,90.91,78.1
2021,95,Lyon,Hérault,Hors EP,CM1,Mathématiques,22,20,9.95,0,84.85,79.52
2021,95,Lyon,Hérault,Hors EP,CM2,Français,14,20,9.95,0,87.87,71.13
2021,95,Lyon,Hérault,Hors EP,CM2,Mathématiques,20,20,9.95,0,82.34,66.3
2021,95,Lyon,Hérault,Hors EP,6e,Français,14,20,9.95,0,100.0,82.29
2021,95,Lyon,Hérault,Hors EP,6e,Mathématiques,18,20,9.95,0,88.36,79.88
2021,96,Lille,Loire,Hors EP,CP,Français,19,24,2.63,0,81.57,72.99
2021,96,Lille,Loire,Hors EP,CP,Mathématiques,19,24,2.63,0,76.2,64.85
2021,96,Lille,Loire,Hors EP,CE1,Français,20,24,2.63,0,81.85,58.39
2021,96,Lille,Loire,Hors EP,CE1,Mathématiques,23,24,2.63,0,68.91,58.28
2021,96,Lille,Loire,Hors EP,CM1,Français,26,24,2.63,0,76.02,71.48
2021,96,Lille,Loire,Hors EP,CM1,Mathématiques,22,24,2.63,0,80.74,68.65
2021,96,Lille,Loire,Hors EP,CM2,Français,20,24,2.63,0,95.69,84.72
2021,96,Lille,Loire,Hors EP,CM2,Mathématiques,20,24,2.63,0,81.11,67.23
2021,96,Lille,Loire,Hors EP,6e,Français,23,24,2.63,0,96.42,83.34
2021,96,Lille,Loire,Hors EP,6e,Mathématiques,17,24,2.63,0,96.01,86.8
2021,97,Bordeaux,Maine-et-Loire,REP+,CP,Français,20,21,8.22,0,57.25,56.99
2021,97,Bordeaux,Maine-et-Loire,REP+,CP,Mathématiques,28,21,8.22,0,44.53,43.26
2021,97,Bordeaux,Maine-et-Loire,REP+,CE1,Français,22,21,8.22,0,53.56,48.87
2021,97,Bordeaux,Maine-et-Loire,REP+,CE1,Mathématiques,26,21,8.22,0,53.83,44.12
2021,97,Bordeaux,Maine-et-Loire,REP+,CM1,Français,23,21,8.22,0,60.07,51.94
2021,97,Bordeaux,Maine-et-Loire,REP+,CM1,Mathématiques,24,21,8.22,0,62.46,61.93
2021,97,Bordeaux,Maine-et-Loire,REP+,CM2,Français,26,21,8.22,0,58.85,55.2
2021,97,Bordeaux,Maine-et-Loire,REP+,CM2,Mathématiques,21,21,8.22,0,64.66,60.62
2021,97,Bordeaux,Maine-et-Loire,REP+,6e,Français,25,21,8.22,0,73.9,68.69
2021,97,Bordeaux,Maine-et-Loire,REP+,6e,Mathématiques,21,21,8.22,0,62.5,60.1
2021,98,Nantes,Moselle,Hors EP,CP,Français,25,23,25.02,0,72.77,58.65
2021,98,Nantes,Moselle,Hors EP,CP,Mathématiques,24,23,25.02,0,72.99,67.15
2021,98,Nantes,Moselle,Hors EP,CE1,Français,22,23,25.02,0,78.45,65.26
2021,98,Nantes,Moselle,Hors EP,CE1,Mathématiques,28,23,25.02,0,74.33,62.92
2021,98,Nantes,Moselle,Hors EP,CM1,Français,21,23,25.02,0,86.85,71.6
2021,98,Nantes,Moselle,Hors EP,CM1,Mathématiques,23,23,25.02,0,75.69,61.41
2021,98,Nantes,Moselle,Hors EP,CM2,Français,24,23,25.02,0,86.7,86.44
2021,98,Nantes,Moselle,Hors EP,CM2,Mathématiques,25,23,25.02,0,78.82,60.92
2021,98,Nantes,Moselle,Hors EP,6e,Français,25,23,25.02,0,90.22,83.0
2021,98,Nantes,Moselle,Hors EP,6e,Mathématiques,25,23,25.02,0,80.08,64.36
2021,99,Paris,Nord,REP,CP,Français,18,20,1.83,1,70.55,64.82
2021,99,Paris,Nord,REP,CP,Mathématiques,25,20,1.83,0,53.33,47.18
2021,99,Paris,Nord,REP,CE1,Français,25,20,1.83,0,58.4,58.58
2021,99,Paris,Nord,REP,CE1,Mathématiques,19,20,1.83,0,62.03,53.17
2021,99,Paris,Nord,REP,CM1,Français,22,20,1.83,0,71.54,61.17
2021,99,Paris,Nord,REP,CM1,Mathématiques,20,20,1.83,0,68.33,57.34
2021,99,Paris,Nord,REP,CM2,Français,17,20,1.83,1,87.11,73.7
2021,99,Paris,Nord,REP,CM2,Mathématiques,21,20,1.83,0,73.16,68.06
2021,99,Paris,Nord,REP,6e,Français,21,20,1.83,0,73.77,61.97
2021,99,Paris,Nord,REP,6e,Mathématiques,22,20,1.83,0,75.53,63.61
2021,100,Lyon,Paris,Hors EP,CP,Français,28,26,9.03,0,65.98,64.61
2021,100,Lyon,Paris,Hors EP,CP,Mathématiques,26,26,9.03,0,67.39,49.88
2021,100,Lyon,Paris,Hors EP,CE1,Français,24,26,9.03,0,70.86,61.59
2021,100,Lyon,Paris,Hors EP,CE1,Mathématiques,26,26,9.03,0,70.88,64.63
2021,100,Lyon,Paris,Hors EP,CM1,Français,24,26,9.03,0,84.1,81.23
2021,100,Lyon,Paris,Hors EP,CM1,Mathématiques,25,26,9.03,0,74.1,61.96
2021,100,Lyon,Paris,Hors EP,CM2,Français,26,26,9.03,0,81.82,61.98
2021,100,Lyon,Paris,Hors EP,CM2,Mathématiques,22,26,9.03,0,89.37,82.18
2021,100,Lyon,Paris,Hors EP,6e,Français,30,26,9.03,0,86.6,68.94
2021,100,Lyon,Paris,Hors EP,6e,Mathématiques,25,26,9.03,0,80.37,62.0
2021,101,Lille,Puy-de-Dôme,Hors EP,CP,Français,23,24,-1.0,0,70.13,61.28
2021,101,Lille,Puy-de-Dôme,Hors EP,CP,Mathématiques,25,24,-1.0,0,67.43,54.78
2021,101,Lille,Puy-de-Dôme,Hors EP,CE1,Français,26,24,-1.0,0,74.91,73.04
2021,101,Lille,Puy-de-Dôme,Hors EP,CE1,Mathématiques,27,24,-1.0,0,72.77,62.27
2021,101,Lille,Puy-de-Dôme,Hors EP,CM1,Français,25,24,-1.0,0,84.95,65.91
2021,101,Lille,Puy-de-Dôme,Hors EP,CM1,Mathématiques,25,24,-1.0,0,80.96,69.0
2021,101,Lille,Puy-de-Dôme,Hors EP,CM2,Français,25,24,-1.0,0,82.69,71.81
2021,101,Lille,Puy-de-Dôme,Hors EP,CM2,Mathématiques,29,24,-1.0,0,81.44,70.44
2021,101,Lille,Puy-de-Dôme,Hors EP,6e,Français,29,24,-1.0,0,86.82,78.33
2021,101,Lille,Puy-de-Dôme,Hors EP,6e,Mathématiques,23,24,-1.0,0,95.5,81.04
2021,102,Bordeaux,Saône-et-Loire,Hors EP,CP,Français,27,34,-4.75,0,68.61,57.21
2021,102,Bordeaux,Saône-et-Loire,Hors EP,CP,Mathématiques,28,34,-4.75,0,60.24,54.5
2021,102,Bordeaux,Saône-et-Loire,Hors EP,CE1,Français,28,34,-4.75,0,73.57,66.38
2021,102,Bordeaux,Saône-et-Loire,Hors EP,CE1,Mathématiques,30,34,-4.75,0,67.68,60.56
2021,102,Bordeaux,Saône-et-Loire,Hors EP,CM1,Français,26,34,-4.75,0,85.65,77.88
2021,102,Bordeaux,Saône-et-Loire,Hors EP,CM1,Mathématiques,33,34,-4.75,0,72.89,62.26
2021,102,Bordeaux,Saône-et-Loire,Hors EP,CM2,Français,23,34,-4.75,0,79.7,72.38
2021,102,Bordeaux,Saône-et-Loire,Hors EP,CM2,Mathématiques,29,34,-4.75,0,74.94,53.48
2021,102,Bordeaux,Saône-et-Loire,Hors EP,6e,Français,29,34,-4.75,0,79.96,65.75
2021,102,Bordeaux,Saône-et-Loire,Hors EP,6e,Mathématiques,31,34,-4.75,0,75.4,61.6
2021,103,Nantes,Ain,Hors EP,CP,Français,24,28,17.61,0,65.47,51.82
2021,103,Nantes,Ain,Hors EP,CP,Mathématiques,23,28,17.61,0,71.43,58.68
2021,103,Nantes,Ain,Hors EP,CE1,Français,23,28,17.61,0,78.62,72.58
2021,103,Nantes,Ain,Hors EP,CE1,Mathématiques,30,28,17.61,0,71.55,59.06
2021,103,Nantes,Ain,Hors EP,CM1,Français,28,28,17.61,0,80.65,67.47
2021,103,Nantes,Ain,Hors EP,CM1,Mathématiques,27,28,17.61,0,70.68,59.92
2021,103,Nantes,Ain,Hors EP,CM2,Français,28,28,17.61,0,90.2,82.09
2021,103,Nantes,Ain,Hors EP,CM2,Mathématiques,29,28,17.61,0,79.87,68.94
2021,103,Nantes,Ain,Hors EP,6e,Français,23,28,17.61,0,89.15,71.61
2021,103,Nantes,Ain,Hors EP,6e,Mathématiques,28,28,17.61,0,89.67,79.66
2021,104,Paris,Bas-Rhin,REP,CP,Français,18,19,-0.6,1,73.19,62.97
2021,104,Paris,Bas-Rhin,REP,CP,Mathématiques,20,19,-0.6,0,59.55,51.79
2021,104,Paris,Bas-Rhin,REP,CE1,Français,22,19,-0.6,0,55.56,54.32
2021,104,Paris,Bas-Rhin,REP,CE1,Mathématiques,20,19,-0.6,0,64.15,51.75
2021,104,Paris,Bas-Rhin,REP,CM1,Français,16,19,-0.6,1,83.6,69.9
2021,104,Paris,Bas-Rhin,REP,CM1,Mathématiques,20,19,-0.6,0,63.46,62.72
2021,104,Paris,Bas-Rhin,REP,CM2,Français,21,19,-0.6,0,74.61,59.89
2021,104,Paris,Bas-Rhin,REP,CM2,Mathématiques,21,19,-0.6,0,66.06,56.63
2021,104,Paris,Bas-Rhin,REP,6e,Français,17,19,-0.6,1,89.52,81.2
2021,104,Paris,Bas-Rhin,REP,6e,Mathématiques,21,19,-0.6,0,73.54,65.55
2021,105,Lyon,Bouches-du-Rhône,Hors EP,CP,Français,24,27,-12.48,0,60.5,59.02
2021,105,Lyon,Bouches-du-Rhône,Hors EP,CP,Mathématiques,21,27,-12.48,0,73.4,52.69
2021,105,Lyon,Bouches-du-Rhône,Hors EP,CE1,Français,28,27,-12.48,0,61.43,50.77
2021,105,Lyon,Bouches-du-Rhône,Hors EP,CE1,Mathématiques,25,27,-12.48,0,71.29,62.06
2021,105,Lyon,Bouches-du-Rhône,Hors EP,CM1,Français,26,27,-12.48,0,73.02,62.65
2021,105,Lyon,Bouches-du-Rhône,Hors EP,CM1,Mathématiques,23,27,-12.48,0,73.88,55.57
2021,105,Lyon,Bouches-du-Rhône,Hors EP,CM2,Français,24,27,-12.48,0,82.88,76.75
2021,105,Lyon,Bouches-du-Rhône,Hors EP,CM2,Mathématiques,21,27,-12.48,0,80.23,75.57
2021,105,Lyon,Bouches-du-Rhône,Hors EP,6e,Français,25,27,-12.48,0,89.97,78.45
2021,105,Lyon,Bouches-du-Rhône,Hors EP,6e,Mathématiques,25,27,-12.48,0,92.7,78.49
2021,106,Lille,Gironde,Hors EP,CP,Français,27,24,-1.32,0,63.35,55.52
2021,106,Lille,Gironde,Hors EP,CP,Mathématiques,27,24,-1.32,0,61.57,61.74
2021,106,Lille,Gironde,Hors EP,CE1,Français,24,24,-1.32,0,69.29,71.65
2021,106,Lille,Gironde,Hors EP,CE1,Mathématiques,22,24,-1.32,0,72.42,73.5
2021,106,Lille,Gironde,Hors EP,CM1,Français,26,24,-1.32,0,84.0,75.38
2021,106,Lille,Gironde,Hors EP,CM1,Mathématiques,26,24,-1.32,0,74.35,54.96
2021,106,Lille,Gironde,Hors EP,CM2,Français,25,24,-1.32,0,84.89,73.88
2021,106,Lille,Gironde,Hors EP,CM2,Mathématiques,32,24,-1.32,0,75.81,69.7
2021,106,Lille,Gironde,Hors EP,6e,Français,29,24,-1.32,0,87.67,74.19
2021,106,Lille,Gironde,Hors EP,6e,Mathématiques,26,24,-1.32,0,83.36,73.91
2021,107,Bordeaux,Hérault,Hors EP,CP,Français,30,27,1.76,0,63.7,67.53
2021,107,Bordeaux,Hérault,Hors EP,CP,Mathématiques,26,27,1.76,0,65.06,59.82
2021,107,Bordeaux,Hérault,Hors EP,CE1,Français,25,27,1.76,0,64.3,63.12
2021,107,Bordeaux,Hérault,Hors EP,CE1,Mathématiques,31,27,1.76,0,66.97,63.25
2021,107,Bordeaux,Hérault,Hors EP,CM1,Français,26,27,1.76,0,83.52,71.6
2021,107,Bordeaux,Hérault,Hors EP,CM1,Mathématiques,27,27,1.76,0,67.37,58.16
2021,107,Bordeaux,Hérault,Hors EP,CM2,Français,27,27,1.76,0,86.49,78.49
2021,107,Bordeaux,Hérault,Hors EP,CM2,Mathématiques,22,27,1.76,0,77.26,70.46
2021,107,Bordeaux,Hérault,Hors EP,6e,Français,24,27,1.76,0,94.14,70.86
2021,107,Bordeaux,Hérault,Hors EP,6e,Mathématiques,26,27,1.76,0,85.16,75.31
2021,108,Nantes,Loire,REP,CP,Français,17,16,6.32,1,69.44,66.1
2021,108,Nantes,Loire,REP,CP,Mathématiques,15,16,6.32,1,74.01,65.05
2021,108,Nantes,Loire,REP,CE1,Français,12,16,6.32,1,74.75,66.27
2021,108,Nantes,Loire,REP,CE1,Mathématiques,15,16,6.32,1,65.16,57.75
2021,108,Nantes,Loire,REP,CM1,Français,16,16,6.32,1,80.59,68.27
2021,108,Nantes,Loire,REP,CM1,Mathématiques,19,16,6.32,0,63.34,64.24
2021,108,Nantes,Loire,REP,CM2,Français,17,16,6.32,1,85.04,72.67
2021,108,Nantes,Loire,REP,CM2,Mathématiques,14,16,6.32,1,83.88,69.06
2021,108,Nantes,Loire,REP,6e,Français,13,16,6.32,1,89.46,74.22
2021,108,Nantes,Loire,REP,6e,Mathématiques,13,16,6.32,1,77.97,68.51
2021,109,Paris,Maine-et-Loire,REP,CP,Français,17,14,-4.57,1,67.32,64.12
2021,109,Paris,Maine-et-Loire,REP,CP,Mathématiques,17,14,-4.57,1,63.93,58.23
2021,109,Paris,Maine-et-Loire,REP,CE1,Français,18,14,-4.57,1,74.78,67.72
2021,109,Paris,Maine-et-Loire,REP,CE1,Mathématiques,13,14,-4.57,1,73.84,65.02
2021,109,Paris,Maine-et-Loire,REP,CM1,Français,12,14,-4.57,1,78.15,62.23
2021,109,Paris,Maine-et-Loire,REP,CM1,Mathématiques,14,14,-4.57,1,72.63,66.78
2021,109,Paris,Maine-et-Loire,REP,CM2,Français,14,14,-4.57,1,79.14,66.35
2021,109,Paris,Maine-et-Loire,REP,CM2,Mathématiques,16,14,-4.57,1,86.92,69.59
2021,109,Paris,Maine-et-Loire,REP,6e,Français,12,14,-4.57,1,98.53,81.95
2021,109,Paris,Maine-et-Loire,REP,6e,Mathématiques,14,14,-4.57,1,83.42,72.8
2021,110,Lyon,Moselle,REP,CP,Français,18,24,0.35,1,67.27,55.15
2021,110,Lyon,Moselle,REP,CP,Mathématiques,22,24,0.35,0,60.25,56.77
2021,110,Lyon,Moselle,REP,CE1,Français,20,24,0.35,0,59.99,57.57
2021,110,Lyon,Moselle,REP,CE1,Mathématiques,18,24,0.35,1,66.24,64.54
2021,110,Lyon,Moselle,REP,CM1,Français,20,24,0.35,0,68.2,60.53
2021,110,Lyon,Moselle,REP,CM1,Mathématiques,23,24,0.35,0,64.59,55.2
2021,110,Lyon,Moselle,REP,CM2,Français,19,24,0.35,0,74.56,67.21
2021,110,Lyon,Moselle,REP,CM2,Mathématiques,21,24,0.35,0,70.08,62.89
2021,110,Lyon,Moselle,REP,6e,Français,21,24,0.35,0,75.13,71.62
2021,110,Lyon,Moselle,REP,6e,Mathématiques,20,24,0.35,0,77.12,57.14
2021,111,Lille,Nord,REP,CP,Français,18,18,29.07,1,79.31,73.2
2021,111,Lille,Nord,REP,CP,Mathématiques,19,18,29.07,0,59.99,63.83
2021,111,Lille,Nord,REP,CE1,Français,19,18,29.07,0,68.07,62.61
2021,111,Lille,Nord,REP,CE1,Mathématiques,17,18,29.07,1,75.02,65.8
2021,111,Lille,Nord,REP,CM1,Français,18,18,29.07,1,91.62,71.27
2021,111,Lille,Nord,REP,CM1,Mathématiques,20,18,29.07,0,68.33,67.81
2021,111,Lille,Nord,REP,CM2,Français,16,18,29.07,1,90.65,75.84
2021,111,Lille,Nord,REP,CM2,Mathématiques,13,18,29.07,1,93.61,73.94
2021,111,Lille,Nord,REP,6e,Français,17,18,29.07,1,89.05,68.87
2021,111,Lille,Nord,REP,6e,Mathématiques,16,18,29.07,1,88.12,69.08
2021,112,Bordeaux,Paris,Hors EP,CP,Français,14,23,-1.53,0,72.76,66.82
2021,112,Bordeaux,Paris,Hors EP,CP,Mathématiques,17,23,-1.53,0,74.42,67.77
2021,112,Bordeaux,Paris,Hors EP,CE1,Français,17,23,-1.53,0,79.06,72.89
2021,112,Bordeaux,Paris,Hors EP,CE1,Mathématiques,18,23,-1.53,0,75.19,71.88
2021,112,Bordeaux,Paris,Hors EP,CM1,Français,18,23,-1.53,0,87.18,68.89
2021,112,Bordeaux,Paris,Hors EP,CM1,Mathématiques,20,23,-1.53,0,82.33,58.96
2021,112,Bordeaux,Paris,Hors EP,CM2,Français,19,23,-1.53,0,91.15,78.11
2021,112,Bordeaux,Paris,Hors EP,CM2,Mathématiques,19,23,-1.53,0,81.25,73.39
2021,112,Bordeaux,Paris,Hors EP,6e,Français,19,23,-1.53,0,96.67,82.64
2021,112,Bordeaux,Paris,Hors EP,6e,Mathématiques,19,23,-1.53,0,96.04,77.34
2021,113,Nantes,Puy-de-Dôme,REP,CP,Français,30,26,-2.17,0,50.92,50.83
2021,113,Nantes,Puy-de-Dôme,REP,CP,Mathématiques,24,26,-2.17,0,47.56,53.81
2021,113,Nantes,Puy-de-Dôme,REP,CE1,Français,23,26,-2.17,0,64.68,64.78
2021,113,Nantes,Puy-de-Dôme,REP,CE1,Mathématiques,26,26,-2.17,0,51.73,48.47
2021,113,Nantes,Puy-de-Dôme,REP,CM1,Français,17,26,-2.17,1,79.52,73.08
2021,113,Nantes,Puy-de-Dôme,REP,CM1,Mathématiques,23,26,-2.17,0,60.88,54.91
2021,113,Nantes,Puy-de-Dôme,REP,CM2,Français,27,26,-2.17,0,67.7,70.32
2021,113,Nantes,Puy-de-Dôme,REP,CM2,Mathématiques,23,26,-2.17,0,69.52,60.1
2021,113,Nantes,Puy-de-Dôme,REP,6e,Français,29,26,-2.17,0,71.95,74.57
2021,113,Nantes,Puy-de-Dôme,REP,6e,Mathématiques,23,26,-2.17,0,80.41,70.27
2021,114,Paris,Saône-et-Loire,REP,CP,Français,17,18,-12.83,1,61.93,56.64
2021,114,Paris,Saône-et-Loire,REP,CP,Mathématiques,19,18,-12.83,0,58.32,48.49
2021,114,Paris,Saône-et-Loire,REP,CE1,Français,12,18,-12.83,1,75.0,73.9
2021,114,Paris,Saône-et-Loire,REP,CE1,Mathématiques,14,18,-12.83,1,79.2,68.82
2021,114,Paris,Saône-et-Loire,REP,CM1,Français,12,18,-12.83,1,71.74,67.63
2021,114,Paris,Saône-et-Loire,REP,CM1,Mathématiques,16,18,-12.83,1,82.43,65.06
2021,114,Paris,Saône-et-Loire,REP,CM2,Français,16,18,-12.83,1,83.79,71.26
2021,114,Paris,Saône-et-Loire,REP,CM2,Mathématiques,15,18,-12.83,1,79.13,69.68
2021,114,Paris,Saône-et-Loire,REP,6e,Français,17,18,-12.83,1,89.9,82.16
2021,114,Paris,Saône-et-Loire,REP,6e,Mathématiques,13,18,-12.83,1,77.61,72.86
2021,115,Lyon,Ain,REP,CP,Français,15,19,-7.6,1,66.82,63.69
2021,115,Lyon,Ain,REP,CP,Mathématiques,19,19,-7.6,0,58.76,52.48
2021,115,Lyon,Ain,REP,CE1,Français,21,19,-7.6,0,59.4,44.85
2021,115,Lyon,Ain,REP,CE1,Mathématiques,20,19,-7.6,0,63.04,55.07
2021,115,Lyon,Ain,REP,CM1,Français,22,19,-7.6,0,62.96,61.17
2021,115,Lyon,Ain,REP,CM1,Mathématiques,23,19,-7.6,0,63.05,56.74
2021,115,Lyon,Ain,REP,CM2,Français,19,19,-7.6,0,81.82,72.65
2021,115,Lyon,Ain,REP,CM2,Mathématiques,24,19,-7.6,0,68.24,58.14
2021,115,Lyon,Ain,REP,6e,Français,18,19,-7.6,1,89.66,65.77
2021,115,Lyon,Ain,REP,6e,Mathématiques,18,19,-7.6,1,84.35,73.56
2021,116,Lille,Bas-Rhin,Hors EP,CP,Français,25,27,-10.97,0,68.1,69.43
2021,116,Lille,Bas-Rhin,Hors EP,CP,Mathématiques,26,27,-10.97,0,67.97,60.13
2021,116,Lille,Bas-Rhin,Hors EP,CE1,Français,27,27,-10.97,0,65.85,64.62
2021,116,Lille,Bas-Rhin,Hors EP,CE1,Mathématiques,23,27,-10.97,0,63.97,61.46
2021,116,Lille,Bas-Rhin,Hors EP,CM1,Français,27,27,-10.97,0,74.05,73.17
2021,116,Lille,Bas-Rhin,Hors EP,CM1,Mathématiques,20,27,-10.97,0,73.8,64.45
2021,116,Lille,Bas-Rhin,Hors EP,CM2,Français,23,27,-10.97,0,81.48,71.08
2021,116,Lille,Bas-Rhin,Hors EP,CM2,Mathématiques,23,27,-10.97,0,79.87,70.7
2021,116,Lille,Bas-Rhin,Hors EP,6e,Français,22,27,-10.97,0,89.91,72.91
2021,116,Lille,Bas-Rhin,Hors EP,6e,Mathématiques,21,27,-10.97,0,91.72,85.91
2021,117,Bordeaux,Bouches-du-Rhône,Hors EP,CP,Français,28,26,-3.44,0,55.62,51.01
2021,117,Bordeaux,Bouches-du-Rhône,Hors EP,CP,Mathématiques,27,26,-3.44,0,58.66,57.01
2021,117,Bordeaux,Bouches-du-Rhône,Hors EP,CE1,Français,26,26,-3.44,0,65.14,59.73
2021,117,Bordeaux,Bouches-du-Rhône,Hors EP,CE1,Mathématiques,23,26,-3.44,0,73.26,68.17
2021,117,Bordeaux,Bouches-du-Rhône,Hors EP,CM1,Français,26,26,-3.44,0,78.01,69.49
2021,117,Bordeaux,Bouches-du-Rhône,Hors EP,CM1,Mathématiques,22,26,-3.44,0,78.15,64.16
2021,117,Bordeaux,Bouches-du-Rhône,Hors EP,CM2,Français,28,26,-3.44,0,83.96,75.5
2021,117,Bordeaux,Bouches-du-Rhône,Hors EP,CM2,Mathématiques,29,26,-3.44,0,75.5,63.6
2021,117,Bordeaux,Bouches-du-Rhône,Hors EP,6e,Français,24,26,-3.44,0,82.28,63.33
2021,117,Bordeaux,Bouches-du-Rhône,Hors EP,6e,Mathématiques,27,26,-3.44,0,77.51,62.33
2021,118,Nantes,Gironde,Hors EP,CP,Français,21,26,0.73,0,77.06,71.04
2021,118,Nantes,Gironde,Hors EP,CP,Mathématiques,19,26,0.73,0,72.62,60.81
2021,118,Nantes,Gironde,Hors EP,CE1,Français,21,26,0.73,0,85.1,73.49
2021,118,Nantes,Gironde,Hors EP,CE1,Mathématiques,22,26,0.73,0,73.17,69.13
2021,118,Nantes,Gironde,Hors EP,CM1,Français,21,26,0.73,0,80.3,72.89
2021,118,Nantes,Gironde,Hors EP,CM1,Mathématiques,19,26,0.73,0,85.95,65.42
2021,118,Nantes,Gironde,Hors EP,CM2,Français,22,26,0.73,0,79.59,63.84
2021,118,Nantes,Gironde,Hors EP,CM2,Mathématiques,26,26,0.73,0,84.89,78.48
2021,118,Nantes,Gironde,Hors EP,6e,Français,19,26,0.73,0,89.76,77.73
2021,118,Nantes,Gironde,Hors EP,6e,Mathématiques,25,26,0.73,0,82.49,68.2
2021,119,Paris,Hérault,Hors EP,CP,Français,29,27,0.38,0,70.42,58.12
2021,119,Paris,Hérault,Hors EP,CP,Mathématiques,32,27,0.38,0,53.99,57.54
2021,119,Paris,Hérault,Hors EP,CE1,Français,25,27,0.38,0,72.57,72.48
2021,119,Paris,Hérault,Hors EP,CE1,Mathématiques,31,27,0.38,0,66.54,55.01
2021,119,Paris,Hérault,Hors EP,CM1,Français,27,27,0.38,0,83.29,74.0
2021,119,Paris,Hérault,Hors EP,CM1,Mathématiques,31,27,0.38,0,70.98,61.86
2021,119,Paris,Hérault,Hors EP,CM2,Français,31,27,0.38,0,79.81,68.42
2021,119,Paris,Hérault,Hors EP,CM2,Mathématiques,25,27,0.38,0,85.34,75.23
2021,119,Paris,Hérault,Hors EP,6e,Français,27,27,0.38,0,92.55,79.15
2021,119,Paris,Hérault,Hors EP,6e,Mathématiques,30,27,0.38,0,85.52,76.5
2021,120,Lyon,Loire,REP,CP,Français,21,19,-8.81,0,57.17,56.15
2021,120,Lyon,Loire,REP,CP,Mathématiques,22,19,-8.81,0,52.24,53.53
2021,120,Lyon,Loire,REP,CE1,Français,20,19,-8.81,0,59.56,61.79
2021,120,Lyon,Loire,REP,CE1,Mathématiques,21,19,-8.81,0,56.59,59.0
2021,120,Lyon,Loire,REP,CM1,Français,17,19,-8.81,1,79.11,66.65
2021,120,Lyon,Loire,REP,CM1,Mathématiques,21,19,-8.81,0,62.38,61.21
2021,120,Lyon,Loire,REP,CM2,Français,20,19,-8.81,0,71.75,72.94
2021,120,Lyon,Loire,REP,CM2,Mathématiques,17,19,-8.81,1,74.9,70.21
2021,120,Lyon,Loire,REP,6e,Français,14,19,-8.81,1,95.96,80.76
2021,120,Lyon,Loire,REP,6e,Mathématiques,15,19,-8.81,1,81.98,62.57
2021,121,Lille,Maine-et-Loire,Hors EP,CP,Français,19,23,-3.66,0,76.25,69.97
2021,121,Lille,Maine-et-Loire,Hors EP,CP,Mathématiques,23,23,-3.66,0,64.51,58.72
2021,121,Lille,Maine-et-Loire,Hors EP,CE1,Français,18,23,-3.66,0,79.59,65.23
2021,121,Lille,Maine-et-Loire,Hors EP,CE1,Mathématiques,19,23,-3.66,0,73.08,66.16
2021,121,Lille,Maine-et-Loire,Hors EP,CM1,Français,20,23,-3.66,0,85.34,72.5
2021,121,Lille,Maine-et-Loire,Hors EP,CM1,Mathématiques,19,23,-3.66,0,81.82,66.05
2021,121,Lille,Maine-et-Loire,Hors EP,CM2,Français,21,23,-3.66,0,85.88,74.42
2021,121,Lille,Maine-et-Loire,Hors EP,CM2,Mathématiques,21,23,-3.66,0,91.37,79.04
2021,121,Lille,Maine-et-Loire,Hors EP,6e,Français,20,23,-3.66,0,89.95,80.17
2021,121,Lille,Maine-et-Loire,Hors EP,6e,Mathématiques,19,23,-3.66,0,84.1,71.21
2021,122,Bordeaux,Moselle,Hors EP,CP,Français,22,20,-0.86,0,77.15,60.91
2021,122,Bordeaux,Moselle,Hors EP,CP,Mathématiques,27,20,-0.86,0,63.95,61.39
2021,122,Bordeaux,Moselle,Hors EP,CE1,Français,22,20,-0.86,0,67.83,55.84
2021,122,Bordeaux,Moselle,Hors EP,CE1,Mathématiques,21,20,-0.86,0,77.97,61.1
2021,122,Bordeaux,Moselle,Hors EP,CM1,Français,20,20,-0.86,0,84.14,74.58
2021,122,Bordeaux,Moselle,Hors EP,CM1,Mathématiques,23,20,-0.86,0,73.27,56.83
2021,122,Bordeaux,Moselle,Hors EP,CM2,Français,23,20,-0.86,0,92.15,75.93
2021,122,Bordeaux,Moselle,Hors EP,CM2,Mathématiques,19,20,-0.86,0,84.36,74.34
2021,122,Bordeaux,Moselle,Hors EP,6e,Français,21,20,-0.86,0,98.83,86.83
2021,122,Bordeaux,Moselle,Hors EP,6e,Mathématiques,22,20,-0.86,0,79.8,65.8
2021,123,Nantes,Nord,Hors EP,CP,Français,18,24,2.54,0,79.23,68.95
2021,123,Nantes,Nord,Hors EP,CP,Mathématiques,23,24,2.54,0,71.46,59.76
2021,123,Nantes,Nord,Hors EP,CE1,Français,25,24,2.54,0,72.67,71.98
2021,123,Nantes,Nord,Hors EP,CE1,Mathématiques,20,24,2.54,0,81.28,65.75
2021,123,Nantes,Nord,Hors EP,CM1,Français,28,24,2.54,0,72.32,69.46
2021,123,Nantes,Nord,Hors EP,CM1,Mathématiques,21,24,2.54,0,83.12,71.32
2021,123,Nantes,Nord,Hors EP,CM2,Français,19,24,2.54,0,77.12,79.98
2021,123,Nantes,Nord,Hors EP,CM2,Mathématiques,22,24,2.54,0,70.76,64.63
2021,123,Nantes,Nord,Hors EP,6e,Français,24,24,2.54,0,86.99,70.61
2021,123,Nantes,Nord,Hors EP,6e,Mathématiques,22,24,2.54,0,94.42,79.7
2021,124,Paris,Paris,REP,CP,Français,22,26,-18.85,0,57.81,54.61
2021,124,Paris,Paris,REP,CP,Mathématiques,25,26,-18.85,0,53.62,54.12
2021,124,Paris,Paris,REP,CE1,Français,22,26,-18.85,0,61.78,68.19
2021,124,Paris,Paris,REP,CE1,Mathématiques,19,26,-18.85,0,61.33,65.87
2021,124,Paris,Paris,REP,CM1,Français,20,26,-18.85,0,71.74,69.46
2021,124,Paris,Paris,REP,CM1,Mathématiques,19,26,-18.85,0,68.34,60.12
2021,124,Paris,Paris,REP,CM2,Français,23,26,-18.85,0,68.08,67.86
2021,124,Paris,Paris,REP,CM2,Mathématiques,23,26,-18.85,0,64.45,56.6
2021,124,Paris,Paris,REP,6e,Français,22,26,-18.85,0,70.58,60.63
2021,124,Paris,Paris,REP,6e,Mathématiques,23,26,-18.85,0,73.36,70.9
2021,125,Lyon,Puy-de-Dôme,Hors EP,CP,Français,23,23,3.53,0,70.84,64.49
2021,125,Lyon,Puy-de-Dôme,Hors EP,CP,Mathématiques,24,23,3.53,0,68.54,60.75
2021,125,Lyon,Puy-de-Dôme,Hors EP,CE1,Français,21,23,3.53,0,74.27,69.74
2021,125,Lyon,Puy-de-Dôme,Hors EP,CE1,Mathématiques,22,23,3.53,0,67.07,66.4
2021,125,Lyon,Puy-de-Dôme,Hors EP,CM1,Français,21,23,3.53,0,83.18,74.02
2021,125,Lyon,Puy-de-Dôme,Hors EP,CM1,Mathématiques,23,23,3.53,0,67.07,62.56
2021,125,Lyon,Puy-de-Dôme,Hors EP,CM2,Français,26,23,3.53,0,87.06,63.58
2021,125,Lyon,Puy-de-Dôme,Hors EP,CM2,Mathématiques,28,23,3.53,0,72.76,59.08
2021,125,Lyon,Puy-de-Dôme,Hors EP,6e,Français,25,23,3.53,0,91.46,77.6
2021,125,Lyon,Puy-de-Dôme,Hors EP,6e,Mathématiques,22,23,3.53,0,95.11,79.48
2021,126,Lille,Saône-et-Loire,REP,CP,Français,25,25,13.38,0,67.37,59.26
2021,126,Lille,Saône-et-Loire,REP,CP,Mathématiques,24,25,13.38,0,57.74,52.75
2021,126,Lille,Saône-et-Loire,REP,CE1,Français,26,25,13.38,0,46.44,46.22
2021,126,Lille,Saône-et-Loire,REP,CE1,Mathématiques,24,25,13.38,0,57.88,49.97
2021,126,Lille,Saône-et-Loire,REP,CM1,Français,26,25,13.38,0,63.44,59.14
2021,126,Lille,Saône-et-Loire,REP,CM1,Mathématiques,24,25,13.38,0,66.76,67.55
2021,126,Lille,Saône-et-Loire,REP,CM2,Français,24,25,13.38,0,76.29,67.6
2021,126,Lille,Saône-et-Loire,REP,CM2,Mathématiques,23,25,13.38,0,69.77,61.02
2021,126,Lille,Saône-et-Loire,REP,6e,Français,25,25,13.38,0,77.09,63.45
2021,126,Lille,Saône-et-Loire,REP,6e,Mathématiques,23,25,13.38,0,68.54,60.68
2021,127,Bordeaux,Ain,Hors EP,CP,Français,30,29,-12.41,0,64.0,57.37
2021,127,Bordeaux,Ain,Hors EP,CP,Mathématiques,29,29,-12.41,0,59.32,64.7
2021,127,Bordeaux,Ain,Hors EP,CE1,Français,28,29,-12.41,0,70.35,50.19
2021,127,Bordeaux,Ain,Hors EP,CE1,Mathématiques,31,29,-12.41,0,68.44,56.28
2021,127,Bordeaux,Ain,Hors EP,CM1,Français,28,29,-12.41,0,76.84,67.35
2021,127,Bordeaux,Ain,Hors EP,CM1,Mathématiques,30,29,-12.41,0,68.72,71.04
2021,127,Bordeaux,Ain,Hors EP,CM2,Français,27,29,-12.41,0,92.82,84.33
2021,127,Bordeaux,Ain,Hors EP,CM2,Mathématiques,31,29,-12.41,0,69.43,66.76
2021,127,Bordeaux,Ain,Hors EP,6e,Français,31,29,-12.41,0,72.57,57.33
2021,127,Bordeaux,Ain,Hors EP,6e,Mathématiques,30,29,-12.41,0,79.41,66.42
2021,128,Nantes,Bas-Rhin,REP,CP,Français,18,18,-7.76,1,61.63,54.42
2021,128,Nantes,Bas-Rhin,REP,CP,Mathématiques,13,18,-7.76,1,64.96,62.79
2021,128,Nantes,Bas-Rhin,REP,CE1,Français,19,18,-7.76,0,60.19,58.6
2021,128,Nantes,Bas-Rhin,REP,CE1,Mathématiques,17,18,-7.76,1,76.49,66.37
2021,128,Nantes,Bas-Rhin,REP,CM1,Français,12,18,-7.76,1,83.39,69.41
2021,128,Nantes,Bas-Rhin,REP,CM1,Mathématiques,16,18,-7.76,1,77.88,60.83
2021,128,Nantes,Bas-Rhin,REP,CM2,Français,17,18,-7.76,1,86.77,75.83
2021,128,Nantes,Bas-Rhin,REP,CM2,Mathématiques,16,18,-7.76,1,85.83,68.38
2021,128,Nantes,Bas-Rhin,REP,6e,Français,15,18,-7.76,1,88.76,76.83
2021,128,Nantes,Bas-Rhin,REP,6e,Mathématiques,16,18,-7.76,1,91.9,78.97
2021,129,Paris,Bouches-du-Rhône,REP+,CP,Français,13,21,2.89,1,67.55,61.53
2021,129,Paris,Bouches-du-Rhône,REP+,CP,Mathématiques,20,21,2.89,0,47.02,37.84
2021,129,Paris,Bouches-du-Rhône,REP+,CE1,Français,12,21,2.89,1,62.4,60.02
2021,129,Paris,Bouches-du-Rhône,REP+,CE1,Mathématiques,21,21,2.89,0,53.31,45.99
2021,129,Paris,Bouches-du-Rhône,REP+,CM1,Français,16,21,2.89,1,78.77,62.01
2021,129,Paris,Bouches-du-Rhône,REP+,CM1,Mathématiques,23,21,2.89,0,64.59,69.59
2021,129,Paris,Bouches-du-Rhône,REP+,CM2,Français,19,21,2.89,0,66.21,61.8
2021,129,Paris,Bouches-du-Rhône,REP+,CM2,Mathématiques,20,21,2.89,0,60.92,50.92
2021,129,Paris,Bouches-du-Rhône,REP+,6e,Français,17,21,2.89,1,79.17,75.04
2021,129,Paris,Bouches-du-Rhône,REP+,6e,Mathématiques,16,21,2.89,1,80.08,74.37
2021,130,Lyon,Gironde,REP,CP,Français,24,22,-12.2,0,60.12,46.53
2021,130,Lyon,Gironde,REP,CP,Mathématiques,25,22,-12.2,0,47.38,50.19
2021,130,Lyon,Gironde,REP,CE1,Français,21,22,-12.2,0,60.86,55.35
2021,130,Lyon,Gironde,REP,CE1,Mathématiques,19,22,-12.2,0,62.29,55.93
2021,130,Lyon,Gironde,REP,CM1,Français,18,22,-12.2,1,74.18,58.98
2021,130,Lyon,Gironde,REP,CM1,Mathématiques,20,22,-12.2,0,67.22,57.15
2021,130,Lyon,Gironde,REP,CM2,Français,23,22,-12.2,0,69.8,61.02
2021,130,Lyon,Gironde,REP,CM2,Mathématiques,21,22,-12.2,0,75.41,59.42
2021,130,Lyon,Gironde,REP,6e,Français,25,22,-12.2,0,77.86,67.83
2021,130,Lyon,Gironde,REP,6e,Mathématiques,24,22,-12.2,0,69.98,64.02
2021,131,Lille,Hérault,Hors EP,CP,Français,29,32,-0.62,0,70.04,58.52
2021,131,Lille,Hérault,Hors EP,CP,Mathématiques,29,32,-0.62,0,57.91,43.63
2021,131,Lille,Hérault,Hors EP,CE1,Français,25,32,-0.62,0,76.68,67.08
2021,131,Lille,Hérault,Hors EP,CE1,Mathématiques,26,32,-0.62,0,69.28,62.22
2021,131,Lille,Hérault,Hors EP,CM1,Français,29,32,-0.62,0,68.07,60.78
2021,131,Lille,Hérault,Hors EP,CM1,Mathématiques,27,32,-0.62,0,67.98,54.33
2021,131,Lille,Hérault,Hors EP,CM2,Français,26,32,-0.62,0,83.06,71.54
2021,131,Lille,Hérault,Hors EP,CM2,Mathématiques,26,32,-0.62,0,77.34,65.61
2021,131,Lille,Hérault,Hors EP,6e,Français,28,32,-0.62,0,91.83,66.34
2021,131,Lille,Hérault,Hors EP,6e,Mathématiques,29,32,-0.62,0,81.83,73.27
2021,132,Bordeaux,Loire,REP,CP,Français,18,20,-15.05,1,67.4,61.07
2021,132,Bordeaux,Loire,REP,CP,Mathématiques,16,20,-15.05,1,67.46,68.8
2021,132,Bordeaux,Loire,REP,CE1,Français,16,20,-15.05,1,73.35,69.16
2021,132,Bordeaux,Loire,REP,CE1,Mathématiques,17,20,-15.05,1,75.62,64.27
2021,132,Bordeaux,Loire,REP,CM1,Français,18,20,-15.05,1,74.02,65.97
2021,132,Bordeaux,Loire,REP,CM1,Mathématiques,18,20,-15.05,1,78.36,65.1
2021,132,Bordeaux,Loire,REP,CM2,Français,16,20,-15.05,1,85.58,80.18
2021,132,Bordeaux,Loire,REP,CM2,Mathématiques,20,20,-15.05,0,78.01,70.82
2021,132,Bordeaux,Loire,REP,6e,Français,19,20,-15.05,0,81.65,77.96
2021,132,Bordeaux,Loire,REP,6e,Mathématiques,21,20,-15.05,0,68.91,65.86
2021,133,Nantes,Maine-et-Loire,Hors EP,CP,Français,22,27,-18.48,0,62.89,56.05
2021,133,Nantes,Maine-et-Loire,Hors EP,CP,Mathématiques,25,27,-18.48,0,61.17,57.01
2021,133,Nantes,Maine-et-Loire,Hors EP,CE1,Français,20,27,-18.48,0,76.63,69.65
2021,133,Nantes,Maine-et-Loire,Hors EP,CE1,Mathématiques,19,27,-18.48,0,69.8,56.13
2021,133,Nantes,Maine-et-Loire,Hors EP,CM1,Français,24,27,-18.48,0,78.42,68.08
2021,133,Nantes,Maine-et-Loire,Hors EP,CM1,Mathématiques,23,27,-18.48,0,77.03,69.1
2021,133,Nantes,Maine-et-Loire,Hors EP,CM2,Français,22,27,-18.48,0,81.62,70.21
2021,133,Nantes,Maine-et-Loire,Hors EP,CM2,Mathématiques,23,27,-18.48,0,89.86,74.18
2021,133,Nantes,Maine-et-Loire,Hors EP,6e,Français,24,27,-18.48,0,89.78,83.05
2021,133,Nantes,Maine-et-Loire,Hors EP,6e,Mathématiques,21,27,-18.48,0,93.41,77.78
2021,134,Paris,Moselle,REP,CP,Français,24,24,-2.37,0,55.98,52.77
2021,134,Paris,Moselle,REP,CP,Mathématiques,23,24,-2.37,0,51.96,49.28
2021,134,Paris,Moselle,REP,CE1,Français,19,24,-2.37,0,71.9,57.78
2021,134,Paris,Moselle,REP,CE1,Mathématiques,21,24,-2.37,0,61.48,56.74
2021,134,Paris,Moselle,REP,CM1,Français,18,24,-2.37,1,75.52,68.97
2021,134,Paris,Moselle,REP,CM1,Mathématiques,19,24,-2.37,0,57.79,56.23
2021,134,Paris,Moselle,REP,CM2,Français,19,24,-2.37,0,77.96,67.0
2021,134,Paris,Moselle,REP,CM2,Mathématiques,20,24,-2.37,0,71.45,57.89
2021,134,Paris,Moselle,REP,6e,Français,19,24,-2.37,0,78.95,62.96
2021,134,Paris,Moselle,REP,6e,Mathématiques,23,24,-2.37,0,72.13,56.8
2021,135,Lyon,Nord,Hors EP,CP,Français,25,24,4.8,0,80.38,75.41
2021,135,Lyon,Nord,Hors EP,CP,Mathématiques,20,24,4.8,0,69.45,60.9
2021,135,Lyon,Nord,Hors EP,CE1,Français,25,24,4.8,0,69.37,59.52
2021,135,Lyon,Nord,Hors EP,CE1,Mathématiques,21,24,4.8,0,71.47,60.77
2021,135,Lyon,Nord,Hors EP,CM1,Français,23,24,4.8,0,76.04,71.61
2021,135,Lyon,Nord,Hors EP,CM1,Mathématiques,25,24,4.8,0,70.06,62.77
2021,135,Lyon,Nord,Hors EP,CM2,Français,20,24,4.8,0,95.12,87.75
2021,135,Lyon,Nord,Hors EP,CM2,Mathématiques,24,24,4.8,0,78.64,65.15
2021,135,Lyon,Nord,Hors EP,6e,Français,23,24,4.8,0,90.9,83.66
2021,135,Lyon,Nord,Hors EP,6e,Mathématiques,26,24,4.8,0,90.05,77.08
2021,136,Lille,Paris,REP,CP,Français,19,21,-14.41,0,62.29,60.09
2021,136,Lille,Paris,REP,CP,Mathématiques,19,21,-14.41,0,47.27,53.81
2021,136,Lille,Paris,REP,CE1,Français,14,21,-14.41,1,71.88,66.97
2021,136,Lille,Paris,REP,CE1,Mathématiques,19,21,-14.41,0,53.92,46.17
2021,136,Lille,Paris,REP,CM1,Français,19,21,-14.41,0,70.97,57.72
2021,136,Lille,Paris,REP,CM1,Mathématiques,19,21,-14.41,0,58.85,58.14
2021,136,Lille,Paris,REP,CM2,Français,16,21,-14.41,1,83.93,71.64
2021,136,Lille,Paris,REP,CM2,Mathématiques,21,21,-14.41,0,69.96,59.58
2021,136,Lille,Paris,REP,6e,Français,19,21,-14.41,0,88.31,78.75
2021,136,Lille,Paris,REP,6e,Mathématiques,18,21,-14.41,1,81.82,67.55
2021,137,Bordeaux,Puy-de-Dôme,Hors EP,CP,Français,21,19,17.25,0,69.81,73.36
2021,137,Bordeaux,Puy-de-Dôme,Hors EP,CP,Mathématiques,25,19,17.25,0,70.33,69.2
2021,137,Bordeaux,Puy-de-Dôme,Hors EP,CE1,Français,20,19,17.25,0,82.83,69.21
2021,137,Bordeaux,Puy-de-Dôme,Hors EP,CE1,Mathématiques,18,19,17.25,0,90.03,69.19
2021,137,Bordeaux,Puy-de-Dôme,Hors EP,CM1,Français,22,19,17.25,0,85.06,75.42
2021,137,Bordeaux,Puy-de-Dôme,Hors EP,CM1,Mathématiques,21,19,17.25,0,81.31,70.99
2021,137,Bordeaux,Puy-de-Dôme,Hors EP,CM2,Français,22,19,17.25,0,88.76,75.02
2021,137,Bordeaux,Puy-de-Dôme,Hors EP,CM2,Mathématiques,18,19,17.25,0,98.43,84.61
2021,137,Bordeaux,Puy-de-Dôme,Hors EP,6e,Français,22,19,17.25,0,90.96,71.83
2021,137,Bordeaux,Puy-de-Dôme,Hors EP,6e,Mathématiques,23,19,17.25,0,89.15,78.73
2021,138,Nantes,Saône-et-Loire,REP,CP,Français,26,24,-0.97,0,57.32,47.29
2021,138,Nantes,Saône-et-Loire,REP,CP,Mathématiques,29,24,-0.97,0,50.46,45.79
2021,138,Nantes,Saône-et-Loire,REP,CE1,Français,22,24,-0.97,0,66.03,60.95
2021,138,Nantes,Saône-et-Loire,REP,CE1,Mathématiques,26,24,-0.97,0,55.1,47.46
2021,138,Nantes,Saône-et-Loire,REP,CM1,Français,26,24,-0.97,0,63.09,57.8
2021,138,Nantes,Saône-et-Loire,REP,CM1,Mathématiques,31,24,-0.97,0,60.39,60.7
2021,138,Nantes,Saône-et-Loire,REP,CM2,Français,32,24,-0.97,0,65.31,60.01
2021,138,Nantes,Saône-et-Loire,REP,CM2,Mathématiques,23,24,-0.97,0,66.65,50.08
2021,138,Nantes,Saône-et-Loire,REP,6e,Français,27,24,-0.97,0,67.38,65.33
2021,138,Nantes,Saône-et-Loire,REP,6e,Mathématiques,25,24,-0.97,0,72.46,64.06
2021,139,Paris,Ain,Hors EP,CP,Français,30,25,-10.79,0,58.82,47.22
2021,139,Paris,Ain,Hors EP,CP,Mathématiques,29,25,-10.79,0,66.59,58.25
2021,139,Paris,Ain,Hors EP,CE1,Français,29,25,-10.79,0,66.23,63.65
2021,139,Paris,Ain,Hors EP,CE1,Mathématiques,31,25,-10.79,0,62.12,52.11
2021,139,Paris,Ain,Hors EP,CM1,Français,24,25,-10.79,0,82.77,65.6
2021,139,Paris,Ain,Hors EP,CM1,Mathématiques,29,25,-10.79,0,74.6,63.22
2021,139,Paris,Ain,Hors EP,CM2,Français,28,25,-10.79,0,84.5,68.42
2021,139,Paris,Ain,Hors EP,CM2,Mathématiques,26,25,-10.79,0,77.75,74.26
2021,139,Paris,Ain,Hors EP,6e,Français,32,25,-10.79,0,80.96,66.49
2021,139,Paris,Ain,Hors EP,6e,Mathématiques,31,25,-10.79,0,71.79,65.06
2021,140,Lyon,Bas-Rhin,REP+,CP,Français,21,24,-11.31,0,46.68,45.27
2021,140,Lyon,Bas-Rhin,REP+,CP,Mathématiques,23,24,-11.31,0,42.94,45.17
2021,140,Lyon,Bas-Rhin,REP+,CE1,Français,23,24,-11.31,0,58.26,56.06
2021,140,Lyon,Bas-Rhin,REP+,CE1,Mathématiques,21,24,-11.31,0,45.26,53.71
2021,140,Lyon,Bas-Rhin,REP+,CM1,Français,22,24,-11.31,0,58.96,55.52
2021,140,Lyon,Bas-Rhin,REP+,CM1,Mathématiques,22,24,-11.31,0,58.82,59.47
2021,140,Lyon,Bas-Rhin,REP+,CM2,Français,25,24,-11.31,0,61.73,65.75
2021,140,Lyon,Bas-Rhin,REP+,CM2,Mathématiques,24,24,-11.31,0,58.27,46.29
2021,140,Lyon,Bas-Rhin,REP+,6e,Français,21,24,-11.31,0,76.26,62.98
2021,140,Lyon,Bas-Rhin,REP+,6e,Mathématiques,21,24,-11.31,0,66.99,65.26
2021,141,Lille,Bouches-du-Rhône,REP+,CP,Français,12,16,-8.92,1,69.51,66.9
2021,141,Lille,Bouches-du-Rhône,REP+,CP,Mathématiques,19,16,-8.92,0,52.26,53.94
2021,141,Lille,Bouches-du-Rhône,REP+,CE1,Français,15,16,-8.92,1,64.39,61.35
2021,141,Lille,Bouches-du-Rhône,REP+,CE1,Mathématiques,13,16,-8.92,1,57.42,52.38
2021,141,Lille,Bouches-du-Rhône,REP+,CM1,Français,17,16,-8.92,1,65.68,53.58
2021,141,Lille,Bouches-du-Rhône,REP+,CM1,Mathématiques,15,16,-8.92,1,66.36,62.55
2021,141,Lille,Bouches-du-Rhône,REP+,CM2,Français,16,16,-8.92,1,78.31,65.09
2021,141,Lille,Bouches-du-Rhône,REP+,CM2,Mathématiques,17,16,-8.92,1,76.57,67.2
2021,141,Lille,Bouches-du-Rhône,REP+,6e,Français,14,16,-8.92,1,82.91,69.82
2021,141,Lille,Bouches-du-Rhône,REP+,6e,Mathématiques,12,16,-8.92,1,81.61,73.95
2021,142,Bordeaux,Gironde,REP,CP,Français,22,25,-13.53,0,55.26,60.88
2021,142,Bordeaux,Gironde,REP,CP,Mathématiques,25,25,-13.53,0,46.42,48.28
2021,142,Bordeaux,Gironde,REP,CE1,Français,28,25,-13.53,0,51.87,50.21
2021,142,Bordeaux,Gironde,REP,CE1,Mathématiques,23,25,-13.53,0,53.43,60.15
2021,142,Bordeaux,Gironde,REP,CM1,Français,21,25,-13.53,0,60.73,53.67
2021,142,Bordeaux,Gironde,REP,CM1,Mathématiques,24,25,-13.53,0,57.68,55.74
2021,142,Bordeaux,Gironde,REP,CM2,Français,23,25,-13.53,0,64.74,56.2
2021,142,Bordeaux,Gironde,REP,CM2,Mathématiques,23,25,-13.53,0,70.34,60.14
2021,142,Bordeaux,Gironde,REP,6e,Français,22,25,-13.53,0,74.8,69.5
2021,142,Bordeaux,Gironde,REP,6e,Mathématiques,23,25,-13.53,0,70.5,65.33
2021,143,Nantes,Hérault,Hors EP,CP,Français,24,24,28.45,0,72.68,61.19
2021,143,Nantes,Hérault,Hors EP,CP,Mathématiques,22,24,28.45,0,70.06,65.97
2021,143,Nantes,Hérault,Hors EP,CE1,Français,27,24,28.45,0,75.94,65.16
2021,143,Nantes,Hérault,Hors EP,CE1,Mathématiques,24,24,28.45,0,70.19,59.94
2021,143,Nantes,Hérault,Hors EP,CM1,Français,22,24,28.45,0,91.22,86.22
2021,143,Nantes,Hérault,Hors EP,CM1,Mathématiques,20,24,28.45,0,85.22,74.31
2021,143,Nantes,Hérault,Hors EP,CM2,Français,26,24,28.45,0,83.85,77.13
2021,143,Nantes,Hérault,Hors EP,CM2,Mathématiques,26,24,28.45,0,88.17,71.27
2021,143,Nantes,Hérault,Hors EP,6e,Français,22,24,28.45,0,97.07,76.19
2021,143,Nantes,Hérault,Hors EP,6e,Mathématiques,28,24,28.45,0,77.14,65.12
2021,144,Paris,Loire,Hors EP,CP,Français,25,26,4.75,0,72.97,63.76
2021,144,Paris,Loire,Hors EP,CP,Mathématiques,28,26,4.75,0,70.11,61.12
2021,144,Paris,Loire,Hors EP,CE1,Français,23,26,4.75,0,73.87,67.05
2021,144,Paris,Loire,Hors EP,CE1,Mathématiques,21,26,4.75,0,70.62,52.18
2021,144,Paris,Loire,Hors EP,CM1,Français,22,26,4.75,0,87.06,73.44
2021,144,Paris,Loire,Hors EP,CM1,Mathématiques,23,26,4.75,0,79.62,64.13
2021,144,Paris,Loire,Hors EP,CM2,Français,23,26,4.75,0,90.38,77.99
2021,144,Paris,Loire,Hors EP,CM2,Mathématiques,25,26,4.75,0,87.26,77.65
2021,144,Paris,Loire,Hors EP,6e,Français,21,26,4.75,0,91.62,86.96
2021,144,Paris,Loire,Hors EP,6e,Mathématiques,24,26,4.75,0,88.28,70.73
2021,145,Lyon,Maine-et-Loire,Hors EP,CP,Français,25,23,-6.23,0,73.62,68.4
2021,145,Lyon,Maine-et-Loire,Hors EP,CP,Mathématiques,27,23,-6.23,0,65.44,53.58
2021,145,Lyon,Maine-et-Loire,Hors EP,CE1,Français,27,23,-6.23,0,75.26,64.87
2021,145,Lyon,Maine-et-Loire,Hors EP,CE1,Mathématiques,28,23,-6.23,0,69.01,66.06
2021,145,Lyon,Maine-et-Loire,Hors EP,CM1,Français,26,23,-6.23,0,81.34,62.99
2021,145,Lyon,Maine-et-Loire,Hors EP,CM1,Mathématiques,26,23,-6.23,0,77.56,69.22
2021,145,Lyon,Maine-et-Loire,Hors EP,CM2,Français,29,23,-6.23,0,78.95,65.95
2021,145,Lyon,Maine-et-Loire,Hors EP,CM2,Mathématiques,22,23,-6.23,0,81.72,73.16
2021,145,Lyon,Maine-et-Loire,Hors EP,6e,Français,28,23,-6.23,0,79.26,74.77
2021,145,Lyon,Maine-et-Loire,Hors EP,6e,Mathématiques,24,23,-6.23,0,85.61,70.37
2021,146,Lille,Moselle,REP,CP,Français,21,21,22.13,0,58.66,57.19
2021,146,Lille,Moselle,REP,CP,Mathématiques,25,21,22.13,0,57.61,58.9
2021,146,Lille,Moselle,REP,CE1,Français,16,21,22.13,1,78.7,67.17
2021,146,Lille,Moselle,REP,CE1,Mathématiques,18,21,22.13,1,73.85,65.76
2021,146,Lille,Moselle,REP,CM1,Français,18,21,22.13,1,83.8,71.12
2021,146,Lille,Moselle,REP,CM1,Mathématiques,22,21,22.13,0,68.38,63.38
2021,146,Lille,Moselle,REP,CM2,Français,22,21,22.13,0,77.85,67.91
2021,146,Lille,Moselle,REP,CM2,Mathématiques,15,21,22.13,1,87.27,69.78
2021,146,Lille,Moselle,REP,6e,Français,20,21,22.13,0,83.82,78.67
2021,146,Lille,Moselle,REP,6e,Mathématiques,25,21,22.13,0,70.51,56.37
2021,147,Bordeaux,Nord,Hors EP,CP,Français,26,29,-0.2,0,62.54,52.55
2021,147,Bordeaux,Nord,Hors EP,CP,Mathématiques,23,29,-0.2,0,66.82,63.91
2021,147,Bordeaux,Nord,Hors EP,CE1,Français,24,29,-0.2,0,74.13,76.64
2021,147,Bordeaux,Nord,Hors EP,CE1,Mathématiques,23,29,-0.2,0,68.84,65.2
2021,147,Bordeaux,Nord,Hors EP,CM1,Français,27,29,-0.2,0,79.04,77.79
2021,147,Bordeaux,Nord,Hors EP,CM1,Mathématiques,26,29,-0.2,0,66.18,60.49
2021,147,Bordeaux,Nord,Hors EP,CM2,Français,24,29,-0.2,0,91.1,81.77
2021,147,Bordeaux,Nord,Hors EP,CM2,Mathématiques,21,29,-0.2,0,90.65,81.34
2021,147,Bordeaux,Nord,Hors EP,6e,Français,24,29,-0.2,0,89.52,82.84
2021,147,Bordeaux,Nord,Hors EP,6e,Mathématiques,20,29,-0.2,0,92.48,83.35
2021,148,Nantes,Paris,Hors EP,CP,Français,24,30,-9.41,0,71.97,60.76
2021,148,Nantes,Paris,Hors EP,CP,Mathématiques,22,30,-9.41,0,68.12,58.76
2021,148,Nantes,Paris,Hors EP,CE1,Français,23,30,-9.41,0,73.99,69.15
2021,148,Nantes,Paris,Hors EP,CE1,Mathématiques,26,30,-9.41,0,63.17,60.37
2021,148,Nantes,Paris,Hors EP,CM1,Français,29,30,-9.41,0,84.23,79.49
2021,148,Nantes,Paris,Hors EP,CM1,Mathématiques,23,30,-9.41,0,80.53,71.04
2021,148,Nantes,Paris,Hors EP,CM2,Français,23,30,-9.41,0,85.95,83.04
2021,148,Nantes,Paris,Hors EP,CM2,Mathématiques,29,30,-9.41,0,71.71,63.83
2021,148,Nantes,Paris,Hors EP,6e,Français,27,30,-9.41,0,78.29,59.76
2021,148,Nantes,Paris,Hors EP,6e,Mathématiques,26,30,-9.41,0,84.73,63.42
2021,149,Paris,Puy-de-Dôme,Hors EP,CP,Français,28,29,0.72,0,68.36,53.14
2021,149,Paris,Puy-de-Dôme,Hors EP,CP,Mathématiques,25,29,0.72,0,64.3,54.42
2021,149,Paris,Puy-de-Dôme,Hors EP,CE1,Français,31,29,0.72,0,70.54,57.42
2021,149,Paris,Puy-de-Dôme,Hors EP,CE1,Mathématiques,26,29,0.72,0,74.27,62.27
2021,149,Paris,Puy-de-Dôme,Hors EP,CM1,Français,29,29,0.72,0,81.71,76.64
2021,149,Paris,Puy-de-Dôme,Hors EP,CM1,Mathématiques,27,29,0.72,0,79.92,66.73
2021,149,Paris,Puy-de-Dôme,Hors EP,CM2,Français,33,29,0.72,0,77.97,73.75
2021,149,Paris,Puy-de-Dôme,Hors EP,CM2,Mathématiques,26,29,0.72,0,82.43,73.77
2021,149,Paris,Puy-de-Dôme,Hors EP,6e,Français,25,29,0.72,0,84.77,71.62
2021,149,Paris,Puy-de-Dôme,Hors EP,6e,Mathématiques,30,29,0.72,0,73.34,63.06
2021,150,Lyon,Saône-et-Loire,REP,CP,Français,14,18,-13.53,1,68.01,70.62
2021,150,Lyon,Saône-et-Loire,REP,CP,Mathématiques,14,18,-13.53,1,57.88,47.35
2021,150,Lyon,Saône-et-Loire,REP,CE1,Français,18,18,-13.53,1,66.58,66.21
2021,150,Lyon,Saône-et-Loire,REP,CE1,Mathématiques,16,18,-13.53,1,69.53,63.77
2021,150,Lyon,Saône-et-Loire,REP,CM1,Français,14,18,-13.53,1,79.3,62.96
2021,150,Lyon,Saône-et-Loire,REP,CM1,Mathématiques,19,18,-13.53,0,61.15,58.78
2021,150,Lyon,Saône-et-Loire,REP,CM2,Français,13,18,-13.53,1,81.28,68.4
2021,150,Lyon,Saône-et-Loire,REP,CM2,Mathématiques,23,18,-13.53,0,67.11,56.53
2021,150,Lyon,Saône-et-Loire,REP,6e,Français,15,18,-13.53,1,81.9,69.88
2021,150,Lyon,Saône-et-Loire,REP,6e,Mathématiques,21,18,-13.53,0,75.49,70.85
2021,151,Lille,Ain,Hors EP,CP,Français,24,24,-8.7,0,71.62,66.42
2021,151,Lille,Ain,Hors EP,CP,Mathématiques,23,24,-8.7,0,71.66,62.44
2021,151,Lille,Ain,Hors EP,CE1,Français,22,24,-8.7,0,81.14,64.64
2021,151,Lille,Ain,Hors EP,CE1,Mathématiques,19,24,-8.7,0,70.45,64.84
2021,151,Lille,Ain,Hors EP,CM1,Français,26,24,-8.7,0,74.08,74.45
2021,151,Lille,Ain,Hors EP,CM1,Mathématiques,23,24,-8.7,0,76.24,62.59
2021,151,Lille,Ain,Hors EP,CM2,Français,28,24,-8.7,0,79.58,62.45
2021,151,Lille,Ain,Hors EP,CM2,Mathématiques,29,24,-8.7,0,78.13,72.12
2021,151,Lille,Ain,Hors EP,6e,Français,27,24,-8.7,0,88.92,80.34
2021,151,Lille,Ain,Hors EP,6e,Mathématiques,23,24,-8.7,0,90.06,76.07
2021,152,Bordeaux,Bas-Rhin,Hors EP,CP,Français,25,23,6.05,0,73.41,68.12
2021,152,Bordeaux,Bas-Rhin,Hors EP,CP,Mathématiques,29,23,6.05,0,67.86,60.11
2021,152,Bordeaux,Bas-Rhin,Hors EP,CE1,Français,25,23,6.05,0,80.08,64.71
2021,152,Bordeaux,Bas-Rhin,Hors EP,CE1,Mathématiques,29,23,6.05,0,63.64,62.78
2021,152,Bordeaux,Bas-Rhin,Hors EP,CM1,Français,24,23,6.05,0,80.4,63.16
2021,152,Bordeaux,Bas-Rhin,Hors EP,CM1,Mathématiques,26,23,6.05,0,70.03,55.41
2021,152,Bordeaux,Bas-Rhin,Hors EP,CM2,Français,27,23,6.05,0,90.98,73.53
2021,152,Bordeaux,Bas-Rhin,Hors EP,CM2,Mathématiques,27,23,6.05,0,83.51,71.33
2021,152,Bordeaux,Bas-Rhin,Hors EP,6e,Français,27,23,6.05,0,87.19,76.88
2021,152,Bordeaux,Bas-Rhin,Hors EP,6e,Mathématiques,21,23,6.05,0,84.88,78.56
2021,153,Nantes,Bouches-du-Rhône,Hors EP,CP,Français,25,27,22.77,0,65.18,58.77
2021,153,Nantes,Bouches-du-Rhône,Hors EP,CP,Mathématiques,22,27,22.77,0,71.83,59.17
2021,153,Nantes,Bouches-du-Rhône,Hors EP,CE1,Français,21,27,22.77,0,69.15,62.86
2021,153,Nantes,Bouches-du-Rhône,Hors EP,CE1,Mathématiques,18,27,22.77,0,77.59,71.23
2021,153,Nantes,Bouches-du-Rhône,Hors EP,CM1,Français,22,27,22.77,0,79.55,68.76
2021,153,Nantes,Bouches-du-Rhône,Hors EP,CM1,Mathématiques,22,27,22.77,0,82.27,65.78
2021,153,Nantes,Bouches-du-Rhône,Hors EP,CM2,Français,24,27,22.77,0,86.07,73.47
2021,153,Nantes,Bouches-du-Rhône,Hors EP,CM2,Mathématiques,28,27,22.77,0,81.93,73.24
2021,153,Nantes,Bouches-du-Rhône,Hors EP,6e,Français,22,27,22.77,0,95.44,78.52
2021,153,Nantes,Bouches-du-Rhône,Hors EP,6e,Mathématiques,24,27,22.77,0,92.55,75.43
2021,154,Paris,Gironde,Hors EP,CP,Français,22,24,2.08,0,78.69,81.91
2021,154,Paris,Gironde,Hors EP,CP,Mathématiques,22,24,2.08,0,70.27,67.98
2021,154,Paris,Gironde,Hors EP,CE1,Français,22,24,2.08,0,71.47,72.29
2021,154,Paris,Gironde,Hors EP,CE1,Mathématiques,25,24,2.08,0,71.68,71.0
2021,154,Paris,Gironde,Hors EP,CM1,Français,25,24,2.08,0,79.03,63.86
2021,154,Paris,Gironde,Hors EP,CM1,Mathématiques,22,24,2.08,0,84.37,75.78
2021,154,Paris,Gironde,Hors EP,CM2,Français,23,24,2.08,0,94.0,78.13
2021,154,Paris,Gironde,Hors EP,CM2,Mathématiques,25,24,2.08,0,82.24,80.59
2021,154,Paris,Gironde,Hors EP,6e,Français,25,24,2.08,0,89.46,74.94
2021,154,Paris,Gironde,Hors EP,6e,Mathématiques,23,24,2.08,0,84.79,65.82
2021,155,Lyon,Hérault,Hors EP,CP,Français,22,25,-1.07,0,71.61,72.38
2021,155,Lyon,Hérault,Hors EP,CP,Mathématiques,24,25,-1.07,0,76.26,64.66
2021,155,Lyon,Hérault,Hors EP,CE1,Français,24,25,-1.07,0,72.05,61.19
2021,155,Lyon,Hérault,Hors EP,CE1,Mathématiques,27,25,-1.07,0,64.62,47.78
2021,155,Lyon,Hérault,Hors EP,CM1,Français,20,25,-1.07,0,74.33,60.79
2021,155,Lyon,Hérault,Hors EP,CM1,Mathématiques,20,25,-1.07,0,80.53,59.51
2021,155,Lyon,Hérault,Hors EP,CM2,Français,25,25,-1.07,0,75.43,65.65
2021,155,Lyon,Hérault,Hors EP,CM2,Mathématiques,21,25,-1.07,0,88.19,76.72
2021,155,Lyon,Hérault,Hors EP,6e,Français,25,25,-1.07,0,87.25,72.0
2021,155,Lyon,Hérault,Hors EP,6e,Mathématiques,23,25,-1.07,0,92.3,81.89
2021,156,Lille,Loire,Hors EP,CP,Français,30,25,4.92,0,64.0,56.7
2021,156,Lille,Loire,Hors EP,CP,Mathématiques,24,25,4.92,0,69.24,51.48
2021,156,Lille,Loire,Hors EP,CE1,Français,25,25,4.92,0,77.55,65.11
2021,156,Lille,Loire,Hors EP,CE1,Mathématiques,25,25,4.92,0,80.08,71.11
2021,156,Lille,Loire,Hors EP,CM1,Français,19,25,4.92,0,78.65,67.22
2021,156,Lille,Loire,Hors EP,CM1,Mathématiques,23,25,4.92,0,78.86,67.15
2021,156,Lille,Loire,Hors EP,CM2,Français,28,25,4.92,0,76.98,66.31
2021,156,Lille,Loire,Hors EP,CM2,Mathématiques,26,25,4.92,0,82.23,71.65
2021,156,Lille,Loire,Hors EP,6e,Français,19,25,4.92,0,95.37,79.09
2021,156,Lille,Loire,Hors EP,6e,Mathématiques,27,25,4.92,0,88.04,76.07
2021,157,Bordeaux,Maine-et-Loire,Hors EP,CP,Français,33,29,3.3,0,59.37,49.44
2021,157,Bordeaux,Maine-et-Loire,Hors EP,CP,Mathématiques,28,29,3.3,0,62.01,44.84
2021,157,Bordeaux,Maine-et-Loire,Hors EP,CE1,Français,26,29,3.3,0,74.04,65.06
2021,157,Bordeaux,Maine-et-Loire,Hors EP,CE1,Mathématiques,26,29,3.3,0,69.69,63.0
2021,157,Bordeaux,Maine-et-Loire,Hors EP,CM1,Français,30,29,3.3,0,72.01,68.34
2021,157,Bordeaux,Maine-et-Loire,Hors EP,CM1,Mathématiques,25,29,3.3,0,74.13,73.9
2021,157,Bordeaux,Maine-et-Loire,Hors EP,CM2,Français,25,29,3.3,0,81.43,64.11
2021,157,Bordeaux,Maine-et-Loire,Hors EP,CM2,Mathématiques,26,29,3.3,0,81.12,73.69
2021,157,Bordeaux,Maine-et-Loire,Hors EP,6e,Français,28,29,3.3,0,85.24,66.75
2021,157,Bordeaux,Maine-et-Loire,Hors EP,6e,Mathématiques,26,29,3.3,0,78.54,72.09
2021,158,Nantes,Moselle,REP,CP,Français,20,23,10.51,0,67.03,55.46
2021,158,Nantes,Moselle,REP,CP,Mathématiques,19,23,10.51,0,56.56,56.69
2021,158,Nantes,Moselle,REP,CE1,Français,16,23,10.51,1,82.08,73.62
2021,158,Nantes,Moselle,REP,CE1,Mathématiques,24,23,10.51,0,57.98,51.67
2021,158,Nantes,Moselle,REP,CM1,Français,22,23,10.51,0,73.6,61.48
2021,158,Nantes,Moselle,REP,CM1,Mathématiques,15,23,10.51,1,70.34,64.14
2021,158,Nantes,Moselle,REP,CM2,Français,24,23,10.51,0,66.31,58.73
2021,158,Nantes,Moselle,REP,CM2,Mathématiques,19,23,10.51,0,82.3,82.26
2021,158,Nantes,Moselle,REP,6e,Français,21,23,10.51,0,83.9,76.4
2021,158,Nantes,Moselle,REP,6e,Mathématiques,17,23,10.51,1,91.71,72.26
2021,159,Paris,Nord,Hors EP,CP,Français,30,28,13.23,0,58.18,43.67
2021,159,Paris,Nord,Hors EP,CP,Mathématiques,30,28,13.23,0,68.5,62.86
2021,159,Paris,Nord,Hors EP,CE1,Français,28,28,13.23,0,75.91,70.99
2021,159,Paris,Nord,Hors EP,CE1,Mathématiques,26,28,13.23,0,74.99,64.26
2021,159,Paris,Nord,Hors EP,CM1,Français,28,28,13.23,0,78.79,64.28
2021,159,Paris,Nord,Hors EP,CM1,Mathématiques,25,28,13.23,0,87.64,70.14
2021,159,Paris,Nord,Hors EP,CM2,Français,28,28,13.23,0,85.5,72.87
2021,159,Paris,Nord,Hors EP,CM2,Mathématiques,29,28,13.23,0,80.47,65.37
2021,159,Paris,Nord,Hors EP,6e,Français,28,28,13.23,0,85.44,81.8
2021,159,Paris,Nord,Hors EP,6e,Mathématiques,28,28,13.23,0,81.74,72.29
2021,160,Lyon,Paris,Hors EP,CP,Français,23,29,-9.92,0,80.57,70.24
2021,160,Lyon,Paris,Hors EP,CP,Mathématiques,24,29,-9.92,0,62.99,60.19
2021,160,Lyon,Paris,Hors EP,CE1,Français,23,29,-9.92,0,68.68,61.54
2021,160,Lyon,Paris,Hors EP,CE1,Mathématiques,25,29,-9.92,0,66.93,56.06
2021,160,Lyon,Paris,Hors EP,CM1,Français,24,29,-9.92,0,76.6,64.04
2021,160,Lyon,Paris,Hors EP,CM1,Mathématiques,26,29,-9.92,0,83.93,78.73
2021,160,Lyon,Paris,Hors EP,CM2,Français,30,29,-9.92,0,75.75,74.89
2021,160,Lyon,Paris,Hors EP,CM2,Mathématiques,26,29,-9.92,0,83.35,73.97
2021,160,Lyon,Paris,Hors EP,6e,Français,24,29,-9.92,0,91.95,79.95
2021,160,Lyon,Paris,Hors EP,6e,Mathématiques,21,29,-9.92,0,87.85,79.1
2021,161,Lille,Puy-de-Dôme,Hors EP,CP,Français,25,30,3.07,0,68.45,58.15
2021,161,Lille,Puy-de-Dôme,Hors EP,CP,Mathématiques,27,30,3.07,0,66.12,61.19
2021,161,Lille,Puy-de-Dôme,Hors EP,CE1,Français,30,30,3.07,0,71.0,69.28
2021,161,Lille,Puy-de-Dôme,Hors EP,CE1,Mathématiques,26,30,3.07,0,67.88,55.86
2021,161,Lille,Puy-de-Dôme,Hors EP,CM1,Français,26,30,3.07,0,66.48,61.57
2021,161,Lille,Puy-de-Dôme,Hors EP,CM1,Mathématiques,26,30,3.07,0,74.49,65.19
2021,161,Lille,Puy-de-Dôme,Hors EP,CM2,Français,22,30,3.07,0,93.3,76.76
2021,161,Lille,Puy-de-Dôme,Hors EP,CM2,Mathématiques,23,30,3.07,0,85.62,73.78
2021,161,Lille,Puy-de-Dôme,Hors EP,6e,Français,24,30,3.07,0,88.18,74.93
2021,161,Lille,Puy-de-Dôme,Hors EP,6e,Mathématiques,28,30,3.07,0,85.78,73.16
2021,162,Bordeaux,Saône-et-Loire,REP,CP,Français,21,20,1.81,0,56.82,47.94
2021,162,Bordeaux,Saône-et-Loire,REP,CP,Mathématiques,22,20,1.81,0,61.69,51.49
2021,162,Bordeaux,Saône-et-Loire,REP,CE1,Français,20,20,1.81,0,61.7,61.37
2021,162,Bordeaux,Saône-et-Loire,REP,CE1,Mathématiques,21,20,1.81,0,74.79,64.35
2021,162,Bordeaux,Saône-et-Loire,REP,CM1,Français,24,20,1.81,0,73.47,67.63
2021,162,Bordeaux,Saône-et-Loire,REP,CM1,Mathématiques,20,20,1.81,0,67.14,60.71
2021,162,Bordeaux,Saône-et-Loire,REP,CM2,Français,23,20,1.81,0,68.09,60.5
2021,162,Bordeaux,Saône-et-Loire,REP,CM2,Mathématiques,19,20,1.81,0,64.85,63.39
2021,162,Bordeaux,Saône-et-Loire,REP,6e,Français,23,20,1.81,0,74.16,70.58
2021,162,Bordeaux,Saône-et-Loire,REP,6e,Mathématiques,16,20,1.81,1,87.63,73.95
2021,163,Nantes,Ain,Hors EP,CP,Français,24,26,-4.65,0,75.48,63.43
2021,163,Nantes,Ain,Hors EP,CP,Mathématiques,30,26,-4.65,0,58.08,55.7
2021,163,Nantes,Ain,Hors EP,CE1,Français,25,26,-4.65,0,71.13,70.28
2021,163,Nantes,Ain,Hors EP,CE1,Mathématiques,25,26,-4.65,0,68.52,68.45
2021,163,Nantes,Ain,Hors EP,CM1,Français,21,26,-4.65,0,79.5,71.87
2021,163,Nantes,Ain,Hors EP,CM1,Mathématiques,26,26,-4.65,0,75.99,66.04
2021,163,Nantes,Ain,Hors EP,CM2,Français,23,26,-4.65,0,90.33,77.63
2021,163,Nantes,Ain,Hors EP,CM2,Mathématiques,22,26,-4.65,0,78.96,76.26
2021,163,Nantes,Ain,Hors EP,6e,Français,22,26,-4.65,0,92.37,84.57
2021,163,Nantes,Ain,Hors EP,6e,Mathématiques,25,26,-4.65,0,82.03,65.7
2021,164,Paris,Bas-Rhin,Hors EP,CP,Français,20,25,4.47,0,76.62,59.76
2021,164,Paris,Bas-Rhin,Hors EP,CP,Mathématiques,20,25,4.47,0,74.09,68.78
2021,164,Paris,Bas-Rhin,Hors EP,CE1,Français,20,25,4.47,0,73.44,66.01
2021,164,Paris,Bas-Rhin,Hors EP,CE1,Mathématiques,18,25,4.47,0,82.62,71.97
2021,164,Paris,Bas-Rhin,Hors EP,CM1,Français,19,25,4.47,0,80.19,66.36
2021,164,Paris,Bas-Rhin,Hors EP,CM1,Mathématiques,17,25,4.47,0,85.06,68.83
2021,164,Paris,Bas-Rhin,Hors EP,CM2,Français,22,25,4.47,0,89.66,80.8
2021,164,Paris,Bas-Rhin,Hors EP,CM2,Mathématiques,22,25,4.47,0,89.3,82.65
2021,164,Paris,Bas-Rhin,Hors EP,6e,Français,22,25,4.47,0,93.67,75.91
2021,164,Paris,Bas-Rhin,Hors EP,6e,Mathématiques,19,25,4.47,0,97.71,84.47
2021,165,Lyon,Bouches-du-Rhône,Hors EP,CP,Français,20,22,-2.74,0,70.59,70.86
2021,165,Lyon,Bouches-du-Rhône,Hors EP,CP,Mathématiques,19,22,-2.74,0,67.69,75.52
2021,165,Lyon,Bouches-du-Rhône,Hors EP,CE1,Français,24,22,-2.74,0,70.27,57.38
2021,165,Lyon,Bouches-du-Rhône,Hors EP,CE1,Mathématiques,18,22,-2.74,0,76.41,70.6
2021,165,Lyon,Bouches-du-Rhône,Hors EP,CM1,Français,26,22,-2.74,0,69.25,55.46
2021,165,Lyon,Bouches-du-Rhône,Hors EP,CM1,Mathématiques,22,22,-2.74,0,90.92,81.25
2021,165,Lyon,Bouches-du-Rhône,Hors EP,CM2,Français,23,22,-2.74,0,79.96,58.77
2021,165,Lyon,Bouches-du-Rhône,Hors EP,CM2,Mathématiques,22,22,-2.74,0,82.92,70.05
2021,165,Lyon,Bouches-du-Rhône,Hors EP,6e,Français,21,22,-2.74,0,88.9,70.57
2021,165,Lyon,Bouches-du-Rhône,Hors EP,6e,Mathématiques,25,22,-2.74,0,81.68,69.16
2021,166,Lille,Gironde,REP,CP,Français,21,22,11.74,0,59.28,63.53
2021,166,Lille,Gironde,REP,CP,Mathématiques,20,22,11.74,0,61.15,61.61
2021,166,Lille,Gironde,REP,CE1,Français,23,22,11.74,0,61.68,67.57
2021,166,Lille,Gironde,REP,CE1,Mathématiques,22,22,11.74,0,61.03,54.82
2021,166,Lille,Gironde,REP,CM1,Français,22,22,11.74,0,73.45,63.57
2021,166,Lille,Gironde,REP,CM1,Mathématiques,17,22,11.74,1,81.02,64.7
2021,166,Lille,Gironde,REP,CM2,Français,24,22,11.74,0,72.3,68.88
2021,166,Lille,Gironde,REP,CM2,Mathématiques,20,22,11.74,0,70.5,61.24
2021,166,Lille,Gironde,REP,6e,Français,18,22,11.74,1,96.71,72.64
2021,166,Lille,Gironde,REP,6e,Mathématiques,25,22,11.74,0,75.32,65.22
2021,167,Bordeaux,Hérault,Hors EP,CP,Français,27,29,3.58,0,63.38,59.83
2021,167,Bordeaux,Hérault,Hors EP,CP,Mathématiques,18,29,3.58,0,64.05,61.37
2021,167,Bordeaux,Hérault,Hors EP,CE1,Français,24,29,3.58,0,70.49,62.67
2021,167,Bordeaux,Hérault,Hors EP,CE1,Mathématiques,24,29,3.58,0,66.88,52.28
2021,167,Bordeaux,Hérault,Hors EP,CM1,Français,20,29,3.58,0,87.25,72.22
2021,167,Bordeaux,Hérault,Hors EP,CM1,Mathématiques,27,29,3.58,0,72.68,66.2
2021,167,Bordeaux,Hérault,Hors EP,CM2,Français,25,29,3.58,0,84.63,73.01
2021,167,Bordeaux,Hérault,Hors EP,CM2,Mathématiques,24,29,3.58,0,76.8,71.05
2021,167,Bordeaux,Hérault,Hors EP,6e,Français,29,29,3.58,0,93.3,75.67
2021,167,Bordeaux,Hérault,Hors EP,6e,Mathématiques,23,29,3.58,0,85.74,72.42
2021,168,Nantes,Loire,Hors EP,CP,Français,12,23,0.6,0,74.92,61.22
2021,168,Nantes,Loire,Hors EP,CP,Mathématiques,23,23,0.6,0,72.59,69.71
2021,168,Nantes,Loire,Hors EP,CE1,Français,20,23,0.6,0,72.46,60.2
2021,168,Nantes,Loire,Hors EP,CE1,Mathématiques,22,23,0.6,0,65.37,66.42
2021,168,Nantes,Loire,Hors EP,CM1,Français,20,23,0.6,0,85.82,64.45
2021,168,Nantes,Loire,Hors EP,CM1,Mathématiques,19,23,0.6,0,72.9,69.68
2021,168,Nantes,Loire,Hors EP,CM2,Français,21,23,0.6,0,90.24,76.68
2021,168,Nantes,Loire,Hors EP,CM2,Mathématiques,22,23,0.6,0,82.25,69.91
2021,168,Nantes,Loire,Hors EP,6e,Français,21,23,0.6,0,94.5,81.42
2021,168,Nantes,Loire,Hors EP,6e,Mathématiques,28,23,0.6,0,90.94,67.94
2021,169,Paris,Maine-et-Loire,REP,CP,Français,20,19,-3.79,0,48.53,40.43
2021,169,Paris,Maine-et-Loire,REP,CP,Mathématiques,24,19,-3.79,0,52.67,45.82
2021,169,Paris,Maine-et-Loire,REP,CE1,Français,20,19,-3.79,0,58.31,53.23
2021,169,Paris,Maine-et-Loire,REP,CE1,Mathématiques,15,19,-3.79,1,67.3,58.68
2021,169,Paris,Maine-et-Loire,REP,CM1,Français,22,19,-3.79,0,69.33,65.34
2021,169,Paris,Maine-et-Loire,REP,CM1,Mathématiques,19,19,-3.79,0,70.65,58.67
2021,169,Paris,Maine-et-Loire,REP,CM2,Français,17,19,-3.79,1,86.68,72.55
2021,169,Paris,Maine-et-Loire,REP,CM2,Mathématiques,19,19,-3.79,0,71.21,69.69
2021,169,Paris,Maine-et-Loire,REP,6e,Français,22,19,-3.79,0,74.43,56.81
2021,169,Paris,Maine-et-Loire,REP,6e,Mathématiques,17,19,-3.79,1,82.81,75.47
2021,170,Lyon,Moselle,REP,CP,Français,17,18,-17.75,1,67.97,65.16
2021,170,Lyon,Moselle,REP,CP,Mathématiques,18,18,-17.75,1,67.92,53.47
2021,170,Lyon,Moselle,REP,CE1,Français,15,18,-17.75,1,76.44,64.29
2021,170,Lyon,Moselle,REP,CE1,Mathématiques,13,18,-17.75,1,72.81,61.62
2021,170,Lyon,Moselle,REP,CM1,Français,20,18,-17.75,0,67.29,59.37
2021,170,Lyon,Moselle,REP,CM1,Mathématiques,20,18,-17.75,0,58.51,61.96
2021,170,Lyon,Moselle,REP,CM2,Français,15,18,-17.75,1,83.9,72.91
2021,170,Lyon,Moselle,REP,CM2,Mathématiques,16,18,-17.75,1,76.74,65.33
2021,170,Lyon,Moselle,REP,6e,Français,14,18,-17.75,1,97.0,78.55
2021,170,Lyon,Moselle,REP,6e,Mathématiques,20,18,-17.75,0,78.99,70.53
2021,171,Lille,Nord,Hors EP,CP,Français,21,24,1.21,0,64.56,66.45
2021,171,Lille,Nord,Hors EP,CP,Mathématiques,18,24,1.21,0,73.33,63.69
2021,171,Lille,Nord,Hors EP,CE1,Français,25,24,1.21,0,68.01,63.0
2021,171,Lille,Nord,Hors EP,CE1,Mathématiques,26,24,1.21,0,81.67,71.18
2021,171,Lille,Nord,Hors EP,CM1,Français,28,24,1.21,0,69.7,67.5
2021,171,Lille,Nord,Hors EP,CM1,Mathématiques,26,24,1.21,0,76.46,68.41
2021,171,Lille,Nord,Hors EP,CM2,Français,29,24,1.21,0,81.69,66.63
2021,171,Lille,Nord,Hors EP,CM2,Mathématiques,23,24,1.21,0,86.62,76.14
2021,171,Lille,Nord,Hors EP,6e,Français,21,24,1.21,0,95.06,74.23
2021,171,Lille,Nord,Hors EP,6e,Mathématiques,26,24,1.21,0,81.62,69.09
2021,172,Bordeaux,Paris,Hors EP,CP,Français,34,27,15.13,0,62.93,65.3
2021,172,Bordeaux,Paris,Hors EP,CP,Mathématiques,27,27,15.13,0,71.66,59.69
2021,172,Bordeaux,Paris,Hors EP,CE1,Français,29,27,15.13,0,73.63,68.54
2021,172,Bordeaux,Paris,Hors EP,CE1,Mathématiques,26,27,15.13,0,67.01,63.63
2021,172,Bordeaux,Paris,Hors EP,CM1,Français,28,27,15.13,0,71.83,63.49
2021,172,Bordeaux,Paris,Hors EP,CM1,Mathématiques,29,27,15.13,0,75.01,68.65
2021,172,Bordeaux,Paris,Hors EP,CM2,Français,30,27,15.13,0,77.86,65.89
2021,172,Bordeaux,Paris,Hors EP,CM2,Mathématiques,31,27,15.13,0,74.97,64.01
2021,172,Bordeaux,Paris,Hors EP,6e,Français,25,27,15.13,0,90.69,78.39
2021,172,Bordeaux,Paris,Hors EP,6e,Mathématiques,24,27,15.13,0,83.9,64.94
2021,173,Nantes,Puy-de-Dôme,Hors EP,CP,Français,18,21,8.61,0,74.35,67.29
2021,173,Nantes,Puy-de-Dôme,Hors EP,CP,Mathématiques,21,21,8.61,0,70.15,51.51
2021,173,Nantes,Puy-de-Dôme,Hors EP,CE1,Français,21,21,8.61,0,79.43,68.85
2021,173,Nantes,Puy-de-Dôme,Hors EP,CE1,Mathématiques,13,21,8.61,0,75.99,62.3
2021,173,Nantes,Puy-de-Dôme,Hors EP,CM1,Français,15,21,8.61,0,85.72,70.61
2021,173,Nantes,Puy-de-Dôme,Hors EP,CM1,Mathématiques,17,21,8.61,0,86.66,75.21
2021,173,Nantes,Puy-de-Dôme,Hors EP,CM2,Français,17,21,8.61,0,88.53,72.93
2021,173,Nantes,Puy-de-Dôme,Hors EP,CM2,Mathématiques,17,21,8.61,0,90.96,71.64
2021,173,Nantes,Puy-de-Dôme,Hors EP,6e,Français,22,21,8.61,0,95.37,66.16
2021,173,Nantes,Puy-de-Dôme,Hors EP,6e,Mathématiques,18,21,8.61,0,98.02,83.6
2021,174,Paris,Saône-et-Loire,Hors EP,CP,Français,20,27,9.24,0,71.89,72.08
2021,174,Paris,Saône-et-Loire,Hors EP,CP,Mathématiques,24,27,9.24,0,74.88,80.85
2021,174,Paris,Saône-et-Loire,Hors EP,CE1,Français,23,27,9.24,0,70.52,61.63
2021,174,Paris,Saône-et-Loire,Hors EP,CE1,Mathématiques,27,27,9.24,0,74.88,77.28
2021,174,Paris,Saône-et-Loire,Hors EP,CM1,Français,24,27,9.24,0,83.2,68.02
2021,174,Paris,Saône-et-Loire,Hors EP,CM1,Mathématiques,18,27,9.24,0,83.23,65.83
2021,174,Paris,Saône-et-Loire,Hors EP,CM2,Français,26,27,9.24,0,75.74,62.81
2021,174,Paris,Saône-et-Loire,Hors EP,CM2,Mathématiques,25,27,9.24,0,83.78,71.74
2021,174,Paris,Saône-et-Loire,Hors EP,6e,Français,29,27,9.24,0,93.57,75.21
2021,174,Paris,Saône-et-Loire,Hors EP,6e,Mathématiques,28,27,9.24,0,92.34,77.17
2021,175,Lyon,Ain,REP,CP,Français,23,24,-6.55,0,57.98,51.66
2021,175,Lyon,Ain,REP,CP,Mathématiques,18,24,-6.55,1,63.1,57.09
2021,175,Lyon,Ain,REP,CE1,Français,22,24,-6.55,0,57.04,58.3
2021,175,Lyon,Ain,REP,CE1,Mathématiques,20,24,-6.55,0,60.36,61.17
2021,175,Lyon,Ain,REP,CM1,Français,22,24,-6.55,0,60.59,50.78
2021,175,Lyon,Ain,REP,CM1,Mathématiques,19,24,-6.55,0,68.22,68.21
2021,175,Lyon,Ain,REP,CM2,Français,20,24,-6.55,0,81.38,66.81
2021,175,Lyon,Ain,REP,CM2,Mathématiques,19,24,-6.55,0,70.24,58.68
2021,175,Lyon,Ain,REP,6e,Français,23,24,-6.55,0,63.55,55.7
2021,175,Lyon,Ain,REP,6e,Mathématiques,23,24,-6.55,0,71.61,69.06
2021,176,Lille,Bas-Rhin,REP,CP,Français,21,22,29.03,0,61.87,61.58
2021,176,Lille,Bas-Rhin,REP,CP,Mathématiques,23,22,29.03,0,57.11,51.41
2021,176,Lille,Bas-Rhin,REP,CE1,Français,24,22,29.03,0,62.17,63.24
2021,176,Lille,Bas-Rhin,REP,CE1,Mathématiques,21,22,29.03,0,71.3,59.24
2021,176,Lille,Bas-Rhin,REP,CM1,Français,18,22,29.03,1,87.63,68.94
2021,176,Lille,Bas-Rhin,REP,CM1,Mathématiques,20,22,29.03,0,76.95,58.4
2021,176,Lille,Bas-Rhin,REP,CM2,Français,21,22,29.03,0,82.54,71.0
2021,176,Lille,Bas-Rhin,REP,CM2,Mathématiques,18,22,29.03,1,84.6,68.34
2021,176,Lille,Bas-Rhin,REP,6e,Français,20,22,29.03,0,81.74,68.02
2021,176,Lille,Bas-Rhin,REP,6e,Mathématiques,21,22,29.03,0,86.19,75.25
2021,177,Bordeaux,Bouches-du-Rhône,Hors EP,CP,Français,28,32,3.3,0,60.03,57.6
2021,177,Bordeaux,Bouches-du-Rhône,Hors EP,CP,Mathématiques,26,32,3.3,0,67.68,53.24
2021,177,Bordeaux,Bouches-du-Rhône,Hors EP,CE1,Français,29,32,3.3,0,62.73,61.02
2021,177,Bordeaux,Bouches-du-Rhône,Hors EP,CE1,Mathématiques,28,32,3.3,0,65.49,65.17
2021,177,Bordeaux,Bouches-du-Rhône,Hors EP,CM1,Français,28,32,3.3,0,77.19,66.5
2021,177,Bordeaux,Bouches-du-Rhône,Hors EP,CM1,Mathématiques,30,32,3.3,0,76.59,71.26
2021,177,Bordeaux,Bouches-du-Rhône,Hors EP,CM2,Français,28,32,3.3,0,87.14,69.67
2021,177,Bordeaux,Bouches-du-Rhône,Hors EP,CM2,Mathématiques,27,32,3.3,0,79.02,73.97
2021,177,Bordeaux,Bouches-du-Rhône,Hors EP,6e,Français,26,32,3.3,0,92.51,77.63
2021,177,Bordeaux,Bouches-du-Rhône,Hors EP,6e,Mathématiques,28,32,3.3,0,88.64,71.26
2021,178,Nantes,Gironde,REP+,CP,Français,16,14,18.51,1,69.87,52.75
2021,178,Nantes,Gironde,REP+,CP,Mathématiques,15,14,18.51,1,63.31,63.46
2021,178,Nantes,Gironde,REP+,CE1,Français,18,14,18.51,1,71.56,68.97
2021,178,Nantes,Gironde,REP+,CE1,Mathématiques,17,14,18.51,1,55.88,60.21
2021,178,Nantes,Gironde,REP+,CM1,Français,14,14,18.51,1,75.93,67.54
2021,178,Nantes,Gironde,REP+,CM1,Mathématiques,16,14,18.51,1,66.54,50.56
2021,178,Nantes,Gironde,REP+,CM2,Français,13,14,18.51,1,83.24,64.37
2021,178,Nantes,Gironde,REP+,CM2,Mathématiques,14,14,18.51,1,78.4,63.18
2021,178,Nantes,Gironde,REP+,6e,Français,15,14,18.51,1,84.89,74.14
2021,178,Nantes,Gironde,REP+,6e,Mathématiques,13,14,18.51,1,82.16,72.86
2021,179,Paris,Hérault,REP,CP,Français,23,20,1.49,0,56.19,57.77
2021,179,Paris,Hérault,REP,CP,Mathématiques,23,20,1.49,0,58.06,56.5
2021,179,Paris,Hérault,REP,CE1,Français,24,20,1.49,0,61.81,48.7
2021,179,Paris,Hérault,REP,CE1,Mathématiques,19,20,1.49,0,60.63,55.79
2021,179,Paris,Hérault,REP,CM1,Français,22,20,1.49,0,64.25,68.73
2021,179,Paris,Hérault,REP,CM1,Mathématiques,21,20,1.49,0,65.74,56.35
2021,179,Paris,Hérault,REP,CM2,Français,18,20,1.49,1,84.91,72.88
2021,179,Paris,Hérault,REP,CM2,Mathématiques,21,20,1.49,0,78.23,67.56
2021,179,Paris,Hérault,REP,6e,Français,21,20,1.49,0,82.45,70.21
2021,179,Paris,Hérault,REP,6e,Mathématiques,22,20,1.49,0,69.12,55.65
2021,180,Lyon,Loire,Hors EP,CP,Français,24,22,1.46,0,66.88,57.89
2021,180,Lyon,Loire,Hors EP,CP,Mathématiques,24,22,1.46,0,62.48,54.47
2021,180,Lyon,Loire,Hors EP,CE1,Français,24,22,1.46,0,73.97,62.91
2021,180,Lyon,Loire,Hors EP,CE1,Mathématiques,21,22,1.46,0,69.22,61.41
2021,180,Lyon,Loire,Hors EP,CM1,Français,28,22,1.46,0,79.02,62.07
2021,180,Lyon,Loire,Hors EP,CM1,Mathématiques,25,22,1.46,0,72.76,64.45
2021,180,Lyon,Loire,Hors EP,CM2,Français,22,22,1.46,0,95.98,74.59
2021,180,Lyon,Loire,Hors EP,CM2,Mathématiques,24,22,1.46,0,78.99,72.41
2021,180,Lyon,Loire,Hors EP,6e,Français,24,22,1.46,0,95.72,83.68
2021,180,Lyon,Loire,Hors EP,6e,Mathématiques,21,22,1.46,0,100.0,85.78
2022,1,Bordeaux,Moselle,Hors EP,CP,Français,26,29,7.11,0,74.4,69.93
2022,1,Bordeaux,Moselle,Hors EP,CP,Mathématiques,23,29,7.11,0,79.24,78.73
2022,1,Bordeaux,Moselle,Hors EP,CE1,Français,27,29,7.11,0,73.33,65.14
2022,1,Bordeaux,Moselle,Hors EP,CE1,Mathématiques,24,29,7.11,0,71.98,53.01
2022,1,Bordeaux,Moselle,Hors EP,CM1,Français,29,29,7.11,0,82.65,62.82
2022,1,Bordeaux,Moselle,Hors EP,CM1,Mathématiques,27,29,7.11,0,76.12,65.77
2022,1,Bordeaux,Moselle,Hors EP,CM2,Français,26,29,7.11,0,77.21,67.45
2022,1,Bordeaux,Moselle,Hors EP,CM2,Mathématiques,25,29,7.11,0,83.32,64.82
2022,1,Bordeaux,Moselle,Hors EP,6e,Français,26,29,7.11,0,94.82,81.52
2022,1,Bordeaux,Moselle,Hors EP,6e,Mathématiques,24,29,7.11,0,100.0,78.38
2022,2,Nantes,Nord,Hors EP,CP,Français,27,28,4.64,0,71.13,58.08
2022,2,Nantes,Nord,Hors EP,CP,Mathématiques,23,28,4.64,0,68.22,66.17
2022,2,Nantes,Nord,Hors EP,CE1,Français,26,28,4.64,0,72.83,71.38
2022,2,Nantes,Nord,Hors EP,CE1,Mathématiques,20,28,4.64,0,70.33,50.34
2022,2,Nantes,Nord,Hors EP,CM1,Français,28,28,4.64,0,77.52,72.55
2022,2,Nantes,Nord,Hors EP,CM1,Mathématiques,25,28,4.64,0,82.26,70.3
2022,2,Nantes,Nord,Hors EP,CM2,Français,26,28,4.64,0,85.94,75.13
2022,2,Nantes,Nord,Hors EP,CM2,Mathématiques,29,28,4.64,0,71.75,63.45
2022,2,Nantes,Nord,Hors EP,6e,Français,25,28,4.64,0,90.87,74.81
2022,2,Nantes,Nord,Hors EP,6e,Mathématiques,24,28,4.64,0,95.44,79.55
2022,3,Paris,Paris,REP,CP,Français,22,22,6.63,0,65.63,53.79
2022,3,Paris,Paris,REP,CP,Mathématiques,17,22,6.63,1,70.82,67.34
2022,3,Paris,Paris,REP,CE1,Français,23,22,6.63,0,65.72,62.32
2022,3,Paris,Paris,REP,CE1,Mathématiques,18,22,6.63,1,74.46,72.22
2022,3,Paris,Paris,REP,CM1,Français,22,22,6.63,0,63.7,56.65
2022,3,Paris,Paris,REP,CM1,Mathématiques,23,22,6.63,0,73.78,55.39
2022,3,Paris,Paris,REP,CM2,Français,23,22,6.63,0,69.5,64.8
2022,3,Paris,Paris,REP,CM2,Mathématiques,23,22,6.63,0,69.65,65.52
2022,3,Paris,Paris,REP,6e,Français,25,22,6.63,0,76.16,60.1
2022,3,Paris,Paris,REP,6e,Mathématiques,26,22,6.63,0,76.72,69.99
2022,4,Lyon,Puy-de-Dôme,Hors EP,CP,Français,27,31,-1.46,0,63.33,54.47
2022,4,Lyon,Puy-de-Dôme,Hors EP,CP,Mathématiques,24,31,-1.46,0,68.41,59.82
2022,4,Lyon,Puy-de-Dôme,Hors EP,CE1,Français,28,31,-1.46,0,67.21,59.87
2022,4,Lyon,Puy-de-Dôme,Hors EP,CE1,Mathématiques,25,31,-1.46,0,71.77,55.64
2022,4,Lyon,Puy-de-Dôme,Hors EP,CM1,Français,27,31,-1.46,0,76.87,68.18
2022,4,Lyon,Puy-de-Dôme,Hors EP,CM1,Mathématiques,23,31,-1.46,0,81.67,69.04
2022,4,Lyon,Puy-de-Dôme,Hors EP,CM2,Français,28,31,-1.46,0,73.81,58.98
2022,4,Lyon,Puy-de-Dôme,Hors EP,CM2,Mathématiques,26,31,-1.46,0,87.22,76.94
2022,4,Lyon,Puy-de-Dôme,Hors EP,6e,Français,27,31,-1.46,0,83.97,66.57
2022,4,Lyon,Puy-de-Dôme,Hors EP,6e,Mathématiques,28,31,-1.46,0,87.38,75.46
2022,5,Lille,Saône-et-Loire,REP,CP,Français,19,18,-20.32,0,65.67,54.45
2022,5,Lille,Saône-et-Loire,REP,CP,Mathématiques,20,18,-20.32,0,61.65,53.47
2022,5,Lille,Saône-et-Loire,REP,CE1,Français,19,18,-20.32,0,70.17,63.87
2022,5,Lille,Saône-et-Loire,REP,CE1,Mathématiques,20,18,-20.32,0,51.18,52.79
2022,5,Lille,Saône-et-Loire,REP,CM1,Français,19,18,-20.32,0,63.09,53.08
2022,5,Lille,Saône-et-Loire,REP,CM1,Mathématiques,20,18,-20.32,0,63.8,63.94
2022,5,Lille,Saône-et-Loire,REP,CM2,Français,19,18,-20.32,0,74.32,64.68
2022,5,Lille,Saône-et-Loire,REP,CM2,Mathématiques,19,18,-20.32,0,74.68,68.45
2022,5,Lille,Saône-et-Loire,REP,6e,Français,17,18,-20.32,1,94.54,82.58
2022,5,Lille,Saône-et-Loire,REP,6e,Mathématiques,19,18,-20.32,0,76.47,69.5
2022,6,Bordeaux,Ain,REP+,CP,Français,19,20,19.39,0,56.2,50.24
2022,6,Bordeaux,Ain,REP+,CP,Mathématiques,19,20,19.39,0,51.95,56.87
2022,6,Bordeaux,Ain,REP+,CE1,Français,16,20,19.39,1,67.69,58.03
2022,6,Bordeaux,Ain,REP+,CE1,Mathématiques,23,20,19.39,0,52.37,47.87
2022,6,Bordeaux,Ain,REP+,CM1,Français,13,20,19.39,1,71.63,66.34
2022,6,Bordeaux,Ain,REP+,CM1,Mathématiques,19,20,19.39,0,59.9,52.75
2022,6,Bordeaux,Ain,REP+,CM2,Français,23,20,19.39,0,79.36,74.71
2022,6,Bordeaux,Ain,REP+,CM2,Mathématiques,22,20,19.39,0,73.1,75.78
2022,6,Bordeaux,Ain,REP+,6e,Français,17,20,19.39,1,81.77,79.77
2022,6,Bordeaux,Ain,REP+,6e,Mathématiques,16,20,19.39,1,78.1,63.08
2022,7,Nantes,Bas-Rhin,REP,CP,Français,12,13,-7.47,1,75.28,66.23
2022,7,Nantes,Bas-Rhin,REP,CP,Mathématiques,15,13,-7.47,1,69.61,61.3
2022,7,Nantes,Bas-Rhin,REP,CE1,Français,16,13,-7.47,1,76.54,65.45
2022,7,Nantes,Bas-Rhin,REP,CE1,Mathématiques,12,13,-7.47,1,73.85,58.91
2022,7,Nantes,Bas-Rhin,REP,CM1,Français,15,13,-7.47,1,80.86,63.18
2022,7,Nantes,Bas-Rhin,REP,CM1,Mathématiques,15,13,-7.47,1,78.36,69.26
2022,7,Nantes,Bas-Rhin,REP,CM2,Français,14,13,-7.47,1,82.57,74.1
2022,7,Nantes,Bas-Rhin,REP,CM2,Mathématiques,12,13,-7.47,1,77.67,71.19
2022,7,Nantes,Bas-Rhin,REP,6e,Français,16,13,-7.47,1,93.23,77.36
2022,7,Nantes,Bas-Rhin,REP,6e,Mathématiques,12,13,-7.47,1,94.17,69.26
2022,8,Paris,Bouches-du-Rhône,REP,CP,Français,27,26,3.49,0,55.61,64.57
2022,8,Paris,Bouches-du-Rhône,REP,CP,Mathématiques,24,26,3.49,0,50.06,47.4
2022,8,Paris,Bouches-du-Rhône,REP,CE1,Français,30,26,3.49,0,53.42,53.48
2022,8,Paris,Bouches-du-Rhône,REP,CE1,Mathématiques,29,26,3.49,0,57.42,59.14
2022,8,Paris,Bouches-du-Rhône,REP,CM1,Français,30,26,3.49,0,63.41,55.83
2022,8,Paris,Bouches-du-Rhône,REP,CM1,Mathématiques,26,26,3.49,0,61.09,69.15
2022,8,Paris,Bouches-du-Rhône,REP,CM2,Français,25,26,3.49,0,73.69,57.61
2022,8,Paris,Bouches-du-Rhône,REP,CM2,Mathématiques,26,26,3.49,0,66.33,63.48
2022,8,Paris,Bouches-du-Rhône,REP,6e,Français,28,26,3.49,0,80.2,76.22
2022,8,Paris,Bouches-du-Rhône,REP,6e,Mathématiques,26,26,3.49,0,68.37,57.36
2022,9,Lyon,Gironde,Hors EP,CP,Français,28,27,-6.42,0,60.0,52.85
2022,9,Lyon,Gironde,Hors EP,CP,Mathématiques,21,27,-6.42,0,68.99,68.15
2022,9,Lyon,Gironde,Hors EP,CE1,Français,23,27,-6.42,0,75.59,69.72
2022,9,Lyon,Gironde,Hors EP,CE1,Mathématiques,23,27,-6.42,0,73.85,66.47
2022,9,Lyon,Gironde,Hors EP,CM1,Français,21,27,-6.42,0,80.84,71.74
2022,9,Lyon,Gironde,Hors EP,CM1,Mathématiques,27,27,-6.42,0,80.3,80.08
2022,9,Lyon,Gironde,Hors EP,CM2,Français,25,27,-6.42,0,82.47,70.76
2022,9,Lyon,Gironde,Hors EP,CM2,Mathématiques,24,27,-6.42,0,80.39,71.58
2022,9,Lyon,Gironde,Hors EP,6e,Français,25,27,-6.42,0,84.05,77.59
2022,9,Lyon,Gironde,Hors EP,6e,Mathématiques,19,27,-6.42,0,90.73,82.44
2022,10,Lille,Hérault,REP+,CP,Français,12,16,-5.28,1,64.8,50.17
2022,10,Lille,Hérault,REP+,CP,Mathématiques,14,16,-5.28,1,62.57,55.24
2022,10,Lille,Hérault,REP+,CE1,Français,17,16,-5.28,1,61.55,61.15
2022,10,Lille,Hérault,REP+,CE1,Mathématiques,12,16,-5.28,1,69.7,60.02
2022,10,Lille,Hérault,REP+,CM1,Français,20,16,-5.28,0,58.18,64.19
2022,10,Lille,Hérault,REP+,CM1,Mathématiques,14,16,-5.28,1,61.69,57.17
2022,10,Lille,Hérault,REP+,CM2,Français,19,16,-5.28,0,71.42,69.38
2022,10,Lille,Hérault,REP+,CM2,Mathématiques,18,16,-5.28,1,71.08,67.16
2022,10,Lille,Hérault,REP+,6e,Français,16,16,-5.28,1,79.57,70.01
2022,10,Lille,Hérault,REP+,6e,Mathématiques,16,16,-5.28,1,86.14,71.0
2022,11,Bordeaux,Loire,Hors EP,CP,Français,25,21,-7.71,0,64.53,61.42
2022,11,Bordeaux,Loire,Hors EP,CP,Mathématiques,23,21,-7.71,0,73.52,70.44
2022,11,Bordeaux,Loire,Hors EP,CE1,Français,22,21,-7.71,0,73.46,73.08
2022,11,Bordeaux,Loire,Hors EP,CE1,Mathématiques,20,21,-7.71,0,64.47,49.55
2022,11,Bordeaux,Loire,Hors EP,CM1,Français,18,21,-7.71,0,88.16,86.02
2022,11,Bordeaux,Loire,Hors EP,CM1,Mathématiques,17,21,-7.71,0,78.95,69.13
2022,11,Bordeaux,Loire,Hors EP,CM2,Français,26,21,-7.71,0,79.73,72.17
2022,11,Bordeaux,Loire,Hors EP,CM2,Mathématiques,21,21,-7.71,0,96.51,81.35
2022,11,Bordeaux,Loire,Hors EP,6e,Français,23,21,-7.71,0,91.35,75.05
2022,11,Bordeaux,Loire,Hors EP,6e,Mathématiques,24,21,-7.71,0,81.86,60.65
2022,12,Nantes,Maine-et-Loire,Hors EP,CP,Français,23,31,2.24,0,76.95,70.59
2022,12,Nantes,Maine-et-Loire,Hors EP,CP,Mathématiques,26,31,2.24,0,67.23,53.75
2022,12,Nantes,Maine-et-Loire,Hors EP,CE1,Français,23,31,2.24,0,75.62,68.99
2022,12,Nantes,Maine-et-Loire,Hors EP,CE1,Mathématiques,27,31,2.24,0,67.94,64.92
2022,12,Nantes,Maine-et-Loire,Hors EP,CM1,Français,30,31,2.24,0,75.47,67.87
2022,12,Nantes,Maine-et-Loire,Hors EP,CM1,Mathématiques,25,31,2.24,0,76.8,68.07
2022,12,Nantes,Maine-et-Loire,Hors EP,CM2,Français,30,31,2.24,0,84.99,76.92
2022,12,Nantes,Maine-et-Loire,Hors EP,CM2,Mathématiques,25,31,2.24,0,78.33,70.21
2022,12,Nantes,Maine-et-Loire,Hors EP,6e,Français,29,31,2.24,0,94.52,67.01
2022,12,Nantes,Maine-et-Loire,Hors EP,6e,Mathématiques,32,31,2.24,0,82.94,75.95
2022,13,Paris,Moselle,REP,CP,Français,12,18,-14.1,1,71.22,63.18
2022,13,Paris,Moselle,REP,CP,Mathématiques,23,18,-14.1,0,52.49,50.26
2022,13,Paris,Moselle,REP,CE1,Français,21,18,-14.1,0,66.66,56.78
2022,13,Paris,Moselle,REP,CE1,Mathématiques,21,18,-14.1,0,56.66,53.61
2022,13,Paris,Moselle,REP,CM1,Français,21,18,-14.1,0,71.81,65.42
2022,13,Paris,Moselle,REP,CM1,Mathématiques,16,18,-14.1,1,68.29,60.5
2022,13,Paris,Moselle,REP,CM2,Français,21,18,-14.1,0,75.03,67.23
2022,13,Paris,Moselle,REP,CM2,Mathématiques,19,18,-14.1,0,73.2,59.81
2022,13,Paris,Moselle,REP,6e,Français,21,18,-14.1,0,81.82,68.86
2022,13,Paris,Moselle,REP,6e,Mathématiques,20,18,-14.1,0,68.18,62.27
2022,14,Lyon,Nord,Hors EP,CP,Français,27,27,10.42,0,59.26,54.17
2022,14,Lyon,Nord,Hors EP,CP,Mathématiques,28,27,10.42,0,66.33,60.93
2022,14,Lyon,Nord,Hors EP,CE1,Français,27,27,10.42,0,72.09,58.39
2022,14,Lyon,Nord,Hors EP,CE1,Mathématiques,23,27,10.42,0,73.67,61.37
2022,14,Lyon,Nord,Hors EP,CM1,Français,31,27,10.42,0,66.13,61.42
2022,14,Lyon,Nord,Hors EP,CM1,Mathématiques,33,27,10.42,0,70.33,62.81
2022,14,Lyon,Nord,Hors EP,CM2,Français,29,27,10.42,0,85.02,70.77
2022,14,Lyon,Nord,Hors EP,CM2,Mathématiques,25,27,10.42,0,86.29,64.14
2022,14,Lyon,Nord,Hors EP,6e,Français,30,27,10.42,0,85.09,72.88
2022,14,Lyon,Nord,Hors EP,6e,Mathématiques,27,27,10.42,0,92.99,79.48
2022,15,Lille,Paris,REP+,CP,Français,13,16,28.76,1,71.72,66.61
2022,15,Lille,Paris,REP+,CP,Mathématiques,20,16,28.76,0,55.88,53.02
2022,15,Lille,Paris,REP+,CE1,Français,19,16,28.76,0,61.99,60.92
2022,15,Lille,Paris,REP+,CE1,Mathématiques,20,16,28.76,0,57.47,51.96
2022,15,Lille,Paris,REP+,CM1,Français,14,16,28.76,1,78.88,64.25
2022,15,Lille,Paris,REP+,CM1,Mathématiques,15,16,28.76,1,69.5,64.8
2022,15,Lille,Paris,REP+,CM2,Français,14,16,28.76,1,76.06,61.17
2022,15,Lille,Paris,REP+,CM2,Mathématiques,15,16,28.76,1,76.69,68.41
2022,15,Lille,Paris,REP+,6e,Français,16,16,28.76,1,88.52,77.45
2022,15,Lille,Paris,REP+,6e,Mathématiques,18,16,28.76,1,75.27,60.55
2022,16,Bordeaux,Puy-de-Dôme,REP,CP,Français,20,20,-18.53,0,57.04,54.62
2022,16,Bordeaux,Puy-de-Dôme,REP,CP,Mathématiques,21,20,-18.53,0,56.59,52.91
2022,16,Bordeaux,Puy-de-Dôme,REP,CE1,Français,24,20,-18.53,0,66.39,54.55
2022,16,Bordeaux,Puy-de-Dôme,REP,CE1,Mathématiques,21,20,-18.53,0,62.07,60.13
2022,16,Bordeaux,Puy-de-Dôme,REP,CM1,Français,20,20,-18.53,0,69.52,54.36
2022,16,Bordeaux,Puy-de-Dôme,REP,CM1,Mathématiques,21,20,-18.53,0,57.91,56.92
2022,16,Bordeaux,Puy-de-Dôme,REP,CM2,Français,18,20,-18.53,1,84.91,74.33
2022,16,Bordeaux,Puy-de-Dôme,REP,CM2,Mathématiques,21,20,-18.53,0,66.63,59.26
2022,16,Bordeaux,Puy-de-Dôme,REP,6e,Français,24,20,-18.53,0,72.87,64.66
2022,16,Bordeaux,Puy-de-Dôme,REP,6e,Mathématiques,20,20,-18.53,0,79.97,69.77
2022,17,Nantes,Saône-et-Loire,Hors EP,CP,Français,24,26,16.71,0,66.78,62.91
2022,17,Nantes,Saône-et-Loire,Hors EP,CP,Mathématiques,28,26,16.71,0,71.79,58.3
2022,17,Nantes,Saône-et-Loire,Hors EP,CE1,Français,23,26,16.71,0,77.77,67.79
2022,17,Nantes,Saône-et-Loire,Hors EP,CE1,Mathématiques,25,26,16.71,0,71.56,59.08
2022,17,Nantes,Saône-et-Loire,Hors EP,CM1,Français,26,26,16.71,0,76.15,62.77
2022,17,Nantes,Saône-et-Loire,Hors EP,CM1,Mathématiques,21,26,16.71,0,85.46,73.65
2022,17,Nantes,Saône-et-Loire,Hors EP,CM2,Français,26,26,16.71,0,82.67,64.95
2022,17,Nantes,Saône-et-Loire,Hors EP,CM2,Mathématiques,23,26,16.71,0,85.08,73.9
2022,17,Nantes,Saône-et-Loire,Hors EP,6e,Français,20,26,16.71,0,98.76,77.69
2022,17,Nantes,Saône-et-Loire,Hors EP,6e,Mathématiques,22,26,16.71,0,97.09,70.1
2022,18,Paris,Ain,REP,CP,Français,24,24,-5.36,0,65.19,64.65
2022,18,Paris,Ain,REP,CP,Mathématiques,26,24,-5.36,0,48.45,40.04
2022,18,Paris,Ain,REP,CE1,Français,21,24,-5.36,0,66.68,51.07
2022,18,Paris,Ain,REP,CE1,Mathématiques,19,24,-5.36,0,58.19,56.35
2022,18,Paris,Ain,REP,CM1,Français,22,24,-5.36,0,64.67,59.87
2022,18,Paris,Ain,REP,CM1,Mathématiques,18,24,-5.36,1,75.84,60.25
2022,18,Paris,Ain,REP,CM2,Français,21,24,-5.36,0,70.45,66.36
2022,18,Paris,Ain,REP,CM2,Mathématiques,21,24,-5.36,0,70.04,71.47
2022,18,Paris,Ain,REP,6e,Français,22,24,-5.36,0,76.5,64.1
2022,18,Paris,Ain,REP,6e,Mathématiques,18,24,-5.36,1,87.46,76.01
2022,19,Lyon,Bas-Rhin,Hors EP,CP,Français,20,22,-13.18,0,73.84,64.6
2022,19,Lyon,Bas-Rhin,Hors EP,CP,Mathématiques,21,22,-13.18,0,66.49,59.98
2022,19,Lyon,Bas-Rhin,Hors EP,CE1,Français,17,22,-13.18,0,80.1,69.85
2022,19,Lyon,Bas-Rhin,Hors EP,CE1,Mathématiques,17,22,-13.18,0,75.12,65.89
2022,19,Lyon,Bas-Rhin,Hors EP,CM1,Français,21,22,-13.18,0,83.55,68.21
2022,19,Lyon,Bas-Rhin,Hors EP,CM1,Mathématiques,22,22,-13.18,0,80.57,66.17
2022,19,Lyon,Bas-Rhin,Hors EP,CM2,Français,17,22,-13.18,0,86.9,66.74
2022,19,Lyon,Bas-Rhin,Hors EP,CM2,Mathématiques,21,22,-13.18,0,89.44,82.93
2022,19,Lyon,Bas-Rhin,Hors EP,6e,Français,17,22,-13.18,0,98.36,82.31
2022,19,Lyon,Bas-Rhin,Hors EP,6e,Mathématiques,14,22,-13.18,0,90.32,74.2
2022,20,Lille,Bouches-du-Rhône,REP,CP,Français,13,17,-1.29,1,68.76,69.42
2022,20,Lille,Bouches-du-Rhône,REP,CP,Mathématiques,17,17,-1.29,1,72.32,68.43
2022,20,Lille,Bouches-du-Rhône,REP,CE1,Français,16,17,-1.29,1,69.47,56.48
2022,20,Lille,Bouches-du-Rhône,REP,CE1,Mathématiques,21,17,-1.29,0,61.23,47.97
2022,20,Lille,Bouches-du-Rhône,REP,CM1,Français,19,17,-1.29,0,63.3,53.92
2022,20,Lille,Bouches-du-Rhône,REP,CM1,Mathématiques,17,17,-1.29,1,89.59,80.0
2022,20,Lille,Bouches-du-Rhône,REP,CM2,Français,16,17,-1.29,1,86.37,78.33
2022,20,Lille,Bouches-du-Rhône,REP,CM2,Mathématiques,21,17,-1.29,0,70.43,61.8
2022,20,Lille,Bouches-du-Rhône,REP,6e,Français,15,17,-1.29,1,94.24,84.21
2022,20,Lille,Bouches-du-Rhône,REP,6e,Mathématiques,12,17,-1.29,1,86.46,67.73
2022,21,Bordeaux,Gironde,REP,CP,Français,16,16,13.48,1,72.75,66.63
2022,21,Bordeaux,Gironde,REP,CP,Mathématiques,18,16,13.48,1,68.13,59.35
2022,21,Bordeaux,Gironde,REP,CE1,Français,15,16,13.48,1,81.88,70.34
2022,21,Bordeaux,Gironde,REP,CE1,Mathématiques,15,16,13.48,1,75.78,75.68
2022,21,Bordeaux,Gironde,REP,CM1,Français,16,16,13.48,1,81.81,80.34
2022,21,Bordeaux,Gironde,REP,CM1,Mathématiques,19,16,13.48,0,75.45,63.8
2022,21,Bordeaux,Gironde,REP,CM2,Français,15,16,13.48,1,79.76,74.06
2022,21,Bordeaux,Gironde,REP,CM2,Mathématiques,16,16,13.48,1,76.91,73.31
2022,21,Bordeaux,Gironde,REP,6e,Français,15,16,13.48,1,92.05,70.03
2022,21,Bordeaux,Gironde,REP,6e,Mathématiques,17,16,13.48,1,92.28,77.51
2022,22,Nantes,Hérault,Hors EP,CP,Français,34,35,-8.66,0,56.4,47.91
2022,22,Nantes,Hérault,Hors EP,CP,Mathématiques,34,35,-8.66,0,60.68,58.69
2022,22,Nantes,Hérault,Hors EP,CE1,Français,32,35,-8.66,0,63.65,57.02
2022,22,Nantes,Hérault,Hors EP,CE1,Mathématiques,32,35,-8.66,0,67.57,63.08
2022,22,Nantes,Hérault,Hors EP,CM1,Français,30,35,-8.66,0,78.11,59.73
2022,22,Nantes,Hérault,Hors EP,CM1,Mathématiques,31,35,-8.66,0,65.52,55.27
2022,22,Nantes,Hérault,Hors EP,CM2,Français,34,35,-8.66,0,69.34,58.06
2022,22,Nantes,Hérault,Hors EP,CM2,Mathématiques,33,35,-8.66,0,71.75,64.57
2022,22,Nantes,Hérault,Hors EP,6e,Français,34,35,-8.66,0,83.91,69.71
2022,22,Nantes,Hérault,Hors EP,6e,Mathématiques,32,35,-8.66,0,82.15,74.04
2022,23,Paris,Loire,REP,CP,Français,19,19,-1.11,0,64.71,60.46
2022,23,Paris,Loire,REP,CP,Mathématiques,16,19,-1.11,1,64.55,56.49
2022,23,Paris,Loire,REP,CE1,Français,20,19,-1.11,0,69.88,78.53
2022,23,Paris,Loire,REP,CE1,Mathématiques,15,19,-1.11,1,73.64,65.42
2022,23,Paris,Loire,REP,CM1,Français,21,19,-1.11,0,72.01,64.72
2022,23,Paris,Loire,REP,CM1,Mathématiques,20,19,-1.11,0,67.6,63.75
2022,23,Paris,Loire,REP,CM2,Français,22,19,-1.11,0,74.52,62.75
2022,23,Paris,Loire,REP,CM2,Mathématiques,28,19,-1.11,0,66.89,64.29
2022,23,Paris,Loire,REP,6e,Français,20,19,-1.11,0,81.32,71.21
2022,23,Paris,Loire,REP,6e,Mathématiques,16,19,-1.11,1,85.04,69.15
2022,24,Lyon,Maine-et-Loire,Hors EP,CP,Français,21,24,16.77,0,70.4,57.72
2022,24,Lyon,Maine-et-Loire,Hors EP,CP,Mathématiques,20,24,16.77,0,67.24,62.25
2022,24,Lyon,Maine-et-Loire,Hors EP,CE1,Français,24,24,16.77,0,74.42,65.99
2022,24,Lyon,Maine-et-Loire,Hors EP,CE1,Mathématiques,20,24,16.77,0,74.78,66.8
2022,24,Lyon,Maine-et-Loire,Hors EP,CM1,Français,19,24,16.77,0,83.87,63.94
2022,24,Lyon,Maine-et-Loire,Hors EP,CM1,Mathématiques,21,24,16.77,0,87.51,78.05
2022,24,Lyon,Maine-et-Loire,Hors EP,CM2,Français,25,24,16.77,0,84.08,76.43
2022,24,Lyon,Maine-et-Loire,Hors EP,CM2,Mathématiques,18,24,16.77,0,93.6,86.87
2022,24,Lyon,Maine-et-Loire,Hors EP,6e,Français,22,24,16.77,0,100.0,80.01
2022,24,Lyon,Maine-et-Loire,Hors EP,6e,Mathématiques,21,24,16.77,0,88.59,75.42
2022,25,Lille,Moselle,Hors EP,CP,Français,25,22,-5.89,0,68.68,55.94
2022,25,Lille,Moselle,Hors EP,CP,Mathématiques,19,22,-5.89,0,69.11,55.09
2022,25,Lille,Moselle,Hors EP,CE1,Français,22,22,-5.89,0,74.19,64.72
2022,25,Lille,Moselle,Hors EP,CE1,Mathématiques,22,22,-5.89,0,82.95,65.1
2022,25,Lille,Moselle,Hors EP,CM1,Français,27,22,-5.89,0,76.86,63.98
2022,25,Lille,Moselle,Hors EP,CM1,Mathématiques,25,22,-5.89,0,74.36,61.53
2022,25,Lille,Moselle,Hors EP,CM2,Français,28,22,-5.89,0,71.82,62.61
2022,25,Lille,Moselle,Hors EP,CM2,Mathématiques,24,22,-5.89,0,88.63,73.28
2022,25,Lille,Moselle,Hors EP,6e,Français,31,22,-5.89,0,87.41,62.6
2022,25,Lille,Moselle,Hors EP,6e,Mathématiques,20,22,-5.89,0,91.96,71.81
2022,26,Bordeaux,Nord,REP,CP,Français,21,19,-11.58,0,49.21,53.69
2022,26,Bordeaux,Nord,REP,CP,Mathématiques,22,19,-11.58,0,52.92,43.96
2022,26,Bordeaux,Nord,REP,CE1,Français,20,19,-11.58,0,61.02,48.92
2022,26,Bordeaux,Nord,REP,CE1,Mathématiques,24,19,-11.58,0,52.63,43.43
2022,26,Bordeaux,Nord,REP,CM1,Français,20,19,-11.58,0,68.91,69.29
2022,26,Bordeaux,Nord,REP,CM1,Mathématiques,18,19,-11.58,1,75.35,67.91
2022,26,Bordeaux,Nord,REP,CM2,Français,19,19,-11.58,0,76.15,68.14
2022,26,Bordeaux,Nord,REP,CM2,Mathématiques,19,19,-11.58,0,70.24,66.92
2022,26,Bordeaux,Nord,REP,6e,Français,18,19,-11.58,1,93.63,85.61
2022,26,Bordeaux,Nord,REP,6e,Mathématiques,17,19,-11.58,1,97.83,77.96
2022,27,Nantes,Paris,Hors EP,CP,Français,28,29,0.86,0,68.64,72.0
2022,27,Nantes,Paris,Hors EP,CP,Mathématiques,26,29,0.86,0,62.46,54.71
2022,27,Nantes,Paris,Hors EP,CE1,Français,27,29,0.86,0,74.59,66.75
2022,27,Nantes,Paris,Hors EP,CE1,Mathématiques,24,29,0.86,0,77.09,77.11
2022,27,Nantes,Paris,Hors EP,CM1,Français,26,29,0.86,0,87.45,78.8
2022,27,Nantes,Paris,Hors EP,CM1,Mathématiques,32,29,0.86,0,73.03,65.34
2022,27,Nantes,Paris,Hors EP,CM2,Français,28,29,0.86,0,80.55,71.81
2022,27,Nantes,Paris,Hors EP,CM2,Mathématiques,29,29,0.86,0,82.29,70.8
2022,27,Nantes,Paris,Hors EP,6e,Français,27,29,0.86,0,91.81,81.06
2022,27,Nantes,Paris,Hors EP,6e,Mathématiques,28,29,0.86,0,86.03,69.38
2022,28,Paris,Puy-de-Dôme,Hors EP,CP,Français,23,25,8.42,0,72.23,58.25
2022,28,Paris,Puy-de-Dôme,Hors EP,CP,Mathématiques,22,25,8.42,0,71.18,70.19
2022,28,Paris,Puy-de-Dôme,Hors EP,CE1,Français,25,25,8.42,0,83.7,71.09
2022,28,Paris,Puy-de-Dôme,Hors EP,CE1,Mathématiques,25,25,8.42,0,67.65,59.27
2022,28,Paris,Puy-de-Dôme,Hors EP,CM1,Français,22,25,8.42,0,76.86,61.4
2022,28,Paris,Puy-de-Dôme,Hors EP,CM1,Mathématiques,25,25,8.42,0,74.8,63.36
2022,28,Paris,Puy-de-Dôme,Hors EP,CM2,Français,26,25,8.42,0,78.24,68.61
2022,28,Paris,Puy-de-Dôme,Hors EP,CM2,Mathématiques,27,25,8.42,0,85.52,75.73
2022,28,Paris,Puy-de-Dôme,Hors EP,6e,Français,25,25,8.42,0,88.3,74.63
2022,28,Paris,Puy-de-Dôme,Hors EP,6e,Mathématiques,29,25,8.42,0,85.74,72.77
2022,29,Lyon,Saône-et-Loire,Hors EP,CP,Français,23,25,-2.96,0,76.03,56.95
2022,29,Lyon,Saône-et-Loire,Hors EP,CP,Mathématiques,25,25,-2.96,0,64.6,49.4
2022,29,Lyon,Saône-et-Loire,Hors EP,CE1,Français,22,25,-2.96,0,76.28,67.38
2022,29,Lyon,Saône-et-Loire,Hors EP,CE1,Mathématiques,26,25,-2.96,0,73.48,57.23
2022,29,Lyon,Saône-et-Loire,Hors EP,CM1,Français,25,25,-2.96,0,83.02,72.55
2022,29,Lyon,Saône-et-Loire,Hors EP,CM1,Mathématiques,25,25,-2.96,0,68.05,56.32
2022,29,Lyon,Saône-et-Loire,Hors EP,CM2,Français,27,25,-2.96,0,81.69,81.66
2022,29,Lyon,Saône-et-Loire,Hors EP,CM2,Mathématiques,21,25,-2.96,0,92.38,74.77
2022,29,Lyon,Saône-et-Loire,Hors EP,6e,Français,26,25,-2.96,0,87.52,75.09
2022,29,Lyon,Saône-et-Loire,Hors EP,6e,Mathématiques,25,25,-2.96,0,83.98,76.12
2022,30,Lille,Ain,Hors EP,CP,Français,28,24,-4.05,0,70.04,67.06
2022,30,Lille,Ain,Hors EP,CP,Mathématiques,25,24,-4.05,0,74.16,66.87
2022,30,Lille,Ain,Hors EP,CE1,Français,23,24,-4.05,0,79.26,73.51
2022,30,Lille,Ain,Hors EP,CE1,Mathématiques,27,24,-4.05,0,67.0,61.97
2022,30,Lille,Ain,Hors EP,CM1,Français,28,24,-4.05,0,79.06,61.37
2022,30,Lille,Ain,Hors EP,CM1,Mathématiques,23,24,-4.05,0,75.38,62.48
2022,30,Lille,Ain,Hors EP,CM2,Français,20,24,-4.05,0,97.62,77.0
2022,30,Lille,Ain,Hors EP,CM2,Mathématiques,23,24,-4.05,0,74.68,70.11
2022,30,Lille,Ain,Hors EP,6e,Français,25,24,-4.05,0,88.04,73.37
2022,30,Lille,Ain,Hors EP,6e,Mathématiques,26,24,-4.05,0,83.55,61.87
2022,31,Bordeaux,Bas-Rhin,Hors EP,CP,Français,24,21,11.16,0,64.98,62.29
2022,31,Bordeaux,Bas-Rhin,Hors EP,CP,Mathématiques,18,21,11.16,0,87.89,81.69
2022,31,Bordeaux,Bas-Rhin,Hors EP,CE1,Français,24,21,11.16,0,79.95,71.28
2022,31,Bordeaux,Bas-Rhin,Hors EP,CE1,Mathématiques,19,21,11.16,0,75.14,62.1
2022,31,Bordeaux,Bas-Rhin,Hors EP,CM1,Français,22,21,11.16,0,91.16,75.21
2022,31,Bordeaux,Bas-Rhin,Hors EP,CM1,Mathématiques,18,21,11.16,0,78.06,69.31
2022,31,Bordeaux,Bas-Rhin,Hors EP,CM2,Français,23,21,11.16,0,94.0,85.81
2022,31,Bordeaux,Bas-Rhin,Hors EP,CM2,Mathématiques,21,21,11.16,0,87.45,80.87
2022,31,Bordeaux,Bas-Rhin,Hors EP,6e,Français,17,21,11.16,0,95.76,88.67
2022,31,Bordeaux,Bas-Rhin,Hors EP,6e,Mathématiques,17,21,11.16,0,94.58,82.47
2022,32,Nantes,Bouches-du-Rhône,REP,CP,Français,26,27,5.76,0,51.71,49.38
2022,32,Nantes,Bouches-du-Rhône,REP,CP,Mathématiques,29,27,5.76,0,58.93,48.69
2022,32,Nantes,Bouches-du-Rhône,REP,CE1,Français,23,27,5.76,0,63.2,60.06
2022,32,Nantes,Bouches-du-Rhône,REP,CE1,Mathématiques,26,27,5.76,0,65.17,59.5
2022,32,Nantes,Bouches-du-Rhône,REP,CM1,Français,26,27,5.76,0,68.81,61.68
2022,32,Nantes,Bouches-du-Rhône,REP,CM1,Mathématiques,19,27,5.76,0,73.77,68.19
2022,32,Nantes,Bouches-du-Rhône,REP,CM2,Français,24,27,5.76,0,68.28,71.22
2022,32,Nantes,Bouches-du-Rhône,REP,CM2,Mathématiques,23,27,5.76,0,65.45,53.0
2022,32,Nantes,Bouches-du-Rhône,REP,6e,Français,25,27,5.76,0,79.97,67.07
2022,32,Nantes,Bouches-du-Rhône,REP,6e,Mathématiques,24,27,5.76,0,77.69,68.53
2022,33,Paris,Gironde,Hors EP,CP,Français,25,32,6.81,0,64.93,59.53
2022,33,Paris,Gironde,Hors EP,CP,Mathématiques,29,32,6.81,0,69.0,64.84
2022,33,Paris,Gironde,Hors EP,CE1,Français,26,32,6.81,0,70.4,62.79
2022,33,Paris,Gironde,Hors EP,CE1,Mathématiques,27,32,6.81,0,75.1,63.67
2022,33,Paris,Gironde,Hors EP,CM1,Français,26,32,6.81,0,89.26,83.46
2022,33,Paris,Gironde,Hors EP,CM1,Mathématiques,25,32,6.81,0,84.53,66.87
2022,33,Paris,Gironde,Hors EP,CM2,Français,26,32,6.81,0,83.58,71.44
2022,33,Paris,Gironde,Hors EP,CM2,Mathématiques,29,32,6.81,0,79.8,72.34
2022,33,Paris,Gironde,Hors EP,6e,Français,26,32,6.81,0,91.7,77.75
2022,33,Paris,Gironde,Hors EP,6e,Mathématiques,24,32,6.81,0,90.99,77.35
2022,34,Lyon,Hérault,REP,CP,Français,23,22,-2.94,0,66.95,46.9
2022,34,Lyon,Hérault,REP,CP,Mathématiques,20,22,-2.94,0,61.54,55.77
2022,34,Lyon,Hérault,REP,CE1,Français,21,22,-2.94,0,70.79,56.28
2022,34,Lyon,Hérault,REP,CE1,Mathématiques,19,22,-2.94,0,70.95,57.06
2022,34,Lyon,Hérault,REP,CM1,Français,19,22,-2.94,0,69.13,67.27
2022,34,Lyon,Hérault,REP,CM1,Mathématiques,22,22,-2.94,0,66.18,60.16
2022,34,Lyon,Hérault,REP,CM2,Français,15,22,-2.94,1,92.45,76.1
2022,34,Lyon,Hérault,REP,CM2,Mathématiques,19,22,-2.94,0,77.52,68.7
2022,34,Lyon,Hérault,REP,6e,Français,22,22,-2.94,0,81.16,71.21
2022,34,Lyon,Hérault,REP,6e,Mathématiques,20,22,-2.94,0,72.19,63.35
2022,35,Lille,Loire,REP,CP,Français,17,20,-10.56,1,76.44,69.72
2022,35,Lille,Loire,REP,CP,Mathématiques,12,20,-10.56,1,70.05,60.43
2022,35,Lille,Loire,REP,CE1,Français,18,20,-10.56,1,73.46,60.65
2022,35,Lille,Loire,REP,CE1,Mathématiques,17,20,-10.56,1,69.15,63.56
2022,35,Lille,Loire,REP,CM1,Français,15,20,-10.56,1,75.07,69.71
2022,35,Lille,Loire,REP,CM1,Mathématiques,20,20,-10.56,0,68.94,58.64
2022,35,Lille,Loire,REP,CM2,Français,15,20,-10.56,1,82.06,75.25
2022,35,Lille,Loire,REP,CM2,Mathématiques,15,20,-10.56,1,86.11,76.74
2022,35,Lille,Loire,REP,6e,Français,20,20,-10.56,0,84.12,74.91
2022,35,Lille,Loire,REP,6e,Mathématiques,13,20,-10.56,1,89.88,76.7
2022,36,Bordeaux,Maine-et-Loire,Hors EP,CP,Français,31,27,-6.35,0,62.11,54.34
2022,36,Bordeaux,Maine-et-Loire,Hors EP,CP,Mathématiques,25,27,-6.35,0,62.65,53.93
2022,36,Bordeaux,Maine-et-Loire,Hors EP,CE1,Français,30,27,-6.35,0,64.25,49.4
2022,36,Bordeaux,Maine-et-Loire,Hors EP,CE1,Mathématiques,29,27,-6.35,0,63.88,58.36
2022,36,Bordeaux,Maine-et-Loire,Hors EP,CM1,Français,31,27,-6.35,0,74.26,73.04
2022,36,Bordeaux,Maine-et-Loire,Hors EP,CM1,Mathématiques,28,27,-6.35,0,78.17,65.42
2022,36,Bordeaux,Maine-et-Loire,Hors EP,CM2,Français,28,27,-6.35,0,77.44,63.59
2022,36,Bordeaux,Maine-et-Loire,Hors EP,CM2,Mathématiques,27,27,-6.35,0,73.56,65.82
2022,36,Bordeaux,Maine-et-Loire,Hors EP,6e,Français,27,27,-6.35,0,88.59,68.68
2022,36,Bordeaux,Maine-et-Loire,Hors EP,6e,Mathématiques,30,27,-6.35,0,89.48,83.28
2022,37,Nantes,Moselle,REP+,CP,Français,16,20,5.85,1,56.27,57.36
2022,37,Nantes,Moselle,REP+,CP,Mathématiques,16,20,5.85,1,54.5,49.52
2022,37,Nantes,Moselle,REP+,CE1,Français,16,20,5.85,1,68.16,61.46
2022,37,Nantes,Moselle,REP+,CE1,Mathématiques,20,20,5.85,0,48.5,47.22
2022,37,Nantes,Moselle,REP+,CM1,Français,15,20,5.85,1,79.75,66.43
2022,37,Nantes,Moselle,REP+,CM1,Mathématiques,16,20,5.85,1,75.83,73.19
2022,37,Nantes,Moselle,REP+,CM2,Français,21,20,5.85,0,60.01,58.22
2022,37,Nantes,Moselle,REP+,CM2,Mathématiques,18,20,5.85,1,75.87,66.93
2022,37,Nantes,Moselle,REP+,6e,Français,20,20,5.85,0,77.98,72.51
2022,37,Nantes,Moselle,REP+,6e,Mathématiques,18,20,5.85,1,91.32,75.09
2022,38,Paris,Nord,Hors EP,CP,Français,22,21,15.64,0,76.89,59.9
2022,38,Paris,Nord,Hors EP,CP,Mathématiques,26,21,15.64,0,68.38,60.1
2022,38,Paris,Nord,Hors EP,CE1,Français,28,21,15.64,0,78.09,62.9
2022,38,Paris,Nord,Hors EP,CE1,Mathématiques,23,21,15.64,0,87.09,84.12
2022,38,Paris,Nord,Hors EP,CM1,Français,25,21,15.64,0,73.66,71.75
2022,38,Paris,Nord,Hors EP,CM1,Mathématiques,21,21,15.64,0,88.53,71.59
2022,38,Paris,Nord,Hors EP,CM2,Français,24,21,15.64,0,85.0,70.98
2022,38,Paris,Nord,Hors EP,CM2,Mathématiques,25,21,15.64,0,78.04,79.93
2022,38,Paris,Nord,Hors EP,6e,Français,20,21,15.64,0,91.6,80.42
2022,38,Paris,Nord,Hors EP,6e,Mathématiques,26,21,15.64,0,86.62,68.54
2022,39,Lyon,Paris,REP,CP,Français,18,19,-0.84,1,72.94,68.72
2022,39,Lyon,Paris,REP,CP,Mathématiques,16,19,-0.84,1,64.98,59.97
2022,39,Lyon,Paris,REP,CE1,Français,17,19,-0.84,1,76.44,63.42
2022,39,Lyon,Paris,REP,CE1,Mathématiques,19,19,-0.84,0,57.1,51.62
2022,39,Lyon,Paris,REP,CM1,Français,20,19,-0.84,0,65.41,64.73
2022,39,Lyon,Paris,REP,CM1,Mathématiques,13,19,-0.84,1,71.17,55.92
2022,39,Lyon,Paris,REP,CM2,Français,17,19,-0.84,1,89.58,82.38
2022,39,Lyon,Paris,REP,CM2,Mathématiques,20,19,-0.84,0,76.38,62.78
2022,39,Lyon,Paris,REP,6e,Français,15,19,-0.84,1,94.84,86.6
2022,39,Lyon,Paris,REP,6e,Mathématiques,14,19,-0.84,1,94.12,69.4
2022,40,Lille,Puy-de-Dôme,Hors EP,CP,Français,22,25,0.38,0,74.85,66.2
2022,40,Lille,Puy-de-Dôme,Hors EP,CP,Mathématiques,26,25,0.38,0,73.4,65.55
2022,40,Lille,Puy-de-Dôme,Hors EP,CE1,Français,22,25,0.38,0,71.72,72.26
2022,40,Lille,Puy-de-Dôme,Hors EP,CE1,Mathématiques,28,25,0.38,0,72.44,64.56
2022,40,Lille,Puy-de-Dôme,Hors EP,CM1,Français,26,25,0.38,0,85.12,69.79
2022,40,Lille,Puy-de-Dôme,Hors EP,CM1,Mathématiques,24,25,0.38,0,73.07,64.04
2022,40,Lille,Puy-de-Dôme,Hors EP,CM2,Français,28,25,0.38,0,87.3,75.04
2022,40,Lille,Puy-de-Dôme,Hors EP,CM2,Mathématiques,17,25,0.38,0,85.49,73.65
2022,40,Lille,Puy-de-Dôme,Hors EP,6e,Français,23,25,0.38,0,92.09,78.84
2022,40,Lille,Puy-de-Dôme,Hors EP,6e,Mathématiques,23,25,0.38,0,88.91,74.71
2022,41,Bordeaux,Saône-et-Loire,Hors EP,CP,Français,34,34,-27.05,0,54.95,56.86
2022,41,Bordeaux,Saône-et-Loire,Hors EP,CP,Mathématiques,28,34,-27.05,0,63.72,58.09
2022,41,Bordeaux,Saône-et-Loire,Hors EP,CE1,Français,33,34,-27.05,0,62.69,54.35
2022,41,Bordeaux,Saône-et-Loire,Hors EP,CE1,Mathématiques,31,34,-27.05,0,60.73,46.65
2022,41,Bordeaux,Saône-et-Loire,Hors EP,CM1,Français,28,34,-27.05,0,87.06,65.1
2022,41,Bordeaux,Saône-et-Loire,Hors EP,CM1,Mathématiques,31,34,-27.05,0,67.36,69.99
2022,41,Bordeaux,Saône-et-Loire,Hors EP,CM2,Français,27,34,-27.05,0,80.51,73.18
2022,41,Bordeaux,Saône-et-Loire,Hors EP,CM2,Mathématiques,30,34,-27.05,0,70.9,63.1
2022,41,Bordeaux,Saône-et-Loire,Hors EP,6e,Français,29,34,-27.05,0,81.85,75.31
2022,41,Bordeaux,Saône-et-Loire,Hors EP,6e,Mathématiques,31,34,-27.05,0,80.94,71.69
2022,42,Nantes,Ain,Hors EP,CP,Français,25,31,9.83,0,61.14,65.71
2022,42,Nantes,Ain,Hors EP,CP,Mathématiques,27,31,9.83,0,67.62,54.85
2022,42,Nantes,Ain,Hors EP,CE1,Français,25,31,9.83,0,72.07,67.22
2022,42,Nantes,Ain,Hors EP,CE1,Mathématiques,27,31,9.83,0,68.97,58.18
2022,42,Nantes,Ain,Hors EP,CM1,Français,31,31,9.83,0,79.79,66.84
2022,42,Nantes,Ain,Hors EP,CM1,Mathématiques,30,31,9.83,0,72.68,62.73
2022,42,Nantes,Ain,Hors EP,CM2,Français,28,31,9.83,0,86.47,69.34
2022,42,Nantes,Ain,Hors EP,CM2,Mathématiques,29,31,9.83,0,90.92,77.74
2022,42,Nantes,Ain,Hors EP,6e,Français,28,31,9.83,0,88.2,77.37
2022,42,Nantes,Ain,Hors EP,6e,Mathématiques,24,31,9.83,0,96.83,85.75
2022,43,Paris,Bas-Rhin,REP,CP,Français,20,22,3.59,0,62.06,52.06
2022,43,Paris,Bas-Rhin,REP,CP,Mathématiques,19,22,3.59,0,64.09,55.91
2022,43,Paris,Bas-Rhin,REP,CE1,Français,13,22,3.59,1,75.15,78.16
2022,43,Paris,Bas-Rhin,REP,CE1,Mathématiques,22,22,3.59,0,57.6,53.92
2022,43,Paris,Bas-Rhin,REP,CM1,Français,22,22,3.59,0,61.33,52.42
2022,43,Paris,Bas-Rhin,REP,CM1,Mathématiques,21,22,3.59,0,74.31,63.33
2022,43,Paris,Bas-Rhin,REP,CM2,Français,24,22,3.59,0,69.04,45.02
2022,43,Paris,Bas-Rhin,REP,CM2,Mathématiques,22,22,3.59,0,73.66,68.77
2022,43,Paris,Bas-Rhin,REP,6e,Français,22,22,3.59,0,80.09,68.17
2022,43,Paris,Bas-Rhin,REP,6e,Mathématiques,19,22,3.59,0,76.86,65.26
2022,44,Lyon,Bouches-du-Rhône,REP,CP,Français,12,18,-26.89,1,66.67,59.69
2022,44,Lyon,Bouches-du-Rhône,REP,CP,Mathématiques,15,18,-26.89,1,54.46,59.8
2022,44,Lyon,Bouches-du-Rhône,REP,CE1,Français,12,18,-26.89,1,68.49,55.27
2022,44,Lyon,Bouches-du-Rhône,REP,CE1,Mathématiques,19,18,-26.89,0,61.17,54.23
2022,44,Lyon,Bouches-du-Rhône,REP,CM1,Français,15,18,-26.89,1,78.98,62.47
2022,44,Lyon,Bouches-du-Rhône,REP,CM1,Mathématiques,17,18,-26.89,1,72.7,67.04
2022,44,Lyon,Bouches-du-Rhône,REP,CM2,Français,17,18,-26.89,1,80.5,59.48
2022,44,Lyon,Bouches-du-Rhône,REP,CM2,Mathématiques,15,18,-26.89,1,73.65,65.48
2022,44,Lyon,Bouches-du-Rhône,REP,6e,Français,15,18,-26.89,1,85.53,66.68
2022,44,Lyon,Bouches-du-Rhône,REP,6e,Mathématiques,19,18,-26.89,0,73.23,76.56
2022,45,Lille,Gironde,Hors EP,CP,Français,28,25,4.1,0,72.86,55.71
2022,45,Lille,Gironde,Hors EP,CP,Mathématiques,27,25,4.1,0,68.03,61.44
2022,45,Lille,Gironde,Hors EP,CE1,Français,29,25,4.1,0,78.88,73.16
2022,45,Lille,Gironde,Hors EP,CE1,Mathématiques,24,25,4.1,0,67.13,64.42
2022,45,Lille,Gironde,Hors EP,CM1,Français,28,25,4.1,0,68.76,67.19
2022,45,Lille,Gironde,Hors EP,CM1,Mathématiques,24,25,4.1,0,70.35,65.19
2022,45,Lille,Gironde,Hors EP,CM2,Français,27,25,4.1,0,82.21,65.62
2022,45,Lille,Gironde,Hors EP,CM2,Mathématiques,29,25,4.1,0,75.98,72.47
2022,45,Lille,Gironde,Hors EP,6e,Français,21,25,4.1,0,96.06,82.26
2022,45,Lille,Gironde,Hors EP,6e,Mathématiques,27,25,4.1,0,92.51,73.84
2022,46,Bordeaux,Hérault,Hors EP,CP,Français,21,22,-6.94,0,80.41,78.98
2022,46,Bordeaux,Hérault,Hors EP,CP,Mathématiques,19,22,-6.94,0,73.04,69.38
2022,46,Bordeaux,Hérault,Hors EP,CE1,Français,22,22,-6.94,0,75.2,66.52
2022,46,Bordeaux,Hérault,Hors EP,CE1,Mathématiques,20,22,-6.94,0,73.83,63.5
2022,46,Bordeaux,Hérault,Hors EP,CM1,Français,20,22,-6.94,0,81.94,65.04
2022,46,Bordeaux,Hérault,Hors EP,CM1,Mathématiques,22,22,-6.94,0,81.29,79.66
2022,46,Bordeaux,Hérault,Hors EP,CM2,Français,21,22,-6.94,0,85.99,70.34
2022,46,Bordeaux,Hérault,Hors EP,CM2,Mathématiques,20,22,-6.94,0,88.26,73.79
2022,46,Bordeaux,Hérault,Hors EP,6e,Français,16,22,-6.94,0,92.24,77.81
2022,46,Bordeaux,Hérault,Hors EP,6e,Mathématiques,22,22,-6.94,0,82.28,72.28
2022,47,Nantes,Loire,Hors EP,CP,Français,23,24,-8.84,0,75.91,72.61
2022,47,Nantes,Loire,Hors EP,CP,Mathématiques,20,24,-8.84,0,69.7,51.43
2022,47,Nantes,Loire,Hors EP,CE1,Français,23,24,-8.84,0,77.53,75.57
2022,47,Nantes,Loire,Hors EP,CE1,Mathématiques,19,24,-8.84,0,70.54,63.69
2022,47,Nantes,Loire,Hors EP,CM1,Français,19,24,-8.84,0,85.21,76.06
2022,47,Nantes,Loire,Hors EP,CM1,Mathématiques,20,24,-8.84,0,81.14,64.11
2022,47,Nantes,Loire,Hors EP,CM2,Français,26,24,-8.84,0,84.07,68.97
2022,47,Nantes,Loire,Hors EP,CM2,Mathématiques,20,24,-8.84,0,87.29,81.15
2022,47,Nantes,Loire,Hors EP,6e,Français,21,24,-8.84,0,90.66,72.89
2022,47,Nantes,Loire,Hors EP,6e,Mathématiques,27,24,-8.84,0,75.65,72.87
2022,48,Paris,Maine-et-Loire,Hors EP,CP,Français,22,26,2.88,0,77.91,73.47
2022,48,Paris,Maine-et-Loire,Hors EP,CP,Mathématiques,22,26,2.88,0,73.15,62.96
2022,48,Paris,Maine-et-Loire,Hors EP,CE1,Français,24,26,2.88,0,82.21,67.53
2022,48,Paris,Maine-et-Loire,Hors EP,CE1,Mathématiques,26,26,2.88,0,72.6,63.4
2022,48,Paris,Maine-et-Loire,Hors EP,CM1,Français,25,26,2.88,0,81.56,64.67
2022,48,Paris,Maine-et-Loire,Hors EP,CM1,Mathématiques,22,26,2.88,0,75.44,64.92
2022,48,Paris,Maine-et-Loire,Hors EP,CM2,Français,27,26,2.88,0,86.26,66.49
2022,48,Paris,Maine-et-Loire,Hors EP,CM2,Mathématiques,23,26,2.88,0,85.3,76.72
2022,48,Paris,Maine-et-Loire,Hors EP,6e,Français,22,26,2.88,0,87.58,74.27
2022,48,Paris,Maine-et-Loire,Hors EP,6e,Mathématiques,25,26,2.88,0,88.5,70.76
2022,49,Lyon,Moselle,REP+,CP,Français,20,19,-7.94,0,54.22,53.44
2022,49,Lyon,Moselle,REP+,CP,Mathématiques,14,19,-7.94,1,64.37,62.56
2022,49,Lyon,Moselle,REP+,CE1,Français,20,19,-7.94,0,55.81,52.58
2022,49,Lyon,Moselle,REP+,CE1,Mathématiques,17,19,-7.94,1,73.7,62.41
2022,49,Lyon,Moselle,REP+,CM1,Français,14,19,-7.94,1,70.77,60.46
2022,49,Lyon,Moselle,REP+,CM1,Mathématiques,20,19,-7.94,0,52.54,47.92
2022,49,Lyon,Moselle,REP+,CM2,Français,17,19,-7.94,1,83.15,75.11
2022,49,Lyon,Moselle,REP+,CM2,Mathématiques,21,19,-7.94,0,64.3,57.71
2022,49,Lyon,Moselle,REP+,6e,Français,19,19,-7.94,0,66.39,51.6
2022,49,Lyon,Moselle,REP+,6e,Mathématiques,19,19,-7.94,0,70.49,67.76
2022,50,Lille,Nord,REP,CP,Français,25,27,-0.37,0,57.62,49.9
2022,50,Lille,Nord,REP,CP,Mathématiques,23,27,-0.37,0,56.35,51.19
2022,50,Lille,Nord,REP,CE1,Français,20,27,-0.37,0,65.88,63.98
2022,50,Lille,Nord,REP,CE1,Mathématiques,27,27,-0.37,0,57.65,58.29
2022,50,Lille,Nord,REP,CM1,Français,26,27,-0.37,0,65.51,48.95
2022,50,Lille,Nord,REP,CM1,Mathématiques,27,27,-0.37,0,57.24,48.27
2022,50,Lille,Nord,REP,CM2,Français,21,27,-0.37,0,85.84,75.57
2022,50,Lille,Nord,REP,CM2,Mathématiques,21,27,-0.37,0,68.58,61.63
2022,50,Lille,Nord,REP,6e,Français,25,27,-0.37,0,77.31,62.93
2022,50,Lille,Nord,REP,6e,Mathématiques,25,27,-0.37,0,70.3,68.04
2022,51,Bordeaux,Paris,Hors EP,CP,Français,21,25,4.6,0,77.54,70.87
2022,51,Bordeaux,Paris,Hors EP,CP,Mathématiques,25,25,4.6,0,70.85,62.11
2022,51,Bordeaux,Paris,Hors EP,CE1,Français,18,25,4.6,0,81.79,72.33
2022,51,Bordeaux,Paris,Hors EP,CE1,Mathématiques,22,25,4.6,0,60.8,59.74
2022,51,Bordeaux,Paris,Hors EP,CM1,Français,20,25,4.6,0,88.24,83.51
2022,51,Bordeaux,Paris,Hors EP,CM1,Mathématiques,21,25,4.6,0,83.23,71.76
2022,51,Bordeaux,Paris,Hors EP,CM2,Français,23,25,4.6,0,87.92,72.2
2022,51,Bordeaux,Paris,Hors EP,CM2,Mathématiques,20,25,4.6,0,94.31,81.32
2022,51,Bordeaux,Paris,Hors EP,6e,Français,24,25,4.6,0,93.35,83.36
2022,51,Bordeaux,Paris,Hors EP,6e,Mathématiques,20,25,4.6,0,92.53,80.45
2022,52,Nantes,Puy-de-Dôme,REP,CP,Français,25,31,-7.93,0,51.08,45.86
2022,52,Nantes,Puy-de-Dôme,REP,CP,Mathématiques,21,31,-7.93,0,52.71,54.42
2022,52,Nantes,Puy-de-Dôme,REP,CE1,Français,28,31,-7.93,0,55.28,44.48
2022,52,Nantes,Puy-de-Dôme,REP,CE1,Mathématiques,31,31,-7.93,0,53.05,51.01
2022,52,Nantes,Puy-de-Dôme,REP,CM1,Français,22,31,-7.93,0,65.64,61.8
2022,52,Nantes,Puy-de-Dôme,REP,CM1,Mathématiques,28,31,-7.93,0,60.31,59.44
2022,52,Nantes,Puy-de-Dôme,REP,CM2,Français,28,31,-7.93,0,70.37,58.63
2022,52,Nantes,Puy-de-Dôme,REP,CM2,Mathématiques,25,31,-7.93,0,69.3,65.53
2022,52,Nantes,Puy-de-Dôme,REP,6e,Français,29,31,-7.93,0,72.14,62.44
2022,52,Nantes,Puy-de-Dôme,REP,6e,Mathématiques,29,31,-7.93,0,70.25,64.97
2022,53,Paris,Saône-et-Loire,Hors EP,CP,Français,22,22,-15.08,0,65.61,61.15
2022,53,Paris,Saône-et-Loire,Hors EP,CP,Mathématiques,23,22,-15.08,0,67.24,65.59
2022,53,Paris,Saône-et-Loire,Hors EP,CE1,Français,20,22,-15.08,0,67.57,64.08
2022,53,Paris,Saône-et-Loire,Hors EP,CE1,Mathématiques,21,22,-15.08,0,70.73,61.04
2022,53,Paris,Saône-et-Loire,Hors EP,CM1,Français,22,22,-15.08,0,77.32,69.46
2022,53,Paris,Saône-et-Loire,Hors EP,CM1,Mathématiques,24,22,-15.08,0,85.46,80.14
2022,53,Paris,Saône-et-Loire,Hors EP,CM2,Français,21,22,-15.08,0,88.05,72.87
2022,53,Paris,Saône-et-Loire,Hors EP,CM2,Mathématiques,20,22,-15.08,0,88.71,73.79
2022,53,Paris,Saône-et-Loire,Hors EP,6e,Français,22,22,-15.08,0,86.66,80.78
2022,53,Paris,Saône-et-Loire,Hors EP,6e,Mathématiques,20,22,-15.08,0,94.69,75.87
2022,54,Lyon,Ain,Hors EP,CP,Français,25,33,-18.81,0,71.7,67.56
2022,54,Lyon,Ain,Hors EP,CP,Mathématiques,26,33,-18.81,0,61.1,59.91
2022,54,Lyon,Ain,Hors EP,CE1,Français,31,33,-18.81,0,66.13,62.74
2022,54,Lyon,Ain,Hors EP,CE1,Mathématiques,30,33,-18.81,0,74.03,59.56
2022,54,Lyon,Ain,Hors EP,CM1,Français,26,33,-18.81,0,74.66,69.91
2022,54,Lyon,Ain,Hors EP,CM1,Mathématiques,27,33,-18.81,0,74.45,66.23
2022,54,Lyon,Ain,Hors EP,CM2,Français,28,33,-18.81,0,80.63,74.97
2022,54,Lyon,Ain,Hors EP,CM2,Mathématiques,26,33,-18.81,0,78.27,62.15
2022,54,Lyon,Ain,Hors EP,6e,Français,29,33,-18.81,0,83.36,77.03
2022,54,Lyon,Ain,Hors EP,6e,Mathématiques,28,33,-18.81,0,80.14,68.27
2022,55,Lille,Bas-Rhin,REP,CP,Français,13,14,0.43,1,73.66,64.81
2022,55,Lille,Bas-Rhin,REP,CP,Mathématiques,16,14,0.43,1,68.98,61.39
2022,55,Lille,Bas-Rhin,REP,CE1,Français,12,14,0.43,1,76.24,58.03
2022,55,Lille,Bas-Rhin,REP,CE1,Mathématiques,13,14,0.43,1,74.65,71.71
2022,55,Lille,Bas-Rhin,REP,CM1,Français,21,14,0.43,0,67.82,56.8
2022,55,Lille,Bas-Rhin,REP,CM1,Mathématiques,16,14,0.43,1,86.87,81.73
2022,55,Lille,Bas-Rhin,REP,CM2,Français,12,14,0.43,1,85.82,77.61
2022,55,Lille,Bas-Rhin,REP,CM2,Mathématiques,17,14,0.43,1,86.12,71.31
2022,55,Lille,Bas-Rhin,REP,6e,Français,16,14,0.43,1,95.63,75.37
2022,55,Lille,Bas-Rhin,REP,6e,Mathématiques,18,14,0.43,1,92.92,74.47
2022,56,Bordeaux,Bouches-du-Rhône,REP,CP,Français,22,24,18.91,0,62.56,44.35
2022,56,Bordeaux,Bouches-du-Rhône,REP,CP,Mathématiques,25,24,18.91,0,59.96,62.55
2022,56,Bordeaux,Bouches-du-Rhône,REP,CE1,Français,20,24,18.91,0,71.2,68.51
2022,56,Bordeaux,Bouches-du-Rhône,REP,CE1,Mathématiques,20,24,18.91,0,68.62,63.98
2022,56,Bordeaux,Bouches-du-Rhône,REP,CM1,Français,18,24,18.91,1,86.3,69.85
2022,56,Bordeaux,Bouches-du-Rhône,REP,CM1,Mathématiques,18,24,18.91,1,82.32,70.65
2022,56,Bordeaux,Bouches-du-Rhône,REP,CM2,Français,26,24,18.91,0,73.29,68.73
2022,56,Bordeaux,Bouches-du-Rhône,REP,CM2,Mathématiques,23,24,18.91,0,76.76,62.77
2022,56,Bordeaux,Bouches-du-Rhône,REP,6e,Français,22,24,18.91,0,80.44,72.96
2022,56,Bordeaux,Bouches-du-Rhône,REP,6e,Mathématiques,23,24,18.91,0,74.41,63.91
2022,57,Nantes,Gironde,REP,CP,Français,16,17,14.9,1,82.06,75.49
2022,57,Nantes,Gironde,REP,CP,Mathématiques,16,17,14.9,1,68.09,63.31
2022,57,Nantes,Gironde,REP,CE1,Français,17,17,14.9,1,77.2,63.78
2022,57,Nantes,Gironde,REP,CE1,Mathématiques,12,17,14.9,1,75.02,58.61
2022,57,Nantes,Gironde,REP,CM1,Français,14,17,14.9,1,72.24,68.29
2022,57,Nantes,Gironde,REP,CM1,Mathématiques,18,17,14.9,1,80.54,78.93
2022,57,Nantes,Gironde,REP,CM2,Français,18,17,14.9,1,90.35,75.87
2022,57,Nantes,Gironde,REP,CM2,Mathématiques,14,17,14.9,1,87.72,73.94
2022,57,Nantes,Gironde,REP,6e,Français,16,17,14.9,1,95.99,79.12
2022,57,Nantes,Gironde,REP,6e,Mathématiques,18,17,14.9,1,89.16,75.73
2022,58,Paris,Hérault,Hors EP,CP,Français,24,26,-10.8,0,67.66,49.94
2022,58,Paris,Hérault,Hors EP,CP,Mathématiques,24,26,-10.8,0,64.2,60.25
2022,58,Paris,Hérault,Hors EP,CE1,Français,25,26,-10.8,0,73.86,66.87
2022,58,Paris,Hérault,Hors EP,CE1,Mathématiques,21,26,-10.8,0,76.58,66.13
2022,58,Paris,Hérault,Hors EP,CM1,Français,18,26,-10.8,0,88.83,81.07
2022,58,Paris,Hérault,Hors EP,CM1,Mathématiques,27,26,-10.8,0,83.77,75.83
2022,58,Paris,Hérault,Hors EP,CM2,Français,24,26,-10.8,0,89.62,71.5
2022,58,Paris,Hérault,Hors EP,CM2,Mathématiques,19,26,-10.8,0,84.06,78.54
2022,58,Paris,Hérault,Hors EP,6e,Français,21,26,-10.8,0,94.5,82.13
2022,58,Paris,Hérault,Hors EP,6e,Mathématiques,24,26,-10.8,0,80.95,71.76
2022,59,Lyon,Loire,REP+,CP,Français,26,21,-4.64,0,48.19,39.41
2022,59,Lyon,Loire,REP+,CP,Mathématiques,22,21,-4.64,0,54.6,48.03
2022,59,Lyon,Loire,REP+,CE1,Français,22,21,-4.64,0,48.12,41.72
2022,59,Lyon,Loire,REP+,CE1,Mathématiques,20,21,-4.64,0,47.52,44.22
2022,59,Lyon,Loire,REP+,CM1,Français,26,21,-4.64,0,56.48,57.33
2022,59,Lyon,Loire,REP+,CM1,Mathématiques,25,21,-4.64,0,49.56,44.54
2022,59,Lyon,Loire,REP+,CM2,Français,24,21,-4.64,0,60.59,59.7
2022,59,Lyon,Loire,REP+,CM2,Mathématiques,26,21,-4.64,0,52.09,48.64
2022,59,Lyon,Loire,REP+,6e,Français,22,21,-4.64,0,67.88,58.12
2022,59,Lyon,Loire,REP+,6e,Mathématiques,21,21,-4.64,0,68.08,62.12
2022,60,Lille,Maine-et-Loire,REP+,CP,Français,14,17,-7.1,1,61.18,58.91
2022,60,Lille,Maine-et-Loire,REP+,CP,Mathématiques,19,17,-7.1,0,56.22,54.68
2022,60,Lille,Maine-et-Loire,REP+,CE1,Français,19,17,-7.1,0,62.81,53.81
2022,60,Lille,Maine-et-Loire,REP+,CE1,Mathématiques,16,17,-7.1,1,76.02,70.97
2022,60,Lille,Maine-et-Loire,REP+,CM1,Français,18,17,-7.1,1,76.57,60.39
2022,60,Lille,Maine-et-Loire,REP+,CM1,Mathématiques,15,17,-7.1,1,64.99,61.29
2022,60,Lille,Maine-et-Loire,REP+,CM2,Français,16,17,-7.1,1,77.98,66.47
2022,60,Lille,Maine-et-Loire,REP+,CM2,Mathématiques,13,17,-7.1,1,78.53,59.59
2022,60,Lille,Maine-et-Loire,REP+,6e,Français,15,17,-7.1,1,76.63,62.71
2022,60,Lille,Maine-et-Loire,REP+,6e,Mathématiques,18,17,-7.1,1,85.11,65.07
2022,61,Bordeaux,Moselle,REP+,CP,Français,14,11,0.86,1,53.97,54.45
2022,61,Bordeaux,Moselle,REP+,CP,Mathématiques,12,11,0.86,1,55.03,52.76
2022,61,Bordeaux,Moselle,REP+,CE1,Français,14,11,0.86,1,67.05,55.13
2022,61,Bordeaux,Moselle,REP+,CE1,Mathématiques,12,11,0.86,1,61.24,59.66
2022,61,Bordeaux,Moselle,REP+,CM1,Français,15,11,0.86,1,78.06,67.98
2022,61,Bordeaux,Moselle,REP+,CM1,Mathématiques,15,11,0.86,1,65.91,68.73
2022,61,Bordeaux,Moselle,REP+,CM2,Français,12,11,0.86,1,69.37,69.0
2022,61,Bordeaux,Moselle,REP+,CM2,Mathématiques,12,11,0.86,1,76.03,61.55
2022,61,Bordeaux,Moselle,REP+,6e,Français,18,11,0.86,1,91.7,85.09
2022,61,Bordeaux,Moselle,REP+,6e,Mathématiques,12,11,0.86,1,84.92,72.48
2022,62,Nantes,Nord,REP,CP,Français,18,23,-5.53,1,68.64,62.64
2022,62,Nantes,Nord,REP,CP,Mathématiques,18,23,-5.53,1,69.93,60.15
2022,62,Nantes,Nord,REP,CE1,Français,21,23,-5.53,0,69.87,62.9
2022,62,Nantes,Nord,REP,CE1,Mathématiques,25,23,-5.53,0,61.51,67.52
2022,62,Nantes,Nord,REP,CM1,Français,19,23,-5.53,0,63.36,54.55
2022,62,Nantes,Nord,REP,CM1,Mathématiques,17,23,-5.53,1,73.45,53.96
2022,62,Nantes,Nord,REP,CM2,Français,22,23,-5.53,0,64.77,63.69
2022,62,Nantes,Nord,REP,CM2,Mathématiques,24,23,-5.53,0,64.83,61.02
2022,62,Nantes,Nord,REP,6e,Français,18,23,-5.53,1,94.46,73.26
2022,62,Nantes,Nord,REP,6e,Mathématiques,19,23,-5.53,0,82.88,71.12
2022,63,Paris,Paris,Hors EP,CP,Français,29,26,0.94,0,67.15,73.35
2022,63,Paris,Paris,Hors EP,CP,Mathématiques,30,26,0.94,0,61.8,60.04
2022,63,Paris,Paris,Hors EP,CE1,Français,29,26,0.94,0,70.81,64.37
2022,63,Paris,Paris,Hors EP,CE1,Mathématiques,27,26,0.94,0,70.37,60.33
2022,63,Paris,Paris,Hors EP,CM1,Français,23,26,0.94,0,87.14,71.43
2022,63,Paris,Paris,Hors EP,CM1,Mathématiques,28,26,0.94,0,71.09,59.69
2022,63,Paris,Paris,Hors EP,CM2,Français,25,26,0.94,0,89.48,81.8
2022,63,Paris,Paris,Hors EP,CM2,Mathématiques,28,26,0.94,0,77.1,58.96
2022,63,Paris,Paris,Hors EP,6e,Français,30,26,0.94,0,82.67,65.63
2022,63,Paris,Paris,Hors EP,6e,Mathématiques,28,26,0.94,0,83.01,63.86
2022,64,Lyon,Puy-de-Dôme,Hors EP,CP,Français,25,23,6.12,0,75.55,62.21
2022,64,Lyon,Puy-de-Dôme,Hors EP,CP,Mathématiques,26,23,6.12,0,69.81,59.34
2022,64,Lyon,Puy-de-Dôme,Hors EP,CE1,Français,28,23,6.12,0,64.64,54.79
2022,64,Lyon,Puy-de-Dôme,Hors EP,CE1,Mathématiques,21,23,6.12,0,72.12,63.27
2022,64,Lyon,Puy-de-Dôme,Hors EP,CM1,Français,27,23,6.12,0,78.34,65.29
2022,64,Lyon,Puy-de-Dôme,Hors EP,CM1,Mathématiques,21,23,6.12,0,75.97,68.21
2022,64,Lyon,Puy-de-Dôme,Hors EP,CM2,Français,27,23,6.12,0,82.15,76.92
2022,64,Lyon,Puy-de-Dôme,Hors EP,CM2,Mathématiques,23,23,6.12,0,82.88,69.83
2022,64,Lyon,Puy-de-Dôme,Hors EP,6e,Français,29,23,6.12,0,87.84,65.74
2022,64,Lyon,Puy-de-Dôme,Hors EP,6e,Mathématiques,27,23,6.12,0,94.34,77.9
2022,65,Lille,Saône-et-Loire,Hors EP,CP,Français,23,29,10.18,0,76.52,69.05
2022,65,Lille,Saône-et-Loire,Hors EP,CP,Mathématiques,25,29,10.18,0,74.12,67.59
2022,65,Lille,Saône-et-Loire,Hors EP,CE1,Français,30,29,10.18,0,66.05,61.9
2022,65,Lille,Saône-et-Loire,Hors EP,CE1,Mathématiques,25,29,10.18,0,73.44,72.32
2022,65,Lille,Saône-et-Loire,Hors EP,CM1,Français,23,29,10.18,0,76.96,72.11
2022,65,Lille,Saône-et-Loire,Hors EP,CM1,Mathématiques,27,29,10.18,0,81.79,66.58
2022,65,Lille,Saône-et-Loire,Hors EP,CM2,Français,27,29,10.18,0,87.62,75.63
2022,65,Lille,Saône-et-Loire,Hors EP,CM2,Mathématiques,23,29,10.18,0,97.82,82.58
2022,65,Lille,Saône-et-Loire,Hors EP,6e,Français,24,29,10.18,0,93.64,80.82
2022,65,Lille,Saône-et-Loire,Hors EP,6e,Mathématiques,29,29,10.18,0,88.89,74.38
2022,66,Bordeaux,Ain,Hors EP,CP,Français,23,28,14.58,0,76.51,63.74
2022,66,Bordeaux,Ain,Hors EP,CP,Mathématiques,24,28,14.58,0,66.15,63.56
2022,66,Bordeaux,Ain,Hors EP,CE1,Français,23,28,14.58,0,81.11,67.18
2022,66,Bordeaux,Ain,Hors EP,CE1,Mathématiques,24,28,14.58,0,73.91,66.03
2022,66,Bordeaux,Ain,Hors EP,CM1,Français,23,28,14.58,0,86.82,72.68
2022,66,Bordeaux,Ain,Hors EP,CM1,Mathématiques,26,28,14.58,0,77.88,70.89
2022,66,Bordeaux,Ain,Hors EP,CM2,Français,24,28,14.58,0,84.2,74.39
2022,66,Bordeaux,Ain,Hors EP,CM2,Mathématiques,24,28,14.58,0,91.31,77.43
2022,66,Bordeaux,Ain,Hors EP,6e,Français,22,28,14.58,0,91.92,72.51
2022,66,Bordeaux,Ain,Hors EP,6e,Mathématiques,28,28,14.58,0,89.63,75.64
2022,67,Nantes,Bas-Rhin,Hors EP,CP,Français,26,23,6.24,0,69.09,58.82
2022,67,Nantes,Bas-Rhin,Hors EP,CP,Mathématiques,26,23,6.24,0,73.93,70.8
2022,67,Nantes,Bas-Rhin,Hors EP,CE1,Français,28,23,6.24,0,72.88,59.71
2022,67,Nantes,Bas-Rhin,Hors EP,CE1,Mathématiques,22,23,6.24,0,80.76,60.6
2022,67,Nantes,Bas-Rhin,Hors EP,CM1,Français,28,23,6.24,0,74.6,75.35
2022,67,Nantes,Bas-Rhin,Hors EP,CM1,Mathématiques,24,23,6.24,0,82.0,82.69
2022,67,Nantes,Bas-Rhin,Hors EP,CM2,Français,23,23,6.24,0,86.09,70.07
2022,67,Nantes,Bas-Rhin,Hors EP,CM2,Mathématiques,21,23,6.24,0,84.96,70.0
2022,67,Nantes,Bas-Rhin,Hors EP,6e,Français,21,23,6.24,0,93.5,80.83
2022,67,Nantes,Bas-Rhin,Hors EP,6e,Mathématiques,22,23,6.24,0,89.82,83.11
2022,68,Paris,Bouches-du-Rhône,REP,CP,Français,29,27,2.41,0,59.92,58.09
2022,68,Paris,Bouches-du-Rhône,REP,CP,Mathématiques,24,27,2.41,0,50.77,46.65
2022,68,Paris,Bouches-du-Rhône,REP,CE1,Français,31,27,2.41,0,53.27,52.84
2022,68,Paris,Bouches-du-Rhône,REP,CE1,Mathématiques,23,27,2.41,0,53.99,51.84
2022,68,Paris,Bouches-du-Rhône,REP,CM1,Français,25,27,2.41,0,65.26,51.98
2022,68,Paris,Bouches-du-Rhône,REP,CM1,Mathématiques,26,27,2.41,0,69.46,57.97
2022,68,Paris,Bouches-du-Rhône,REP,CM2,Français,28,27,2.41,0,53.1,47.1
2022,68,Paris,Bouches-du-Rhône,REP,CM2,Mathématiques,21,27,2.41,0,77.55,72.13
2022,68,Paris,Bouches-du-Rhône,REP,6e,Français,23,27,2.41,0,79.49,75.06
2022,68,Paris,Bouches-du-Rhône,REP,6e,Mathématiques,29,27,2.41,0,67.96,50.17
2022,69,Lyon,Gironde,Hors EP,CP,Français,24,28,-0.65,0,81.72,72.6
2022,69,Lyon,Gironde,Hors EP,CP,Mathématiques,23,28,-0.65,0,68.29,66.43
2022,69,Lyon,Gironde,Hors EP,CE1,Français,26,28,-0.65,0,76.7,59.13
2022,69,Lyon,Gironde,Hors EP,CE1,Mathématiques,22,28,-0.65,0,70.41,61.47
2022,69,Lyon,Gironde,Hors EP,CM1,Français,27,28,-0.65,0,81.09,82.47
2022,69,Lyon,Gironde,Hors EP,CM1,Mathématiques,24,28,-0.65,0,76.51,63.47
2022,69,Lyon,Gironde,Hors EP,CM2,Français,29,28,-0.65,0,86.52,71.6
2022,69,Lyon,Gironde,Hors EP,CM2,Mathématiques,31,28,-0.65,0,73.43,70.08
2022,69,Lyon,Gironde,Hors EP,6e,Français,30,28,-0.65,0,79.39,71.88
2022,69,Lyon,Gironde,Hors EP,6e,Mathématiques,19,28,-0.65,0,96.13,74.86
2022,70,Lille,Hérault,REP+,CP,Français,19,18,10.68,0,53.07,50.72
2022,70,Lille,Hérault,REP+,CP,Mathématiques,16,18,10.68,1,60.73,54.84
2022,70,Lille,Hérault,REP+,CE1,Français,17,18,10.68,1,60.85,49.99
2022,70,Lille,Hérault,REP+,CE1,Mathématiques,12,18,10.68,1,64.3,60.52
2022,70,Lille,Hérault,REP+,CM1,Français,12,18,10.68,1,75.75,65.9
2022,70,Lille,Hérault,REP+,CM1,Mathématiques,16,18,10.68,1,69.74,67.68
2022,70,Lille,Hérault,REP+,CM2,Français,17,18,10.68,1,80.04,71.16
2022,70,Lille,Hérault,REP+,CM2,Mathématiques,17,18,10.68,1,81.22,72.25
2022,70,Lille,Hérault,REP+,6e,Français,18,18,10.68,1,95.32,84.88
2022,70,Lille,Hérault,REP+,6e,Mathématiques,15,18,10.68,1,79.93,81.69
2022,71,Bordeaux,Loire,Hors EP,CP,Français,26,25,7.83,0,73.46,65.08
2022,71,Bordeaux,Loire,Hors EP,CP,Mathématiques,22,25,7.83,0,72.7,62.42
2022,71,Bordeaux,Loire,Hors EP,CE1,Français,23,25,7.83,0,83.51,69.88
2022,71,Bordeaux,Loire,Hors EP,CE1,Mathématiques,28,25,7.83,0,70.49,62.14
2022,71,Bordeaux,Loire,Hors EP,CM1,Français,19,25,7.83,0,95.98,80.24
2022,71,Bordeaux,Loire,Hors EP,CM1,Mathématiques,18,25,7.83,0,88.78,75.12
2022,71,Bordeaux,Loire,Hors EP,CM2,Français,22,25,7.83,0,92.93,65.45
2022,71,Bordeaux,Loire,Hors EP,CM2,Mathématiques,22,25,7.83,0,84.39,76.65
2022,71,Bordeaux,Loire,Hors EP,6e,Français,30,25,7.83,0,85.44,75.4
2022,71,Bordeaux,Loire,Hors EP,6e,Mathématiques,31,25,7.83,0,82.66,73.55
2022,72,Nantes,Maine-et-Loire,Hors EP,CP,Français,31,35,3.22,0,65.47,57.35
2022,72,Nantes,Maine-et-Loire,Hors EP,CP,Mathématiques,31,35,3.22,0,69.99,74.0
2022,72,Nantes,Maine-et-Loire,Hors EP,CE1,Français,30,35,3.22,0,67.96,57.17
2022,72,Nantes,Maine-et-Loire,Hors EP,CE1,Mathématiques,34,35,3.22,0,63.97,64.07
2022,72,Nantes,Maine-et-Loire,Hors EP,CM1,Français,32,35,3.22,0,84.12,70.97
2022,72,Nantes,Maine-et-Loire,Hors EP,CM1,Mathématiques,27,35,3.22,0,84.05,76.67
2022,72,Nantes,Maine-et-Loire,Hors EP,CM2,Français,31,35,3.22,0,87.0,76.72
2022,72,Nantes,Maine-et-Loire,Hors EP,CM2,Mathématiques,34,35,3.22,0,75.5,70.85
2022,72,Nantes,Maine-et-Loire,Hors EP,6e,Français,31,35,3.22,0,83.62,70.84
2022,72,Nantes,Maine-et-Loire,Hors EP,6e,Mathématiques,29,35,3.22,0,85.08,70.58
2022,73,Paris,Moselle,REP,CP,Français,20,20,2.67,0,59.65,47.21
2022,73,Paris,Moselle,REP,CP,Mathématiques,21,20,2.67,0,52.58,51.26
2022,73,Paris,Moselle,REP,CE1,Français,19,20,2.67,0,56.59,64.75
2022,73,Paris,Moselle,REP,CE1,Mathématiques,20,20,2.67,0,68.43,58.9
2022,73,Paris,Moselle,REP,CM1,Français,25,20,2.67,0,61.24,57.52
2022,73,Paris,Moselle,REP,CM1,Mathématiques,18,20,2.67,1,90.42,75.24
2022,73,Paris,Moselle,REP,CM2,Français,23,20,2.67,0,75.25,66.04
2022,73,Paris,Moselle,REP,CM2,Mathématiques,22,20,2.67,0,77.24,70.86
2022,73,Paris,Moselle,REP,6e,Français,21,20,2.67,0,82.36,80.58
2022,73,Paris,Moselle,REP,6e,Mathématiques,20,20,2.67,0,69.58,56.83
2022,74,Lyon,Nord,Hors EP,CP,Français,22,23,-0.28,0,73.83,61.55
2022,74,Lyon,Nord,Hors EP,CP,Mathématiques,23,23,-0.28,0,71.27,71.37
2022,74,Lyon,Nord,Hors EP,CE1,Français,23,23,-0.28,0,74.29,72.05
2022,74,Lyon,Nord,Hors EP,CE1,Mathématiques,22,23,-0.28,0,77.36,71.2
2022,74,Lyon,Nord,Hors EP,CM1,Français,21,23,-0.28,0,84.13,71.55
2022,74,Lyon,Nord,Hors EP,CM1,Mathématiques,19,23,-0.28,0,72.81,61.05
2022,74,Lyon,Nord,Hors EP,CM2,Français,21,23,-0.28,0,93.55,82.59
2022,74,Lyon,Nord,Hors EP,CM2,Mathématiques,20,23,-0.28,0,83.51,70.88
2022,74,Lyon,Nord,Hors EP,6e,Français,19,23,-0.28,0,85.95,65.72
2022,74,Lyon,Nord,Hors EP,6e,Mathématiques,24,23,-0.28,0,96.32,84.27
2022,75,Lille,Paris,Hors EP,CP,Français,22,22,7.34,0,76.78,73.26
2022,75,Lille,Paris,Hors EP,CP,Mathématiques,25,22,7.34,0,66.16,74.01
2022,75,Lille,Paris,Hors EP,CE1,Français,15,22,7.34,0,77.78,68.89
2022,75,Lille,Paris,Hors EP,CE1,Mathématiques,21,22,7.34,0,74.76,63.36
2022,75,Lille,Paris,Hors EP,CM1,Français,26,22,7.34,0,77.64,62.7
2022,75,Lille,Paris,Hors EP,CM1,Mathématiques,24,22,7.34,0,82.7,76.71
2022,75,Lille,Paris,Hors EP,CM2,Français,20,22,7.34,0,84.29,72.74
2022,75,Lille,Paris,Hors EP,CM2,Mathématiques,16,22,7.34,0,90.37,79.72
2022,75,Lille,Paris,Hors EP,6e,Français,23,22,7.34,0,92.37,81.55
2022,75,Lille,Paris,Hors EP,6e,Mathématiques,18,22,7.34,0,98.63,85.44
2022,76,Bordeaux,Puy-de-Dôme,Hors EP,CP,Français,24,27,0.94,0,71.91,66.66
2022,76,Bordeaux,Puy-de-Dôme,Hors EP,CP,Mathématiques,24,27,0.94,0,63.58,60.84
2022,76,Bordeaux,Puy-de-Dôme,Hors EP,CE1,Français,28,27,0.94,0,81.19,73.54
2022,76,Bordeaux,Puy-de-Dôme,Hors EP,CE1,Mathématiques,23,27,0.94,0,82.19,76.17
2022,76,Bordeaux,Puy-de-Dôme,Hors EP,CM1,Français,21,27,0.94,0,79.18,66.38
2022,76,Bordeaux,Puy-de-Dôme,Hors EP,CM1,Mathématiques,28,27,0.94,0,63.81,57.79
2022,76,Bordeaux,Puy-de-Dôme,Hors EP,CM2,Français,28,27,0.94,0,69.76,66.17
2022,76,Bordeaux,Puy-de-Dôme,Hors EP,CM2,Mathématiques,28,27,0.94,0,75.7,60.71
2022,76,Bordeaux,Puy-de-Dôme,Hors EP,6e,Français,24,27,0.94,0,79.09,67.15
2022,76,Bordeaux,Puy-de-Dôme,Hors EP,6e,Mathématiques,27,27,0.94,0,79.93,74.21
2022,77,Nantes,Saône-et-Loire,REP+,CP,Français,21,19,8.92,0,50.94,53.44
2022,77,Nantes,Saône-et-Loire,REP+,CP,Mathématiques,20,19,8.92,0,52.55,59.12
2022,77,Nantes,Saône-et-Loire,REP+,CE1,Français,16,19,8.92,1,66.57,56.38
2022,77,Nantes,Saône-et-Loire,REP+,CE1,Mathématiques,20,19,8.92,0,53.44,47.86
2022,77,Nantes,Saône-et-Loire,REP+,CM1,Français,22,19,8.92,0,70.01,60.97
2022,77,Nantes,Saône-et-Loire,REP+,CM1,Mathématiques,15,19,8.92,1,79.86,71.66
2022,77,Nantes,Saône-et-Loire,REP+,CM2,Français,19,19,8.92,0,70.04,58.63
2022,77,Nantes,Saône-et-Loire,REP+,CM2,Mathématiques,17,19,8.92,1,79.52,66.84
2022,77,Nantes,Saône-et-Loire,REP+,6e,Français,19,19,8.92,0,74.63,60.46
2022,77,Nantes,Saône-et-Loire,REP+,6e,Mathématiques,22,19,8.92,0,71.54,65.3
2022,78,Paris,Ain,REP,CP,Français,15,18,-18.33,1,70.67,63.76
2022,78,Paris,Ain,REP,CP,Mathématiques,18,18,-18.33,1,59.46,51.44
2022,78,Paris,Ain,REP,CE1,Français,16,18,-18.33,1,74.39,59.01
2022,78,Paris,Ain,REP,CE1,Mathématiques,18,18,-18.33,1,77.15,69.59
2022,78,Paris,Ain,REP,CM1,Français,12,18,-18.33,1,79.92,71.05
2022,78,Paris,Ain,REP,CM1,Mathématiques,14,18,-18.33,1,82.26,70.36
2022,78,Paris,Ain,REP,CM2,Français,20,18,-18.33,0,76.92,68.69
2022,78,Paris,Ain,REP,CM2,Mathématiques,17,18,-18.33,1,88.09,79.4
2022,78,Paris,Ain,REP,6e,Français,15,18,-18.33,1,86.23,68.03
2022,78,Paris,Ain,REP,6e,Mathématiques,12,18,-18.33,1,86.98,72.21
2022,79,Lyon,Bas-Rhin,REP,CP,Français,22,21,22.74,0,57.16,47.58
2022,79,Lyon,Bas-Rhin,REP,CP,Mathématiques,25,21,22.74,0,61.01,53.52
2022,79,Lyon,Bas-Rhin,REP,CE1,Français,20,21,22.74,0,74.22,58.21
2022,79,Lyon,Bas-Rhin,REP,CE1,Mathématiques,26,21,22.74,0,56.36,55.31
2022,79,Lyon,Bas-Rhin,REP,CM1,Français,26,21,22.74,0,70.07,61.17
2022,79,Lyon,Bas-Rhin,REP,CM1,Mathématiques,26,21,22.74,0,66.23,78.45
2022,79,Lyon,Bas-Rhin,REP,CM2,Français,19,21,22.74,0,71.49,68.58
2022,79,Lyon,Bas-Rhin,REP,CM2,Mathématiques,23,21,22.74,0,76.2,61.32
2022,79,Lyon,Bas-Rhin,REP,6e,Français,23,21,22.74,0,82.69,68.51
2022,79,Lyon,Bas-Rhin,REP,6e,Mathématiques,24,21,22.74,0,70.6,64.98
2022,80,Lille,Bouches-du-Rhône,Hors EP,CP,Français,17,21,14.28,0,81.9,70.97
2022,80,Lille,Bouches-du-Rhône,Hors EP,CP,Mathématiques,19,21,14.28,0,80.81,74.59
2022,80,Lille,Bouches-du-Rhône,Hors EP,CE1,Français,21,21,14.28,0,69.73,65.98
2022,80,Lille,Bouches-du-Rhône,Hors EP,CE1,Mathématiques,17,21,14.28,0,78.12,68.16
2022,80,Lille,Bouches-du-Rhône,Hors EP,CM1,Français,25,21,14.28,0,80.67,62.74
2022,80,Lille,Bouches-du-Rhône,Hors EP,CM1,Mathématiques,24,21,14.28,0,82.98,75.24
2022,80,Lille,Bouches-du-Rhône,Hors EP,CM2,Français,24,21,14.28,0,95.47,75.46
2022,80,Lille,Bouches-du-Rhône,Hors EP,CM2,Mathématiques,17,21,14.28,0,93.9,77.54
2022,80,Lille,Bouches-du-Rhône,Hors EP,6e,Français,20,21,14.28,0,91.27,79.98
2022,80,Lille,Bouches-du-Rhône,Hors EP,6e,Mathématiques,21,21,14.28,0,91.71,70.42
2022,81,Bordeaux,Gironde,Hors EP,CP,Français,25,27,-25.24,0,63.85,58.6
2022,81,Bordeaux,Gironde,Hors EP,CP,Mathématiques,27,27,-25.24,0,63.94,58.57
2022,81,Bordeaux,Gironde,Hors EP,CE1,Français,25,27,-25.24,0,64.05,54.02
2022,81,Bordeaux,Gironde,Hors EP,CE1,Mathématiques,28,27,-25.24,0,63.1,63.61
2022,81,Bordeaux,Gironde,Hors EP,CM1,Français,27,27,-25.24,0,79.23,70.54
2022,81,Bordeaux,Gironde,Hors EP,CM1,Mathématiques,24,27,-25.24,0,74.29,68.72
2022,81,Bordeaux,Gironde,Hors EP,CM2,Français,20,27,-25.24,0,92.17,75.17
2022,81,Bordeaux,Gironde,Hors EP,CM2,Mathématiques,25,27,-25.24,0,78.72,68.33
2022,81,Bordeaux,Gironde,Hors EP,6e,Français,22,27,-25.24,0,90.45,79.48
2022,81,Bordeaux,Gironde,Hors EP,6e,Mathématiques,20,27,-25.24,0,82.72,75.73
2022,82,Nantes,Hérault,Hors EP,CP,Français,22,25,8.59,0,73.21,58.25
2022,82,Nantes,Hérault,Hors EP,CP,Mathématiques,25,25,8.59,0,63.49,61.95
2022,82,Nantes,Hérault,Hors EP,CE1,Français,26,25,8.59,0,71.66,69.18
2022,82,Nantes,Hérault,Hors EP,CE1,Mathématiques,23,25,8.59,0,73.77,62.09
2022,82,Nantes,Hérault,Hors EP,CM1,Français,27,25,8.59,0,82.23,77.42
2022,82,Nantes,Hérault,Hors EP,CM1,Mathématiques,25,25,8.59,0,64.81,56.92
2022,82,Nantes,Hérault,Hors EP,CM2,Français,29,25,8.59,0,81.07,60.54
2022,82,Nantes,Hérault,Hors EP,CM2,Mathématiques,26,25,8.59,0,84.59,68.88
2022,82,Nantes,Hérault,Hors EP,6e,Français,24,25,8.59,0,88.22,77.6
2022,82,Nantes,Hérault,Hors EP,6e,Mathématiques,25,25,8.59,0,82.88,71.31
2022,83,Paris,Loire,Hors EP,CP,Français,28,28,-1.47,0,71.79,62.95
2022,83,Paris,Loire,Hors EP,CP,Mathématiques,30,28,-1.47,0,69.07,59.51
2022,83,Paris,Loire,Hors EP,CE1,Français,32,28,-1.47,0,73.72,66.37
2022,83,Paris,Loire,Hors EP,CE1,Mathématiques,27,28,-1.47,0,70.19,61.5
2022,83,Paris,Loire,Hors EP,CM1,Français,26,28,-1.47,0,81.42,65.25
2022,83,Paris,Loire,Hors EP,CM1,Mathématiques,27,28,-1.47,0,73.66,58.26
2022,83,Paris,Loire,Hors EP,CM2,Français,30,28,-1.47,0,79.4,75.48
2022,83,Paris,Loire,Hors EP,CM2,Mathématiques,27,28,-1.47,0,78.29,63.72
2022,83,Paris,Loire,Hors EP,6e,Français,28,28,-1.47,0,87.42,78.16
2022,83,Paris,Loire,Hors EP,6e,Mathématiques,28,28,-1.47,0,93.65,80.96
2022,84,Lyon,Maine-et-Loire,Hors EP,CP,Français,22,20,-12.22,0,75.36,70.85
2022,84,Lyon,Maine-et-Loire,Hors EP,CP,Mathématiques,19,20,-12.22,0,75.18,67.74
2022,84,Lyon,Maine-et-Loire,Hors EP,CE1,Français,19,20,-12.22,0,77.32,69.93
2022,84,Lyon,Maine-et-Loire,Hors EP,CE1,Mathématiques,19,20,-12.22,0,76.39,74.17
2022,84,Lyon,Maine-et-Loire,Hors EP,CM1,Français,23,20,-12.22,0,80.8,71.12
2022,84,Lyon,Maine-et-Loire,Hors EP,CM1,Mathématiques,20,20,-12.22,0,77.84,60.24
2022,84,Lyon,Maine-et-Loire,Hors EP,CM2,Français,22,20,-12.22,0,89.4,75.44
2022,84,Lyon,Maine-et-Loire,Hors EP,CM2,Mathématiques,19,20,-12.22,0,86.33,80.41
2022,84,Lyon,Maine-et-Loire,Hors EP,6e,Français,23,20,-12.22,0,90.3,86.64
2022,84,Lyon,Maine-et-Loire,Hors EP,6e,Mathématiques,28,20,-12.22,0,80.77,68.7
2022,85,Lille,Moselle,Hors EP,CP,Français,22,20,1.22,0,70.36,58.9
2022,85,Lille,Moselle,Hors EP,CP,Mathématiques,16,20,1.22,0,80.23,74.26
2022,85,Lille,Moselle,Hors EP,CE1,Français,23,20,1.22,0,77.61,56.26
2022,85,Lille,Moselle,Hors EP,CE1,Mathématiques,19,20,1.22,0,75.49,60.93
2022,85,Lille,Moselle,Hors EP,CM1,Français,17,20,1.22,0,82.15,71.11
2022,85,Lille,Moselle,Hors EP,CM1,Mathématiques,21,20,1.22,0,84.93,83.07
2022,85,Lille,Moselle,Hors EP,CM2,Français,23,20,1.22,0,86.26,82.66
2022,85,Lille,Moselle,Hors EP,CM2,Mathématiques,17,20,1.22,0,79.19,64.42
2022,85,Lille,Moselle,Hors EP,6e,Français,23,20,1.22,0,92.8,72.47
2022,85,Lille,Moselle,Hors EP,6e,Mathématiques,19,20,1.22,0,87.06,67.99
2022,86,Bordeaux,Nord,Hors EP,CP,Français,25,24,-10.68,0,69.84,66.89
2022,86,Bordeaux,Nord,Hors EP,CP,Mathématiques,25,24,-10.68,0,70.25,65.54
2022,86,Bordeaux,Nord,Hors EP,CE1,Français,21,24,-10.68,0,79.72,68.69
2022,86,Bordeaux,Nord,Hors EP,CE1,Mathématiques,22,24,-10.68,0,75.64,71.04
2022,86,Bordeaux,Nord,Hors EP,CM1,Français,23,24,-10.68,0,79.04,61.81
2022,86,Bordeaux,Nord,Hors EP,CM1,Mathématiques,19,24,-10.68,0,80.13,73.45
2022,86,Bordeaux,Nord,Hors EP,CM2,Français,23,24,-10.68,0,92.04,76.56
2022,86,Bordeaux,Nord,Hors EP,CM2,Mathématiques,23,24,-10.68,0,81.32,75.2
2022,86,Bordeaux,Nord,Hors EP,6e,Français,22,24,-10.68,0,90.94,74.1
2022,86,Bordeaux,Nord,Hors EP,6e,Mathématiques,23,24,-10.68,0,87.78,74.12
2022,87,Nantes,Paris,REP,CP,Français,24,22,2.07,0,55.89,51.51
2022,87,Nantes,Paris,REP,CP,Mathématiques,22,22,2.07,0,54.63,54.64
2022,87,Nantes,Paris,REP,CE1,Français,26,22,2.07,0,55.04,60.09
2022,87,Nantes,Paris,REP,CE1,Mathématiques,19,22,2.07,0,68.77,65.19
2022,87,Nantes,Paris,REP,CM1,Français,22,22,2.07,0,68.37,60.24
2022,87,Nantes,Paris,REP,CM1,Mathématiques,18,22,2.07,1,78.68,67.58
2022,87,Nantes,Paris,REP,CM2,Français,20,22,2.07,0,69.5,62.37
2022,87,Nantes,Paris,REP,CM2,Mathématiques,23,22,2.07,0,74.4,65.7
2022,87,Nantes,Paris,REP,6e,Français,26,22,2.07,0,72.85,64.11
2022,87,Nantes,Paris,REP,6e,Mathématiques,16,22,2.07,1,86.83,82.99
2022,88,Paris,Puy-de-Dôme,Hors EP,CP,Français,21,19,4.67,0,72.92,59.55
2022,88,Paris,Puy-de-Dôme,Hors EP,CP,Mathématiques,19,19,4.67,0,75.56,66.02
2022,88,Paris,Puy-de-Dôme,Hors EP,CE1,Français,20,19,4.67,0,76.74,69.31
2022,88,Paris,Puy-de-Dôme,Hors EP,CE1,Mathématiques,19,19,4.67,0,73.88,65.94
2022,88,Paris,Puy-de-Dôme,Hors EP,CM1,Français,18,19,4.67,0,89.74,80.39
2022,88,Paris,Puy-de-Dôme,Hors EP,CM1,Mathématiques,20,19,4.67,0,74.8,61.04
2022,88,Paris,Puy-de-Dôme,Hors EP,CM2,Français,17,19,4.67,0,88.38,72.38
2022,88,Paris,Puy-de-Dôme,Hors EP,CM2,Mathématiques,21,19,4.67,0,89.4,73.68
2022,88,Paris,Puy-de-Dôme,Hors EP,6e,Français,20,19,4.67,0,96.64,80.55
2022,88,Paris,Puy-de-Dôme,Hors EP,6e,Mathématiques,22,19,4.67,0,87.38,74.69
2022,89,Lyon,Saône-et-Loire,REP+,CP,Français,14,15,-11.83,1,60.62,54.87
2022,89,Lyon,Saône-et-Loire,REP+,CP,Mathématiques,13,15,-11.83,1,66.96,54.85
2022,89,Lyon,Saône-et-Loire,REP+,CE1,Français,12,15,-11.83,1,62.18,56.92
2022,89,Lyon,Saône-et-Loire,REP+,CE1,Mathématiques,15,15,-11.83,1,65.76,64.44
2022,89,Lyon,Saône-et-Loire,REP+,CM1,Français,14,15,-11.83,1,70.2,70.9
2022,89,Lyon,Saône-et-Loire,REP+,CM1,Mathématiques,12,15,-11.83,1,69.26,64.25
2022,89,Lyon,Saône-et-Loire,REP+,CM2,Français,19,15,-11.83,0,59.61,53.43
2022,89,Lyon,Saône-et-Loire,REP+,CM2,Mathématiques,12,15,-11.83,1,65.89,58.78
2022,89,Lyon,Saône-et-Loire,REP+,6e,Français,16,15,-11.83,1,87.41,71.78
2022,89,Lyon,Saône-et-Loire,REP+,6e,Mathématiques,16,15,-11.83,1,78.09,70.88
2022,90,Lille,Ain,Hors EP,CP,Français,25,21,-14.56,0,73.0,69.29
2022,90,Lille,Ain,Hors EP,CP,Mathématiques,20,21,-14.56,0,68.93,63.38
2022,90,Lille,Ain,Hors EP,CE1,Français,24,21,-14.56,0,73.77,72.31
2022,90,Lille,Ain,Hors EP,CE1,Mathématiques,20,21,-14.56,0,72.77,56.05
2022,90,Lille,Ain,Hors EP,CM1,Français,25,21,-14.56,0,80.85,86.72
2022,90,Lille,Ain,Hors EP,CM1,Mathématiques,26,21,-14.56,0,75.94,67.92
2022,90,Lille,Ain,Hors EP,CM2,Français,22,21,-14.56,0,86.64,75.3
2022,90,Lille,Ain,Hors EP,CM2,Mathématiques,18,21,-14.56,0,87.54,75.03
2022,90,Lille,Ain,Hors EP,6e,Français,27,21,-14.56,0,85.96,69.63
2022,90,Lille,Ain,Hors EP,6e,Mathématiques,24,21,-14.56,0,86.59,73.23
2022,91,Bordeaux,Bas-Rhin,REP,CP,Français,22,20,-2.6,0,55.45,51.6
2022,91,Bordeaux,Bas-Rhin,REP,CP,Mathématiques,21,20,-2.6,0,55.18,65.57
2022,91,Bordeaux,Bas-Rhin,REP,CE1,Français,21,20,-2.6,0,57.8,50.11
2022,91,Bordeaux,Bas-Rhin,REP,CE1,Mathématiques,18,20,-2.6,1,68.38,64.18
2022,91,Bordeaux,Bas-Rhin,REP,CM1,Français,17,20,-2.6,1,79.6,74.84
2022,91,Bordeaux,Bas-Rhin,REP,CM1,Mathématiques,19,20,-2.6,0,71.21,55.01
2022,91,Bordeaux,Bas-Rhin,REP,CM2,Français,19,20,-2.6,0,72.2,65.6
2022,91,Bordeaux,Bas-Rhin,REP,CM2,Mathématiques,17,20,-2.6,1,92.4,69.64
2022,91,Bordeaux,Bas-Rhin,REP,6e,Français,23,20,-2.6,0,81.54,72.0
2022,91,Bordeaux,Bas-Rhin,REP,6e,Mathématiques,20,20,-2.6,0,85.64,85.59
2022,92,Nantes,Bouches-du-Rhône,Hors EP,CP,Français,25,22,-14.03,0,69.54,54.24
2022,92,Nantes,Bouches-du-Rhône,Hors EP,CP,Mathématiques,25,22,-14.03,0,66.69,57.34
2022,92,Nantes,Bouches-du-Rhône,Hors EP,CE1,Français,22,22,-14.03,0,77.02,75.42
2022,92,Nantes,Bouches-du-Rhône,Hors EP,CE1,Mathématiques,25,22,-14.03,0,72.93,60.43
2022,92,Nantes,Bouches-du-Rhône,Hors EP,CM1,Français,23,22,-14.03,0,82.95,64.62
2022,92,Nantes,Bouches-du-Rhône,Hors EP,CM1,Mathématiques,25,22,-14.03,0,77.64,67.6
2022,92,Nantes,Bouches-du-Rhône,Hors EP,CM2,Français,25,22,-14.03,0,83.68,68.79
2022,92,Nantes,Bouches-du-Rhône,Hors EP,CM2,Mathématiques,21,22,-14.03,0,83.61,78.38
2022,92,Nantes,Bouches-du-Rhône,Hors EP,6e,Français,27,22,-14.03,0,85.06,71.01
2022,92,Nantes,Bouches-du-Rhône,Hors EP,6e,Mathématiques,23,22,-14.03,0,85.24,74.4
2022,93,Paris,Gironde,REP+,CP,Français,25,27,7.81,0,47.55,42.21
2022,93,Paris,Gironde,REP+,CP,Mathématiques,25,27,7.81,0,55.58,54.14
2022,93,Paris,Gironde,REP+,CE1,Français,22,27,7.81,0,55.03,46.72
2022,93,Paris,Gironde,REP+,CE1,Mathématiques,24,27,7.81,0,54.01,48.27
2022,93,Paris,Gironde,REP+,CM1,Français,16,27,7.81,1,75.58,63.89
2022,93,Paris,Gironde,REP+,CM1,Mathématiques,22,27,7.81,0,55.32,54.62
2022,93,Paris,Gironde,REP+,CM2,Français,23,27,7.81,0,70.02,67.38
2022,93,Paris,Gironde,REP+,CM2,Mathématiques,23,27,7.81,0,60.49,56.77
2022,93,Paris,Gironde,REP+,6e,Français,24,27,7.81,0,62.05,66.77
2022,93,Paris,Gironde,REP+,6e,Mathématiques,26,27,7.81,0,63.05,48.29
2022,94,Lyon,Hérault,Hors EP,CP,Français,21,22,-25.97,0,68.73,60.78
2022,94,Lyon,Hérault,Hors EP,CP,Mathématiques,21,22,-25.97,0,67.82,68.72
2022,94,Lyon,Hérault,Hors EP,CE1,Français,21,22,-25.97,0,70.48,54.29
2022,94,Lyon,Hérault,Hors EP,CE1,Mathématiques,21,22,-25.97,0,65.28,64.19
2022,94,Lyon,Hérault,Hors EP,CM1,Français,22,22,-25.97,0,83.91,79.39
2022,94,Lyon,Hérault,Hors EP,CM1,Mathématiques,20,22,-25.97,0,76.92,73.96
2022,94,Lyon,Hérault,Hors EP,CM2,Français,22,22,-25.97,0,87.03,79.35
2022,94,Lyon,Hérault,Hors EP,CM2,Mathématiques,24,22,-25.97,0,81.73,77.56
2022,94,Lyon,Hérault,Hors EP,6e,Français,22,22,-25.97,0,92.02,76.69
2022,94,Lyon,Hérault,Hors EP,6e,Mathématiques,25,22,-25.97,0,80.83,61.55
2022,95,Lille,Loire,REP,CP,Français,19,20,15.18,0,61.78,41.78
2022,95,Lille,Loire,REP,CP,Mathématiques,18,20,15.18,1,73.2,67.36
2022,95,Lille,Loire,REP,CE1,Français,18,20,15.18,1,76.41,64.9
2022,95,Lille,Loire,REP,CE1,Mathématiques,14,20,15.18,1,71.08,64.94
2022,95,Lille,Loire,REP,CM1,Français,18,20,15.18,1,86.78,66.98
2022,95,Lille,Loire,REP,CM1,Mathématiques,13,20,15.18,1,78.51,63.29
2022,95,Lille,Loire,REP,CM2,Français,17,20,15.18,1,82.33,76.88
2022,95,Lille,Loire,REP,CM2,Mathématiques,15,20,15.18,1,92.39,80.45
2022,95,Lille,Loire,REP,6e,Français,14,20,15.18,1,100.0,84.33
2022,95,Lille,Loire,REP,6e,Mathématiques,17,20,15.18,1,89.93,78.48
2022,96,Bordeaux,Maine-et-Loire,Hors EP,CP,Français,22,21,1.39,0,75.67,67.28
2022,96,Bordeaux,Maine-et-Loire,Hors EP,CP,Mathématiques,20,21,1.39,0,69.06,56.0
2022,96,Bordeaux,Maine-et-Loire,Hors EP,CE1,Français,22,21,1.39,0,74.19,64.49
2022,96,Bordeaux,Maine-et-Loire,Hors EP,CE1,Mathématiques,22,21,1.39,0,73.98,65.28
2022,96,Bordeaux,Maine-et-Loire,Hors EP,CM1,Français,19,21,1.39,0,86.88,72.51
2022,96,Bordeaux,Maine-et-Loire,Hors EP,CM1,Mathématiques,21,21,1.39,0,86.08,76.06
2022,96,Bordeaux,Maine-et-Loire,Hors EP,CM2,Français,20,21,1.39,0,89.1,83.58
2022,96,Bordeaux,Maine-et-Loire,Hors EP,CM2,Mathématiques,20,21,1.39,0,86.95,77.44
2022,96,Bordeaux,Maine-et-Loire,Hors EP,6e,Français,22,21,1.39,0,91.29,73.36
2022,96,Bordeaux,Maine-et-Loire,Hors EP,6e,Mathématiques,21,21,1.39,0,93.83,85.41
2022,97,Nantes,Moselle,Hors EP,CP,Français,27,27,11.1,0,62.38,50.86
2022,97,Nantes,Moselle,Hors EP,CP,Mathématiques,28,27,11.1,0,68.09,61.46
2022,97,Nantes,Moselle,Hors EP,CE1,Français,28,27,11.1,0,77.76,67.89
2022,97,Nantes,Moselle,Hors EP,CE1,Mathématiques,30,27,11.1,0,81.93,70.67
2022,97,Nantes,Moselle,Hors EP,CM1,Français,27,27,11.1,0,81.8,74.29
2022,97,Nantes,Moselle,Hors EP,CM1,Mathématiques,30,27,11.1,0,74.64,73.16
2022,97,Nantes,Moselle,Hors EP,CM2,Français,32,27,11.1,0,79.6,65.91
2022,97,Nantes,Moselle,Hors EP,CM2,Mathématiques,30,27,11.1,0,76.01,71.11
2022,97,Nantes,Moselle,Hors EP,6e,Français,30,27,11.1,0,98.95,89.65
2022,97,Nantes,Moselle,Hors EP,6e,Mathématiques,26,27,11.1,0,85.2,63.36
2022,98,Paris,Nord,Hors EP,CP,Français,27,26,19.69,0,69.44,60.58
2022,98,Paris,Nord,Hors EP,CP,Mathématiques,28,26,19.69,0,74.48,60.98
2022,98,Paris,Nord,Hors EP,CE1,Français,21,26,19.69,0,78.71,70.68
2022,98,Paris,Nord,Hors EP,CE1,Mathématiques,23,26,19.69,0,77.3,77.31
2022,98,Paris,Nord,Hors EP,CM1,Français,20,26,19.69,0,84.96,65.84
2022,98,Paris,Nord,Hors EP,CM1,Mathématiques,22,26,19.69,0,80.84,66.33
2022,98,Paris,Nord,Hors EP,CM2,Français,25,26,19.69,0,88.14,76.43
2022,98,Paris,Nord,Hors EP,CM2,Mathématiques,23,26,19.69,0,85.3,71.25
2022,98,Paris,Nord,Hors EP,6e,Français,23,26,19.69,0,96.15,70.76
2022,98,Paris,Nord,Hors EP,6e,Mathématiques,25,26,19.69,0,85.55,71.48
2022,99,Lyon,Paris,Hors EP,CP,Français,20,25,5.49,0,77.1,73.13
2022,99,Lyon,Paris,Hors EP,CP,Mathématiques,22,25,5.49,0,70.46,52.57
2022,99,Lyon,Paris,Hors EP,CE1,Français,21,25,5.49,0,79.58,73.89
2022,99,Lyon,Paris,Hors EP,CE1,Mathématiques,22,25,5.49,0,86.47,75.37
2022,99,Lyon,Paris,Hors EP,CM1,Français,20,25,5.49,0,91.05,70.65
2022,99,Lyon,Paris,Hors EP,CM1,Mathématiques,24,25,5.49,0,74.48,58.86
2022,99,Lyon,Paris,Hors EP,CM2,Français,25,25,5.49,0,84.59,81.15
2022,99,Lyon,Paris,Hors EP,CM2,Mathématiques,20,25,5.49,0,80.24,67.16
2022,99,Lyon,Paris,Hors EP,6e,Français,30,25,5.49,0,90.01,78.98
2022,99,Lyon,Paris,Hors EP,6e,Mathématiques,24,25,5.49,0,86.48,87.45
2022,100,Lille,Puy-de-Dôme,Hors EP,CP,Français,23,27,-15.28,0,68.96,66.85
2022,100,Lille,Puy-de-Dôme,Hors EP,CP,Mathématiques,22,27,-15.28,0,67.66,59.97
2022,100,Lille,Puy-de-Dôme,Hors EP,CE1,Français,21,27,-15.28,0,73.58,67.74
2022,100,Lille,Puy-de-Dôme,Hors EP,CE1,Mathématiques,21,27,-15.28,0,79.22,71.21
2022,100,Lille,Puy-de-Dôme,Hors EP,CM1,Français,26,27,-15.28,0,77.4,62.17
2022,100,Lille,Puy-de-Dôme,Hors EP,CM1,Mathématiques,23,27,-15.28,0,78.69,65.25
2022,100,Lille,Puy-de-Dôme,Hors EP,CM2,Français,25,27,-15.28,0,79.22,71.13
2022,100,Lille,Puy-de-Dôme,Hors EP,CM2,Mathématiques,26,27,-15.28,0,72.04,64.33
2022,100,Lille,Puy-de-Dôme,Hors EP,6e,Français,21,27,-15.28,0,83.49,68.8
2022,100,Lille,Puy-de-Dôme,Hors EP,6e,Mathématiques,32,27,-15.28,0,82.46,78.03
2022,101,Bordeaux,Saône-et-Loire,Hors EP,CP,Français,26,27,-7.67,0,73.58,68.53
2022,101,Bordeaux,Saône-et-Loire,Hors EP,CP,Mathématiques,28,27,-7.67,0,64.3,67.18
2022,101,Bordeaux,Saône-et-Loire,Hors EP,CE1,Français,24,27,-7.67,0,83.61,74.72
2022,101,Bordeaux,Saône-et-Loire,Hors EP,CE1,Mathématiques,24,27,-7.67,0,65.77,55.69
2022,101,Bordeaux,Saône-et-Loire,Hors EP,CM1,Français,23,27,-7.67,0,80.58,63.42
2022,101,Bordeaux,Saône-et-Loire,Hors EP,CM1,Mathématiques,28,27,-7.67,0,73.98,65.66
2022,101,Bordeaux,Saône-et-Loire,Hors EP,CM2,Français,22,27,-7.67,0,83.42,60.62
2022,101,Bordeaux,Saône-et-Loire,Hors EP,CM2,Mathématiques,29,27,-7.67,0,71.2,56.71
2022,101,Bordeaux,Saône-et-Loire,Hors EP,6e,Français,29,27,-7.67,0,87.32,74.98
2022,101,Bordeaux,Saône-et-Loire,Hors EP,6e,Mathématiques,26,27,-7.67,0,89.57,76.41
2022,102,Nantes,Ain,REP+,CP,Français,16,23,14.06,1,61.8,58.99
2022,102,Nantes,Ain,REP+,CP,Mathématiques,17,23,14.06,1,51.5,51.01
2022,102,Nantes,Ain,REP+,CE1,Français,21,23,14.06,0,56.81,56.37
2022,102,Nantes,Ain,REP+,CE1,Mathématiques,20,23,14.06,0,55.33,53.31
2022,102,Nantes,Ain,REP+,CM1,Français,22,23,14.06,0,58.15,58.41
2022,102,Nantes,Ain,REP+,CM1,Mathématiques,16,23,14.06,1,68.51,67.57
2022,102,Nantes,Ain,REP+,CM2,Français,16,23,14.06,1,79.0,80.53
2022,102,Nantes,Ain,REP+,CM2,Mathématiques,22,23,14.06,0,61.17,53.77
2022,102,Nantes,Ain,REP+,6e,Français,19,23,14.06,0,81.09,65.13
2022,102,Nantes,Ain,REP+,6e,Mathématiques,16,23,14.06,1,85.3,64.6
2022,103,Paris,Bas-Rhin,Hors EP,CP,Français,25,27,-16.38,0,70.63,59.71
2022,103,Paris,Bas-Rhin,Hors EP,CP,Mathématiques,28,27,-16.38,0,63.96,53.47
2022,103,Paris,Bas-Rhin,Hors EP,CE1,Français,28,27,-16.38,0,67.08,61.51
2022,103,Paris,Bas-Rhin,Hors EP,CE1,Mathématiques,23,27,-16.38,0,73.74,62.74
2022,103,Paris,Bas-Rhin,Hors EP,CM1,Français,23,27,-16.38,0,79.22,66.36
2022,103,Paris,Bas-Rhin,Hors EP,CM1,Mathématiques,27,27,-16.38,0,67.67,60.83
2022,103,Paris,Bas-Rhin,Hors EP,CM2,Français,24,27,-16.38,0,83.47,76.6
2022,103,Paris,Bas-Rhin,Hors EP,CM2,Mathématiques,20,27,-16.38,0,87.19,68.06
2022,103,Paris,Bas-Rhin,Hors EP,6e,Français,23,27,-16.38,0,83.87,70.37
2022,103,Paris,Bas-Rhin,Hors EP,6e,Mathématiques,23,27,-16.38,0,94.31,80.34
2022,104,Lyon,Bouches-du-Rhône,REP,CP,Français,19,19,19.66,0,57.95,52.09
2022,104,Lyon,Bouches-du-Rhône,REP,CP,Mathématiques,17,19,19.66,1,68.16,74.01
2022,104,Lyon,Bouches-du-Rhône,REP,CE1,Français,16,19,19.66,1,77.56,64.74
2022,104,Lyon,Bouches-du-Rhône,REP,CE1,Mathématiques,18,19,19.66,1,80.98,70.64
2022,104,Lyon,Bouches-du-Rhône,REP,CM1,Français,16,19,19.66,1,78.93,74.71
2022,104,Lyon,Bouches-du-Rhône,REP,CM1,Mathématiques,17,19,19.66,1,79.92,57.65
2022,104,Lyon,Bouches-du-Rhône,REP,CM2,Français,17,19,19.66,1,86.95,65.0
2022,104,Lyon,Bouches-du-Rhône,REP,CM2,Mathématiques,19,19,19.66,0,73.45,74.42
2022,104,Lyon,Bouches-du-Rhône,REP,6e,Français,21,19,19.66,0,78.82,75.44
2022,104,Lyon,Bouches-du-Rhône,REP,6e,Mathématiques,21,19,19.66,0,76.54,61.89
2022,105,Lille,Gironde,REP+,CP,Français,17,21,4.93,1,60.48,53.32
2022,105,Lille,Gironde,REP+,CP,Mathématiques,15,21,4.93,1,58.46,51.07
2022,105,Lille,Gironde,REP+,CE1,Français,18,21,4.93,1,68.46,56.2
2022,105,Lille,Gironde,REP+,CE1,Mathématiques,21,21,4.93,0,52.57,58.26
2022,105,Lille,Gironde,REP+,CM1,Français,19,21,4.93,0,64.4,56.34
2022,105,Lille,Gironde,REP+,CM1,Mathématiques,20,21,4.93,0,60.34,60.32
2022,105,Lille,Gironde,REP+,CM2,Français,22,21,4.93,0,63.12,60.99
2022,105,Lille,Gironde,REP+,CM2,Mathématiques,19,21,4.93,0,68.15,59.18
2022,105,Lille,Gironde,REP+,6e,Français,17,21,4.93,1,81.36,67.31
2022,105,Lille,Gironde,REP+,6e,Mathématiques,16,21,4.93,1,80.52,65.97
2022,106,Bordeaux,Hérault,Hors EP,CP,Français,24,27,-3.28,0,69.49,66.15
2022,106,Bordeaux,Hérault,Hors EP,CP,Mathématiques,23,27,-3.28,0,70.2,56.2
2022,106,Bordeaux,Hérault,Hors EP,CE1,Français,26,27,-3.28,0,70.29,58.24
2022,106,Bordeaux,Hérault,Hors EP,CE1,Mathématiques,21,27,-3.28,0,68.83,59.39
2022,106,Bordeaux,Hérault,Hors EP,CM1,Français,28,27,-3.28,0,74.11,54.35
2022,106,Bordeaux,Hérault,Hors EP,CM1,Mathématiques,25,27,-3.28,0,71.69,67.82
2022,106,Bordeaux,Hérault,Hors EP,CM2,Français,23,27,-3.28,0,85.27,78.97
2022,106,Bordeaux,Hérault,Hors EP,CM2,Mathématiques,26,27,-3.28,0,75.2,60.64
2022,106,Bordeaux,Hérault,Hors EP,6e,Français,20,27,-3.28,0,100.0,78.69
2022,106,Bordeaux,Hérault,Hors EP,6e,Mathématiques,27,27,-3.28,0,82.51,65.71
2022,107,Nantes,Loire,Hors EP,CP,Français,22,26,9.77,0,67.49,54.91
2022,107,Nantes,Loire,Hors EP,CP,Mathématiques,17,26,9.77,0,73.34,64.81
2022,107,Nantes,Loire,Hors EP,CE1,Français,20,26,9.77,0,74.09,65.3
2022,107,Nantes,Loire,Hors EP,CE1,Mathématiques,21,26,9.77,0,74.91,64.11
2022,107,Nantes,Loire,Hors EP,CM1,Français,24,26,9.77,0,79.63,66.7
2022,107,Nantes,Loire,Hors EP,CM1,Mathématiques,18,26,9.77,0,84.35,72.8
2022,107,Nantes,Loire,Hors EP,CM2,Français,23,26,9.77,0,96.68,81.55
2022,107,Nantes,Loire,Hors EP,CM2,Mathématiques,23,26,9.77,0,87.32,84.94
2022,107,Nantes,Loire,Hors EP,6e,Français,24,26,9.77,0,82.17,73.03
2022,107,Nantes,Loire,Hors EP,6e,Mathématiques,21,26,9.77,0,83.22,80.08
2022,108,Paris,Maine-et-Loire,REP+,CP,Français,12,15,1.92,1,63.02,54.29
2022,108,Paris,Maine-et-Loire,REP+,CP,Mathématiques,13,15,1.92,1,54.31,56.07
2022,108,Paris,Maine-et-Loire,REP+,CE1,Français,17,15,1.92,1,67.18,60.5
2022,108,Paris,Maine-et-Loire,REP+,CE1,Mathématiques,16,15,1.92,1,64.64,67.6
2022,108,Paris,Maine-et-Loire,REP+,CM1,Français,12,15,1.92,1,77.5,67.13
2022,108,Paris,Maine-et-Loire,REP+,CM1,Mathématiques,12,15,1.92,1,80.74,81.83
2022,108,Paris,Maine-et-Loire,REP+,CM2,Français,13,15,1.92,1,80.63,67.47
2022,108,Paris,Maine-et-Loire,REP+,CM2,Mathématiques,13,15,1.92,1,70.53,56.56
2022,108,Paris,Maine-et-Loire,REP+,6e,Français,19,15,1.92,0,73.56,65.27
2022,108,Paris,Maine-et-Loire,REP+,6e,Mathématiques,12,15,1.92,1,81.49,62.89
2022,109,Lyon,Moselle,Hors EP,CP,Français,17,22,-19.82,0,64.81,54.62
2022,109,Lyon,Moselle,Hors EP,CP,Mathématiques,19,22,-19.82,0,74.52,64.56
2022,109,Lyon,Moselle,Hors EP,CE1,Français,19,22,-19.82,0,78.47,66.15
2022,109,Lyon,Moselle,Hors EP,CE1,Mathématiques,26,22,-19.82,0,65.16,61.38
2022,109,Lyon,Moselle,Hors EP,CM1,Français,22,22,-19.82,0,77.63,68.62
2022,109,Lyon,Moselle,Hors EP,CM1,Mathématiques,19,22,-19.82,0,81.35,70.83
2022,109,Lyon,Moselle,Hors EP,CM2,Français,20,22,-19.82,0,82.02,80.09
2022,109,Lyon,Moselle,Hors EP,CM2,Mathématiques,21,22,-19.82,0,76.17,64.7
2022,109,Lyon,Moselle,Hors EP,6e,Français,16,22,-19.82,0,97.45,81.16
2022,109,Lyon,Moselle,Hors EP,6e,Mathématiques,20,22,-19.82,0,85.43,71.51
2022,110,Lille,Nord,REP,CP,Français,23,26,-18.63,0,56.8,49.95
2022,110,Lille,Nord,REP,CP,Mathématiques,19,26,-18.63,0,50.48,56.82
2022,110,Lille,Nord,REP,CE1,Français,20,26,-18.63,0,62.58,56.77
2022,110,Lille,Nord,REP,CE1,Mathématiques,23,26,-18.63,0,55.23,56.5
2022,110,Lille,Nord,REP,CM1,Français,23,26,-18.63,0,62.85,57.99
2022,110,Lille,Nord,REP,CM1,Mathématiques,20,26,-18.63,0,67.51,57.5
2022,110,Lille,Nord,REP,CM2,Français,21,26,-18.63,0,74.77,63.81
2022,110,Lille,Nord,REP,CM2,Mathématiques,22,26,-18.63,0,73.82,60.33
2022,110,Lille,Nord,REP,6e,Français,24,26,-18.63,0,79.04,74.58
2022,110,Lille,Nord,REP,6e,Mathématiques,28,26,-18.63,0,65.28,55.05
2022,111,Bordeaux,Paris,Hors EP,CP,Français,34,31,5.82,0,63.17,62.57
2022,111,Bordeaux,Paris,Hors EP,CP,Mathématiques,31,31,5.82,0,73.66,66.32
2022,111,Bordeaux,Paris,Hors EP,CE1,Français,30,31,5.82,0,66.75,60.51
2022,111,Bordeaux,Paris,Hors EP,CE1,Mathématiques,26,31,5.82,0,62.41,49.43
2022,111,Bordeaux,Paris,Hors EP,CM1,Français,28,31,5.82,0,80.12,64.27
2022,111,Bordeaux,Paris,Hors EP,CM1,Mathématiques,31,31,5.82,0,67.4,62.12
2022,111,Bordeaux,Paris,Hors EP,CM2,Français,26,31,5.82,0,85.38,77.55
2022,111,Bordeaux,Paris,Hors EP,CM2,Mathématiques,29,31,5.82,0,82.38,73.92
2022,111,Bordeaux,Paris,Hors EP,6e,Français,24,31,5.82,0,96.8,75.52
2022,111,Bordeaux,Paris,Hors EP,6e,Mathématiques,27,31,5.82,0,84.42,74.15
2022,112,Nantes,Puy-de-Dôme,REP+,CP,Français,17,18,-15.54,1,56.52,56.81
2022,112,Nantes,Puy-de-Dôme,REP+,CP,Mathématiques,15,18,-15.54,1,58.71,48.3
2022,112,Nantes,Puy-de-Dôme,REP+,CE1,Français,20,18,-15.54,0,55.06,53.13
2022,112,Nantes,Puy-de-Dôme,REP+,CE1,Mathématiques,19,18,-15.54,0,47.0,43.89
2022,112,Nantes,Puy-de-Dôme,REP+,CM1,Français,17,18,-15.54,1,63.61,49.98
2022,112,Nantes,Puy-de-Dôme,REP+,CM1,Mathématiques,15,18,-15.54,1,63.4,56.39
2022,112,Nantes,Puy-de-Dôme,REP+,CM2,Français,18,18,-15.54,1,79.91,78.39
2022,112,Nantes,Puy-de-Dôme,REP+,CM2,Mathématiques,17,18,-15.54,1,74.23,65.35
2022,112,Nantes,Puy-de-Dôme,REP+,6e,Français,18,18,-15.54,1,83.33,76.27
2022,112,Nantes,Puy-de-Dôme,REP+,6e,Mathématiques,19,18,-15.54,0,70.97,70.81
2022,113,Paris,Saône-et-Loire,Hors EP,CP,Français,19,24,-1.27,0,72.59,58.66
2022,113,Paris,Saône-et-Loire,Hors EP,CP,Mathématiques,23,24,-1.27,0,70.34,53.99
2022,113,Paris,Saône-et-Loire,Hors EP,CE1,Français,20,24,-1.27,0,86.66,77.08
2022,113,Paris,Saône-et-Loire,Hors EP,CE1,Mathématiques,23,24,-1.27,0,69.76,63.87
2022,113,Paris,Saône-et-Loire,Hors EP,CM1,Français,22,24,-1.27,0,79.06,66.29
2022,113,Paris,Saône-et-Loire,Hors EP,CM1,Mathématiques,21,24,-1.27,0,73.85,58.6
2022,113,Paris,Saône-et-Loire,Hors EP,CM2,Français,22,24,-1.27,0,83.83,70.5
2022,113,Paris,Saône-et-Loire,Hors EP,CM2,Mathématiques,18,24,-1.27,0,91.85,87.86
2022,113,Paris,Saône-et-Loire,Hors EP,6e,Français,25,24,-1.27,0,95.04,82.75
2022,113,Paris,Saône-et-Loire,Hors EP,6e,Mathématiques,23,24,-1.27,0,89.14,71.04
2022,114,Lyon,Ain,REP,CP,Français,20,23,6.31,0,58.52,58.67
2022,114,Lyon,Ain,REP,CP,Mathématiques,23,23,6.31,0,54.61,50.4
2022,114,Lyon,Ain,REP,CE1,Français,22,23,6.31,0,55.3,48.81
2022,114,Lyon,Ain,REP,CE1,Mathématiques,19,23,6.31,0,63.31,63.49
2022,114,Lyon,Ain,REP,CM1,Français,23,23,6.31,0,66.36,56.59
2022,114,Lyon,Ain,REP,CM1,Mathématiques,20,23,6.31,0,77.36,67.94
2022,114,Lyon,Ain,REP,CM2,Français,22,23,6.31,0,65.06,53.33
2022,114,Lyon,Ain,REP,CM2,Mathématiques,22,23,6.31,0,69.32,62.8
2022,114,Lyon,Ain,REP,6e,Français,22,23,6.31,0,82.26,61.59
2022,114,Lyon,Ain,REP,6e,Mathématiques,19,23,6.31,0,78.81,65.35
2022,115,Lille,Bas-Rhin,REP,CP,Français,18,20,-12.29,1,70.79,65.86
2022,115,Lille,Bas-Rhin,REP,CP,Mathématiques,20,20,-12.29,0,59.37,44.51
2022,115,Lille,Bas-Rhin,REP,CE1,Français,19,20,-12.29,0,68.04,56.95
2022,115,Lille,Bas-Rhin,REP,CE1,Mathématiques,17,20,-12.29,1,70.36,62.76
2022,115,Lille,Bas-Rhin,REP,CM1,Français,19,20,-12.29,0,78.32,69.69
2022,115,Lille,Bas-Rhin,REP,CM1,Mathématiques,18,20,-12.29,1,70.45,64.93
2022,115,Lille,Bas-Rhin,REP,CM2,Français,18,20,-12.29,1,94.61,81.48
2022,115,Lille,Bas-Rhin,REP,CM2,Mathématiques,21,20,-12.29,0,71.34,69.12
2022,115,Lille,Bas-Rhin,REP,6e,Français,14,20,-12.29,1,84.51,77.64
2022,115,Lille,Bas-Rhin,REP,6e,Mathématiques,24,20,-12.29,0,66.97,51.44
2022,116,Bordeaux,Bouches-du-Rhône,Hors EP,CP,Français,20,29,-0.72,0,72.83,63.39
2022,116,Bordeaux,Bouches-du-Rhône,Hors EP,CP,Mathématiques,24,29,-0.72,0,59.28,58.23
2022,116,Bordeaux,Bouches-du-Rhône,Hors EP,CE1,Français,27,29,-0.72,0,68.64,60.74
2022,116,Bordeaux,Bouches-du-Rhône,Hors EP,CE1,Mathématiques,24,29,-0.72,0,69.72,64.88
2022,116,Bordeaux,Bouches-du-Rhône,Hors EP,CM1,Français,26,29,-0.72,0,83.95,77.36
2022,116,Bordeaux,Bouches-du-Rhône,Hors EP,CM1,Mathématiques,25,29,-0.72,0,89.8,83.82
2022,116,Bordeaux,Bouches-du-Rhône,Hors EP,CM2,Français,23,29,-0.72,0,87.38,64.49
2022,116,Bordeaux,Bouches-du-Rhône,Hors EP,CM2,Mathématiques,25,29,-0.72,0,89.55,89.8
2022,116,Bordeaux,Bouches-du-Rhône,Hors EP,6e,Français,25,29,-0.72,0,91.52,80.26
2022,116,Bordeaux,Bouches-du-Rhône,Hors EP,6e,Mathématiques,30,29,-0.72,0,78.09,81.38
2022,117,Nantes,Gironde,Hors EP,CP,Français,21,20,-9.72,0,65.1,59.98
2022,117,Nantes,Gironde,Hors EP,CP,Mathématiques,22,20,-9.72,0,75.31,69.61
2022,117,Nantes,Gironde,Hors EP,CE1,Français,24,20,-9.72,0,71.11,65.32
2022,117,Nantes,Gironde,Hors EP,CE1,Mathématiques,14,20,-9.72,0,75.72,68.42
2022,117,Nantes,Gironde,Hors EP,CM1,Français,21,20,-9.72,0,75.45,64.36
2022,117,Nantes,Gironde,Hors EP,CM1,Mathématiques,19,20,-9.72,0,79.4,72.62
2022,117,Nantes,Gironde,Hors EP,CM2,Français,19,20,-9.72,0,89.78,73.6
2022,117,Nantes,Gironde,Hors EP,CM2,Mathématiques,23,20,-9.72,0,87.86,73.2
2022,117,Nantes,Gironde,Hors EP,6e,Français,27,20,-9.72,0,83.69,76.94
2022,117,Nantes,Gironde,Hors EP,6e,Mathématiques,18,20,-9.72,0,95.71,83.56
2022,118,Paris,Hérault,REP,CP,Français,21,18,-9.77,0,60.04,55.61
2022,118,Paris,Hérault,REP,CP,Mathématiques,16,18,-9.77,1,70.96,63.31
2022,118,Paris,Hérault,REP,CE1,Français,23,18,-9.77,0,61.77,57.33
2022,118,Paris,Hérault,REP,CE1,Mathématiques,21,18,-9.77,0,55.08,60.25
2022,118,Paris,Hérault,REP,CM1,Français,19,18,-9.77,0,68.7,68.17
2022,118,Paris,Hérault,REP,CM1,Mathématiques,21,18,-9.77,0,64.46,60.9
2022,118,Paris,Hérault,REP,CM2,Français,22,18,-9.77,0,72.09,68.64
2022,118,Paris,Hérault,REP,CM2,Mathématiques,17,18,-9.77,1,83.41,75.72
2022,118,Paris,Hérault,REP,6e,Français,22,18,-9.77,0,67.54,60.3
2022,118,Paris,Hérault,REP,6e,Mathématiques,17,18,-9.77,1,93.01,76.3
2022,119,Lyon,Loire,REP,CP,Français,23,16,0.1,0,63.21,63.55
2022,119,Lyon,Loire,REP,CP,Mathématiques,21,16,0.1,0,57.99,53.93
2022,119,Lyon,Loire,REP,CE1,Français,15,16,0.1,1,76.89,53.43
2022,119,Lyon,Loire,REP,CE1,Mathématiques,16,16,0.1,1,73.43,64.15
2022,119,Lyon,Loire,REP,CM1,Français,12,16,0.1,1,80.74,62.23
2022,119,Lyon,Loire,REP,CM1,Mathématiques,20,16,0.1,0,66.45,49.87
2022,119,Lyon,Loire,REP,CM2,Français,15,16,0.1,1,90.44,77.38
2022,119,Lyon,Loire,REP,CM2,Mathématiques,14,16,0.1,1,80.36,68.21
2022,119,Lyon,Loire,REP,6e,Français,15,16,0.1,1,85.74,72.97
2022,119,Lyon,Loire,REP,6e,Mathématiques,13,16,0.1,1,92.68,83.38
2022,120,Lille,Maine-et-Loire,REP+,CP,Français,16,15,-0.38,1,65.44,61.7
2022,120,Lille,Maine-et-Loire,REP+,CP,Mathématiques,19,15,-0.38,0,50.73,42.98
2022,120,Lille,Maine-et-Loire,REP+,CE1,Français,12,15,-0.38,1,74.72,68.35
2022,120,Lille,Maine-et-Loire,REP+,CE1,Mathématiques,16,15,-0.38,1,66.38,60.94
2022,120,Lille,Maine-et-Loire,REP+,CM1,Français,16,15,-0.38,1,71.68,69.02
2022,120,Lille,Maine-et-Loire,REP+,CM1,Mathématiques,14,15,-0.38,1,66.29,51.62
2022,120,Lille,Maine-et-Loire,REP+,CM2,Français,14,15,-0.38,1,84.06,69.87
2022,120,Lille,Maine-et-Loire,REP+,CM2,Mathématiques,12,15,-0.38,1,76.64,63.86
2022,120,Lille,Maine-et-Loire,REP+,6e,Français,19,15,-0.38,0,78.29,61.88
2022,120,Lille,Maine-et-Loire,REP+,6e,Mathématiques,15,15,-0.38,1,76.96,61.53
2022,121,Bordeaux,Moselle,Hors EP,CP,Français,20,27,-6.19,0,70.86,65.94
2022,121,Bordeaux,Moselle,Hors EP,CP,Mathématiques,23,27,-6.19,0,73.93,62.35
2022,121,Bordeaux,Moselle,Hors EP,CE1,Français,26,27,-6.19,0,70.66,57.17
2022,121,Bordeaux,Moselle,Hors EP,CE1,Mathématiques,27,27,-6.19,0,65.87,55.62
2022,121,Bordeaux,Moselle,Hors EP,CM1,Français,20,27,-6.19,0,89.72,76.04
2022,121,Bordeaux,Moselle,Hors EP,CM1,Mathématiques,29,27,-6.19,0,75.55,71.9
2022,121,Bordeaux,Moselle,Hors EP,CM2,Français,25,27,-6.19,0,78.18,71.98
2022,121,Bordeaux,Moselle,Hors EP,CM2,Mathématiques,26,27,-6.19,0,78.36,72.0
2022,121,Bordeaux,Moselle,Hors EP,6e,Français,27,27,-6.19,0,90.43,71.38
2022,121,Bordeaux,Moselle,Hors EP,6e,Mathématiques,28,27,-6.19,0,83.64,77.3
2022,122,Nantes,Nord,REP,CP,Français,25,22,8.51,0,59.85,56.71
2022,122,Nantes,Nord,REP,CP,Mathématiques,24,22,8.51,0,52.66,58.38
2022,122,Nantes,Nord,REP,CE1,Français,18,22,8.51,1,76.58,65.04
2022,122,Nantes,Nord,REP,CE1,Mathématiques,20,22,8.51,0,64.0,52.89
2022,122,Nantes,Nord,REP,CM1,Français,27,22,8.51,0,59.24,50.53
2022,122,Nantes,Nord,REP,CM1,Mathématiques,19,22,8.51,0,70.42,67.95
2022,122,Nantes,Nord,REP,CM2,Français,23,22,8.51,0,80.55,65.64
2022,122,Nantes,Nord,REP,CM2,Mathématiques,24,22,8.51,0,68.66,62.83
2022,122,Nantes,Nord,REP,6e,Français,25,22,8.51,0,69.51,72.22
2022,122,Nantes,Nord,REP,6e,Mathématiques,22,22,8.51,0,69.59,58.86
2022,123,Paris,Paris,Hors EP,CP,Français,20,22,1.16,0,77.67,62.47
2022,123,Paris,Paris,Hors EP,CP,Mathématiques,28,22,1.16,0,66.85,61.44
2022,123,Paris,Paris,Hors EP,CE1,Français,24,22,1.16,0,66.94,58.04
2022,123,Paris,Paris,Hors EP,CE1,Mathématiques,26,22,1.16,0,68.9,61.54
2022,123,Paris,Paris,Hors EP,CM1,Français,21,22,1.16,0,90.43,75.27
2022,123,Paris,Paris,Hors EP,CM1,Mathématiques,19,22,1.16,0,94.24,72.21
2022,123,Paris,Paris,Hors EP,CM2,Français,22,22,1.16,0,84.15,68.71
2022,123,Paris,Paris,Hors EP,CM2,Mathématiques,19,22,1.16,0,85.21,77.86
2022,123,Paris,Paris,Hors EP,6e,Français,17,22,1.16,0,100.0,88.44
2022,123,Paris,Paris,Hors EP,6e,Mathématiques,23,22,1.16,0,89.61,77.32
2022,124,Lyon,Puy-de-Dôme,Hors EP,CP,Français,21,21,-8.95,0,69.86,66.04
2022,124,Lyon,Puy-de-Dôme,Hors EP,CP,Mathématiques,15,21,-8.95,0,64.71,58.44
2022,124,Lyon,Puy-de-Dôme,Hors EP,CE1,Français,23,21,-8.95,0,77.24,70.17
2022,124,Lyon,Puy-de-Dôme,Hors EP,CE1,Mathématiques,21,21,-8.95,0,71.84,66.9
2022,124,Lyon,Puy-de-Dôme,Hors EP,CM1,Français,18,21,-8.95,0,83.91,71.11
2022,124,Lyon,Puy-de-Dôme,Hors EP,CM1,Mathématiques,18,21,-8.95,0,82.03,69.51
2022,124,Lyon,Puy-de-Dôme,Hors EP,CM2,Français,17,21,-8.95,0,89.69,76.77
2022,124,Lyon,Puy-de-Dôme,Hors EP,CM2,Mathématiques,16,21,-8.95,0,89.2,73.19
2022,124,Lyon,Puy-de-Dôme,Hors EP,6e,Français,19,21,-8.95,0,91.43,82.43
2022,124,Lyon,Puy-de-Dôme,Hors EP,6e,Mathématiques,21,21,-8.95,0,84.9,75.36
2022,125,Lille,Saône-et-Loire,Hors EP,CP,Français,18,25,8.82,0,73.96,60.22
2022,125,Lille,Saône-et-Loire,Hors EP,CP,Mathématiques,23,25,8.82,0,66.84,59.03
2022,125,Lille,Saône-et-Loire,Hors EP,CE1,Français,19,25,8.82,0,85.73,69.0
2022,125,Lille,Saône-et-Loire,Hors EP,CE1,Mathématiques,17,25,8.82,0,71.95,67.39
2022,125,Lille,Saône-et-Loire,Hors EP,CM1,Français,23,25,8.82,0,88.58,68.93
2022,125,Lille,Saône-et-Loire,Hors EP,CM1,Mathématiques,20,25,8.82,0,93.58,77.12
2022,125,Lille,Saône-et-Loire,Hors EP,CM2,Français,20,25,8.82,0,90.56,79.23
2022,125,Lille,Saône-et-Loire,Hors EP,CM2,Mathématiques,22,25,8.82,0,83.09,68.58
2022,125,Lille,Saône-et-Loire,Hors EP,6e,Français,20,25,8.82,0,92.37,71.64
2022,125,Lille,Saône-et-Loire,Hors EP,6e,Mathématiques,26,25,8.82,0,85.43,71.34
2022,126,Bordeaux,Ain,REP+,CP,Français,20,17,-5.58,0,54.62,51.19
2022,126,Bordeaux,Ain,REP+,CP,Mathématiques,15,17,-5.58,1,64.61,58.13
2022,126,Bordeaux,Ain,REP+,CE1,Français,14,17,-5.58,1,71.32,59.87
2022,126,Bordeaux,Ain,REP+,CE1,Mathématiques,19,17,-5.58,0,42.52,42.07
2022,126,Bordeaux,Ain,REP+,CM1,Français,20,17,-5.58,0,61.95,60.12
2022,126,Bordeaux,Ain,REP+,CM1,Mathématiques,15,17,-5.58,1,71.29,63.5
2022,126,Bordeaux,Ain,REP+,CM2,Français,18,17,-5.58,1,86.91,80.62
2022,126,Bordeaux,Ain,REP+,CM2,Mathématiques,19,17,-5.58,0,68.45,57.0
2022,126,Bordeaux,Ain,REP+,6e,Français,16,17,-5.58,1,75.83,60.22
2022,126,Bordeaux,Ain,REP+,6e,Mathématiques,15,17,-5.58,1,79.6,63.0
2022,127,Nantes,Bas-Rhin,Hors EP,CP,Français,21,23,18.31,0,80.92,58.76
2022,127,Nantes,Bas-Rhin,Hors EP,CP,Mathématiques,24,23,18.31,0,64.81,55.8
2022,127,Nantes,Bas-Rhin,Hors EP,CE1,Français,29,23,18.31,0,71.14,57.85
2022,127,Nantes,Bas-Rhin,Hors EP,CE1,Mathématiques,25,23,18.31,0,71.7,64.51
2022,127,Nantes,Bas-Rhin,Hors EP,CM1,Français,22,23,18.31,0,81.1,66.21
2022,127,Nantes,Bas-Rhin,Hors EP,CM1,Mathématiques,26,23,18.31,0,77.38,62.37
2022,127,Nantes,Bas-Rhin,Hors EP,CM2,Français,24,23,18.31,0,88.55,78.09
2022,127,Nantes,Bas-Rhin,Hors EP,CM2,Mathématiques,23,23,18.31,0,85.75,75.42
2022,127,Nantes,Bas-Rhin,Hors EP,6e,Français,21,23,18.31,0,99.88,83.0
2022,127,Nantes,Bas-Rhin,Hors EP,6e,Mathématiques,21,23,18.31,0,87.91,74.28
2022,128,Paris,Bouches-du-Rhône,Hors EP,CP,Français,24,30,3.64,0,71.33,70.08
2022,128,Paris,Bouches-du-Rhône,Hors EP,CP,Mathématiques,26,30,3.64,0,64.15,54.3
2022,128,Paris,Bouches-du-Rhône,Hors EP,CE1,Français,26,30,3.64,0,79.98,62.57
2022,128,Paris,Bouches-du-Rhône,Hors EP,CE1,Mathématiques,26,30,3.64,0,62.92,55.74
2022,128,Paris,Bouches-du-Rhône,Hors EP,CM1,Français,27,30,3.64,0,71.62,61.48
2022,128,Paris,Bouches-du-Rhône,Hors EP,CM1,Mathématiques,27,30,3.64,0,76.33,68.6
2022,128,Paris,Bouches-du-Rhône,Hors EP,CM2,Français,24,30,3.64,0,87.74,71.66
2022,128,Paris,Bouches-du-Rhône,Hors EP,CM2,Mathématiques,28,30,3.64,0,69.44,60.77
2022,128,Paris,Bouches-du-Rhône,Hors EP,6e,Français,26,30,3.64,0,95.71,80.52
2022,128,Paris,Bouches-du-Rhône,Hors EP,6e,Mathématiques,26,30,3.64,0,88.33,81.33
2022,129,Lyon,Gironde,Hors EP,CP,Français,21,24,7.97,0,73.5,62.05
2022,129,Lyon,Gironde,Hors EP,CP,Mathématiques,20,24,7.97,0,73.5,67.38
2022,129,Lyon,Gironde,Hors EP,CE1,Français,17,24,7.97,0,73.42,60.36
2022,129,Lyon,Gironde,Hors EP,CE1,Mathématiques,17,24,7.97,0,72.04,71.84
2022,129,Lyon,Gironde,Hors EP,CM1,Français,14,24,7.97,0,89.47,80.37
2022,129,Lyon,Gironde,Hors EP,CM1,Mathématiques,22,24,7.97,0,82.0,77.36
2022,129,Lyon,Gironde,Hors EP,CM2,Français,24,24,7.97,0,85.6,75.44
2022,129,Lyon,Gironde,Hors EP,CM2,Mathématiques,23,24,7.97,0,80.98,68.84
2022,129,Lyon,Gironde,Hors EP,6e,Français,18,24,7.97,0,99.43,73.12
2022,129,Lyon,Gironde,Hors EP,6e,Mathématiques,24,24,7.97,0,91.36,80.07
2022,130,Lille,Hérault,REP+,CP,Français,12,13,-2.13,1,64.14,62.01
2022,130,Lille,Hérault,REP+,CP,Mathématiques,15,13,-2.13,1,59.47,61.12
2022,130,Lille,Hérault,REP+,CE1,Français,12,13,-2.13,1,69.57,62.99
2022,130,Lille,Hérault,REP+,CE1,Mathématiques,14,13,-2.13,1,62.44,55.74
2022,130,Lille,Hérault,REP+,CM1,Français,14,13,-2.13,1,71.83,67.51
2022,130,Lille,Hérault,REP+,CM1,Mathématiques,13,13,-2.13,1,77.2,64.59
2022,130,Lille,Hérault,REP+,CM2,Français,16,13,-2.13,1,82.48,71.92
2022,130,Lille,Hérault,REP+,CM2,Mathématiques,14,13,-2.13,1,71.86,61.28
2022,130,Lille,Hérault,REP+,6e,Français,15,13,-2.13,1,82.94,77.32
2022,130,Lille,Hérault,REP+,6e,Mathématiques,13,13,-2.13,1,78.37,59.97
2022,131,Bordeaux,Loire,Hors EP,CP,Français,28,28,12.4,0,72.63,67.44
2022,131,Bordeaux,Loire,Hors EP,CP,Mathématiques,28,28,12.4,0,57.6,48.67
2022,131,Bordeaux,Loire,Hors EP,CE1,Français,23,28,12.4,0,83.1,67.6
2022,131,Bordeaux,Loire,Hors EP,CE1,Mathématiques,24,28,12.4,0,73.52,58.77
2022,131,Bordeaux,Loire,Hors EP,CM1,Français,27,28,12.4,0,70.2,56.85
2022,131,Bordeaux,Loire,Hors EP,CM1,Mathématiques,26,28,12.4,0,72.1,70.52
2022,131,Bordeaux,Loire,Hors EP,CM2,Français,26,28,12.4,0,90.78,78.52
2022,131,Bordeaux,Loire,Hors EP,CM2,Mathématiques,26,28,12.4,0,78.2,72.82
2022,131,Bordeaux,Loire,Hors EP,6e,Français,27,28,12.4,0,99.17,86.58
2022,131,Bordeaux,Loire,Hors EP,6e,Mathématiques,25,28,12.4,0,89.89,78.24
2022,132,Nantes,Maine-et-Loire,REP,CP,Français,19,24,-14.59,0,54.62,49.18
2022,132,Nantes,Maine-et-Loire,REP,CP,Mathématiques,28,24,-14.59,0,55.49,57.53
2022,132,Nantes,Maine-et-Loire,REP,CE1,Français,27,24,-14.59,0,53.37,43.71
2022,132,Nantes,Maine-et-Loire,REP,CE1,Mathématiques,21,24,-14.59,0,49.79,43.29
2022,132,Nantes,Maine-et-Loire,REP,CM1,Français,23,24,-14.59,0,66.9,61.17
2022,132,Nantes,Maine-et-Loire,REP,CM1,Mathématiques,22,24,-14.59,0,66.61,56.94
2022,132,Nantes,Maine-et-Loire,REP,CM2,Français,24,24,-14.59,0,65.25,64.82
2022,132,Nantes,Maine-et-Loire,REP,CM2,Mathématiques,24,24,-14.59,0,70.3,56.73
2022,132,Nantes,Maine-et-Loire,REP,6e,Français,24,24,-14.59,0,77.83,57.7
2022,132,Nantes,Maine-et-Loire,REP,6e,Mathématiques,27,24,-14.59,0,63.93,59.53
2022,133,Paris,Moselle,REP,CP,Français,26,27,-2.14,0,51.27,48.06
2022,133,Paris,Moselle,REP,CP,Mathématiques,22,27,-2.14,0,58.11,46.83
2022,133,Paris,Moselle,REP,CE1,Français,25,27,-2.14,0,57.04,53.73
2022,133,Paris,Moselle,REP,CE1,Mathématiques,22,27,-2.14,0,62.24,57.22
2022,133,Paris,Moselle,REP,CM1,Français,27,27,-2.14,0,68.5,57.6
2022,133,Paris,Moselle,REP,CM1,Mathématiques,26,27,-2.14,0,63.38,58.95
2022,133,Paris,Moselle,REP,CM2,Français,25,27,-2.14,0,66.16,53.09
2022,133,Paris,Moselle,REP,CM2,Mathématiques,23,27,-2.14,0,66.92,70.87
2022,133,Paris,Moselle,REP,6e,Français,21,27,-2.14,0,79.62,70.1
2022,133,Paris,Moselle,REP,6e,Mathématiques,26,27,-2.14,0,67.47,52.82
2022,134,Lyon,Nord,Hors EP,CP,Français,27,26,10.28,0,67.83,57.88
2022,134,Lyon,Nord,Hors EP,CP,Mathématiques,19,26,10.28,0,69.26,62.41
2022,134,Lyon,Nord,Hors EP,CE1,Français,22,26,10.28,0,72.9,64.82
2022,134,Lyon,Nord,Hors EP,CE1,Mathématiques,27,26,10.28,0,70.28,57.13
2022,134,Lyon,Nord,Hors EP,CM1,Français,27,26,10.28,0,76.05,74.11
2022,134,Lyon,Nord,Hors EP,CM1,Mathématiques,23,26,10.28,0,80.6,77.61
2022,134,Lyon,Nord,Hors EP,CM2,Français,21,26,10.28,0,85.21,71.31
2022,134,Lyon,Nord,Hors EP,CM2,Mathématiques,24,26,10.28,0,96.12,75.92
2022,134,Lyon,Nord,Hors EP,6e,Français,21,26,10.28,0,90.72,77.85
2022,134,Lyon,Nord,Hors EP,6e,Mathématiques,25,26,10.28,0,85.15,73.01
2022,135,Lille,Paris,REP,CP,Français,18,23,22.67,1,70.68,60.72
2022,135,Lille,Paris,REP,CP,Mathématiques,19,23,22.67,0,53.03,51.75
2022,135,Lille,Paris,REP,CE1,Français,21,23,22.67,0,65.58,60.83
2022,135,Lille,Paris,REP,CE1,Mathématiques,21,23,22.67,0,57.5,55.54
2022,135,Lille,Paris,REP,CM1,Français,21,23,22.67,0,65.23,66.67
2022,135,Lille,Paris,REP,CM1,Mathématiques,17,23,22.67,1,76.0,67.69
2022,135,Lille,Paris,REP,CM2,Français,21,23,22.67,0,80.92,72.83
2022,135,Lille,Paris,REP,CM2,Mathématiques,19,23,22.67,0,76.71,65.58
2022,135,Lille,Paris,REP,6e,Français,20,23,22.67,0,83.63,69.34
2022,135,Lille,Paris,REP,6e,Mathématiques,19,23,22.67,0,72.89,68.71
2022,136,Bordeaux,Puy-de-Dôme,Hors EP,CP,Français,15,20,-0.64,0,71.71,60.32
2022,136,Bordeaux,Puy-de-Dôme,Hors EP,CP,Mathématiques,15,20,-0.64,0,69.74,70.92
2022,136,Bordeaux,Puy-de-Dôme,Hors EP,CE1,Français,18,20,-0.64,0,89.49,76.98
2022,136,Bordeaux,Puy-de-Dôme,Hors EP,CE1,Mathématiques,18,20,-0.64,0,73.36,64.04
2022,136,Bordeaux,Puy-de-Dôme,Hors EP,CM1,Français,17,20,-0.64,0,89.11,75.35
2022,136,Bordeaux,Puy-de-Dôme,Hors EP,CM1,Mathématiques,18,20,-0.64,0,84.74,71.11
2022,136,Bordeaux,Puy-de-Dôme,Hors EP,CM2,Français,16,20,-0.64,0,88.31,80.46
2022,136,Bordeaux,Puy-de-Dôme,Hors EP,CM2,Mathématiques,16,20,-0.64,0,89.8,75.28
2022,136,Bordeaux,Puy-de-Dôme,Hors EP,6e,Français,20,20,-0.64,0,85.58,74.71
2022,136,Bordeaux,Puy-de-Dôme,Hors EP,6e,Mathématiques,14,20,-0.64,0,95.08,78.92
2022,137,Nantes,Saône-et-Loire,Hors EP,CP,Français,25,23,-2.77,0,70.49,68.83
2022,137,Nantes,Saône-et-Loire,Hors EP,CP,Mathématiques,24,23,-2.77,0,72.23,63.93
2022,137,Nantes,Saône-et-Loire,Hors EP,CE1,Français,28,23,-2.77,0,70.01,59.27
2022,137,Nantes,Saône-et-Loire,Hors EP,CE1,Mathématiques,22,23,-2.77,0,73.31,60.89
2022,137,Nantes,Saône-et-Loire,Hors EP,CM1,Français,29,23,-2.77,0,72.25,60.68
2022,137,Nantes,Saône-et-Loire,Hors EP,CM1,Mathématiques,26,23,-2.77,0,81.2,73.87
2022,137,Nantes,Saône-et-Loire,Hors EP,CM2,Français,28,23,-2.77,0,81.71,70.23
2022,137,Nantes,Saône-et-Loire,Hors EP,CM2,Mathématiques,30,23,-2.77,0,84.87,76.28
2022,137,Nantes,Saône-et-Loire,Hors EP,6e,Français,28,23,-2.77,0,90.93,70.8
2022,137,Nantes,Saône-et-Loire,Hors EP,6e,Mathématiques,25,23,-2.77,0,93.5,82.18
2022,138,Paris,Ain,REP,CP,Français,26,25,9.07,0,58.72,58.0
2022,138,Paris,Ain,REP,CP,Mathématiques,28,25,9.07,0,57.92,52.13
2022,138,Paris,Ain,REP,CE1,Français,26,25,9.07,0,66.01,59.23
2022,138,Paris,Ain,REP,CE1,Mathématiques,22,25,9.07,0,56.8,49.43
2022,138,Paris,Ain,REP,CM1,Français,24,25,9.07,0,64.73,64.16
2022,138,Paris,Ain,REP,CM1,Mathématiques,24,25,9.07,0,70.76,57.47
2022,138,Paris,Ain,REP,CM2,Français,24,25,9.07,0,73.56,69.07
2022,138,Paris,Ain,REP,CM2,Mathématiques,28,25,9.07,0,64.07,63.53
2022,138,Paris,Ain,REP,6e,Français,21,25,9.07,0,84.71,65.9
2022,138,Paris,Ain,REP,6e,Mathématiques,26,25,9.07,0,78.37,72.73
2022,139,Lyon,Bas-Rhin,Hors EP,CP,Français,24,25,8.26,0,62.08,63.21
2022,139,Lyon,Bas-Rhin,Hors EP,CP,Mathématiques,26,25,8.26,0,67.93,62.33
2022,139,Lyon,Bas-Rhin,Hors EP,CE1,Français,24,25,8.26,0,82.56,72.4
2022,139,Lyon,Bas-Rhin,Hors EP,CE1,Mathématiques,23,25,8.26,0,75.61,66.36
2022,139,Lyon,Bas-Rhin,Hors EP,CM1,Français,23,25,8.26,0,74.94,68.58
2022,139,Lyon,Bas-Rhin,Hors EP,CM1,Mathématiques,26,25,8.26,0,81.78,75.37
2022,139,Lyon,Bas-Rhin,Hors EP,CM2,Français,23,25,8.26,0,88.55,81.17
2022,139,Lyon,Bas-Rhin,Hors EP,CM2,Mathématiques,25,25,8.26,0,89.78,72.69
2022,139,Lyon,Bas-Rhin,Hors EP,6e,Français,21,25,8.26,0,93.19,73.66
2022,139,Lyon,Bas-Rhin,Hors EP,6e,Mathématiques,20,25,8.26,0,94.7,81.4
2022,140,Lille,Bouches-du-Rhône,REP,CP,Français,20,24,-5.76,0,60.13,48.59
2022,140,Lille,Bouches-du-Rhône,REP,CP,Mathématiques,19,24,-5.76,0,55.84,58.27
2022,140,Lille,Bouches-du-Rhône,REP,CE1,Français,22,24,-5.76,0,66.71,59.75
2022,140,Lille,Bouches-du-Rhône,REP,CE1,Mathématiques,21,24,-5.76,0,62.25,56.45
2022,140,Lille,Bouches-du-Rhône,REP,CM1,Français,19,24,-5.76,0,64.1,55.6
2022,140,Lille,Bouches-du-Rhône,REP,CM1,Mathématiques,23,24,-5.76,0,69.88,58.65
2022,140,Lille,Bouches-du-Rhône,REP,CM2,Français,17,24,-5.76,1,89.88,76.46
2022,140,Lille,Bouches-du-Rhône,REP,CM2,Mathématiques,18,24,-5.76,1,68.71,56.91
2022,140,Lille,Bouches-du-Rhône,REP,6e,Français,20,24,-5.76,0,74.73,69.27
2022,140,Lille,Bouches-du-Rhône,REP,6e,Mathématiques,19,24,-5.76,0,77.86,79.82
2022,141,Bordeaux,Gironde,REP,CP,Français,21,21,8.03,0,56.15,51.12
2022,141,Bordeaux,Gironde,REP,CP,Mathématiques,18,21,8.03,1,68.09,70.44
2022,141,Bordeaux,Gironde,REP,CE1,Français,22,21,8.03,0,63.4,64.34
2022,141,Bordeaux,Gironde,REP,CE1,Mathématiques,20,21,8.03,0,55.19,60.85
2022,141,Bordeaux,Gironde,REP,CM1,Français,20,21,8.03,0,61.41,48.76
2022,141,Bordeaux,Gironde,REP,CM1,Mathématiques,23,21,8.03,0,58.74,61.69
2022,141,Bordeaux,Gironde,REP,CM2,Français,20,21,8.03,0,79.78,67.96
2022,141,Bordeaux,Gironde,REP,CM2,Mathématiques,21,21,8.03,0,74.09,65.19
2022,141,Bordeaux,Gironde,REP,6e,Français,17,21,8.03,1,93.98,69.82
2022,141,Bordeaux,Gironde,REP,6e,Mathématiques,22,21,8.03,0,77.65,70.12
2022,142,Nantes,Hérault,Hors EP,CP,Français,19,23,8.08,0,87.94,73.48
2022,142,Nantes,Hérault,Hors EP,CP,Mathématiques,18,23,8.08,0,73.53,60.25
2022,142,Nantes,Hérault,Hors EP,CE1,Français,18,23,8.08,0,85.92,75.99
2022,142,Nantes,Hérault,Hors EP,CE1,Mathématiques,22,23,8.08,0,80.52,72.18
2022,142,Nantes,Hérault,Hors EP,CM1,Français,18,23,8.08,0,90.56,70.95
2022,142,Nantes,Hérault,Hors EP,CM1,Mathématiques,20,23,8.08,0,82.36,70.27
2022,142,Nantes,Hérault,Hors EP,CM2,Français,17,23,8.08,0,88.02,74.74
2022,142,Nantes,Hérault,Hors EP,CM2,Mathématiques,19,23,8.08,0,93.54,85.09
2022,142,Nantes,Hérault,Hors EP,6e,Français,18,23,8.08,0,97.64,89.31
2022,142,Nantes,Hérault,Hors EP,6e,Mathématiques,21,23,8.08,0,89.84,80.39
2022,143,Paris,Loire,REP+,CP,Français,23,23,-5.7,0,49.67,49.32
2022,143,Paris,Loire,REP+,CP,Mathématiques,16,23,-5.7,1,58.13,58.85
2022,143,Paris,Loire,REP+,CE1,Français,19,23,-5.7,0,59.97,57.12
2022,143,Paris,Loire,REP+,CE1,Mathématiques,21,23,-5.7,0,58.13,52.83
2022,143,Paris,Loire,REP+,CM1,Français,20,23,-5.7,0,60.97,56.86
2022,143,Paris,Loire,REP+,CM1,Mathématiques,23,23,-5.7,0,49.59,53.06
2022,143,Paris,Loire,REP+,CM2,Français,21,23,-5.7,0,68.51,73.55
2022,143,Paris,Loire,REP+,CM2,Mathématiques,20,23,-5.7,0,58.41,55.68
2022,143,Paris,Loire,REP+,6e,Français,22,23,-5.7,0,74.04,62.65
2022,143,Paris,Loire,REP+,6e,Mathématiques,19,23,-5.7,0,62.92,50.95
2022,144,Lyon,Maine-et-Loire,Hors EP,CP,Français,28,21,-1.4,0,59.62,57.22
2022,144,Lyon,Maine-et-Loire,Hors EP,CP,Mathématiques,21,21,-1.4,0,71.54,60.88
2022,144,Lyon,Maine-et-Loire,Hors EP,CE1,Français,26,21,-1.4,0,77.66,67.25
2022,144,Lyon,Maine-et-Loire,Hors EP,CE1,Mathématiques,27,21,-1.4,0,72.55,71.3
2022,144,Lyon,Maine-et-Loire,Hors EP,CM1,Français,23,21,-1.4,0,86.02,69.65
2022,144,Lyon,Maine-et-Loire,Hors EP,CM1,Mathématiques,21,21,-1.4,0,90.34,71.0
2022,144,Lyon,Maine-et-Loire,Hors EP,CM2,Français,22,21,-1.4,0,79.09,64.55
2022,144,Lyon,Maine-et-Loire,Hors EP,CM2,Mathématiques,21,21,-1.4,0,82.52,72.61
2022,144,Lyon,Maine-et-Loire,Hors EP,6e,Français,24,21,-1.4,0,86.3,69.74
2022,144,Lyon,Maine-et-Loire,Hors EP,6e,Mathématiques,26,21,-1.4,0,93.71,85.0
2022,145,Lille,Moselle,REP,CP,Français,27,26,-20.35,0,52.87,49.32
2022,145,Lille,Moselle,REP,CP,Mathématiques,24,26,-20.35,0,53.55,57.2
2022,145,Lille,Moselle,REP,CE1,Français,27,26,-20.35,0,49.08,45.13
2022,145,Lille,Moselle,REP,CE1,Mathématiques,24,26,-20.35,0,62.63,43.95
2022,145,Lille,Moselle,REP,CM1,Français,22,26,-20.35,0,59.48,48.6
2022,145,Lille,Moselle,REP,CM1,Mathématiques,26,26,-20.35,0,57.36,42.34
2022,145,Lille,Moselle,REP,CM2,Français,24,26,-20.35,0,78.72,59.5
2022,145,Lille,Moselle,REP,CM2,Mathématiques,25,26,-20.35,0,72.71,64.2
2022,145,Lille,Moselle,REP,6e,Français,29,26,-20.35,0,67.09,67.85
2022,145,Lille,Moselle,REP,6e,Mathématiques,27,26,-20.35,0,68.71,54.29
2022,146,Bordeaux,Nord,Hors EP,CP,Français,17,18,5.69,0,76.53,73.83
2022,146,Bordeaux,Nord,Hors EP,CP,Mathématiques,18,18,5.69,0,71.59,64.42
2022,146,Bordeaux,Nord,Hors EP,CE1,Français,22,18,5.69,0,80.28,67.64
2022,146,Bordeaux,Nord,Hors EP,CE1,Mathématiques,17,18,5.69,0,80.17,67.41
2022,146,Bordeaux,Nord,Hors EP,CM1,Français,16,18,5.69,0,87.03,81.78
2022,146,Bordeaux,Nord,Hors EP,CM1,Mathématiques,19,18,5.69,0,81.34,74.66
2022,146,Bordeaux,Nord,Hors EP,CM2,Français,17,18,5.69,0,93.63,79.94
2022,146,Bordeaux,Nord,Hors EP,CM2,Mathématiques,12,18,5.69,0,75.37,67.38
2022,146,Bordeaux,Nord,Hors EP,6e,Français,15,18,5.69,0,89.71,71.89
2022,146,Bordeaux,Nord,Hors EP,6e,Mathématiques,19,18,5.69,0,94.79,83.32
2022,147,Nantes,Paris,REP,CP,Français,17,17,7.03,1,72.51,68.27
2022,147,Nantes,Paris,REP,CP,Mathématiques,15,17,7.03,1,74.14,68.24
2022,147,Nantes,Paris,REP,CE1,Français,17,17,7.03,1,83.13,65.06
2022,147,Nantes,Paris,REP,CE1,Mathématiques,16,17,7.03,1,70.17,64.51
2022,147,Nantes,Paris,REP,CM1,Français,20,17,7.03,0,67.02,77.1
2022,147,Nantes,Paris,REP,CM1,Mathématiques,15,17,7.03,1,80.87,70.0
2022,147,Nantes,Paris,REP,CM2,Français,17,17,7.03,1,83.68,77.24
2022,147,Nantes,Paris,REP,CM2,Mathématiques,15,17,7.03,1,76.28,61.26
2022,147,Nantes,Paris,REP,6e,Français,21,17,7.03,0,86.17,63.56
2022,147,Nantes,Paris,REP,6e,Mathématiques,19,17,7.03,0,70.42,62.75
2022,148,Paris,Puy-de-Dôme,Hors EP,CP,Français,26,25,11.75,0,69.75,54.93
2022,148,Paris,Puy-de-Dôme,Hors EP,CP,Mathématiques,24,25,11.75,0,73.68,66.94
2022,148,Paris,Puy-de-Dôme,Hors EP,CE1,Français,27,25,11.75,0,79.39,62.48
2022,148,Paris,Puy-de-Dôme,Hors EP,CE1,Mathématiques,29,25,11.75,0,63.6,65.64
2022,148,Paris,Puy-de-Dôme,Hors EP,CM1,Français,28,25,11.75,0,83.15,68.03
2022,148,Paris,Puy-de-Dôme,Hors EP,CM1,Mathématiques,32,25,11.75,0,81.2,72.37
2022,148,Paris,Puy-de-Dôme,Hors EP,CM2,Français,30,25,11.75,0,80.65,63.5
2022,148,Paris,Puy-de-Dôme,Hors EP,CM2,Mathématiques,29,25,11.75,0,75.77,73.08
2022,148,Paris,Puy-de-Dôme,Hors EP,6e,Français,30,25,11.75,0,88.07,75.78
2022,148,Paris,Puy-de-Dôme,Hors EP,6e,Mathématiques,29,25,11.75,0,86.15,71.56
2022,149,Lyon,Saône-et-Loire,Hors EP,CP,Français,27,25,33.07,0,73.63,66.69
2022,149,Lyon,Saône-et-Loire,Hors EP,CP,Mathématiques,29,25,33.07,0,63.12,57.53
2022,149,Lyon,Saône-et-Loire,Hors EP,CE1,Français,29,25,33.07,0,72.97,68.57
2022,149,Lyon,Saône-et-Loire,Hors EP,CE1,Mathématiques,27,25,33.07,0,75.08,71.81
2022,149,Lyon,Saône-et-Loire,Hors EP,CM1,Français,26,25,33.07,0,76.63,65.78
2022,149,Lyon,Saône-et-Loire,Hors EP,CM1,Mathématiques,25,25,33.07,0,71.5,63.09
2022,149,Lyon,Saône-et-Loire,Hors EP,CM2,Français,27,25,33.07,0,91.86,71.77
2022,149,Lyon,Saône-et-Loire,Hors EP,CM2,Mathématiques,27,25,33.07,0,89.34,72.88
2022,149,Lyon,Saône-et-Loire,Hors EP,6e,Français,28,25,33.07,0,98.56,72.71
2022,149,Lyon,Saône-et-Loire,Hors EP,6e,Mathématiques,28,25,33.07,0,93.6,76.9
2022,150,Lille,Ain,Hors EP,CP,Français,31,31,6.99,0,66.89,53.65
2022,150,Lille,Ain,Hors EP,CP,Mathématiques,24,31,6.99,0,73.42,69.92
2022,150,Lille,Ain,Hors EP,CE1,Français,25,31,6.99,0,83.06,69.71
2022,150,Lille,Ain,Hors EP,CE1,Mathématiques,27,31,6.99,0,72.09,57.37
2022,150,Lille,Ain,Hors EP,CM1,Français,26,31,6.99,0,90.75,72.1
2022,150,Lille,Ain,Hors EP,CM1,Mathématiques,28,31,6.99,0,70.04,57.97
2022,150,Lille,Ain,Hors EP,CM2,Français,22,31,6.99,0,92.87,73.8
2022,150,Lille,Ain,Hors EP,CM2,Mathématiques,29,31,6.99,0,76.95,67.96
2022,150,Lille,Ain,Hors EP,6e,Français,27,31,6.99,0,81.86,71.68
2022,150,Lille,Ain,Hors EP,6e,Mathématiques,27,31,6.99,0,91.27,72.27
2022,151,Bordeaux,Bas-Rhin,REP,CP,Français,19,24,-7.11,0,59.22,50.2
2022,151,Bordeaux,Bas-Rhin,REP,CP,Mathématiques,23,24,-7.11,0,49.19,53.31
2022,151,Bordeaux,Bas-Rhin,REP,CE1,Français,23,24,-7.11,0,65.57,47.47
2022,151,Bordeaux,Bas-Rhin,REP,CE1,Mathématiques,18,24,-7.11,1,77.36,64.01
2022,151,Bordeaux,Bas-Rhin,REP,CM1,Français,18,24,-7.11,1,79.63,70.36
2022,151,Bordeaux,Bas-Rhin,REP,CM1,Mathématiques,22,24,-7.11,0,67.05,62.26
2022,151,Bordeaux,Bas-Rhin,REP,CM2,Français,23,24,-7.11,0,78.11,68.05
2022,151,Bordeaux,Bas-Rhin,REP,CM2,Mathématiques,22,24,-7.11,0,73.56,67.78
2022,151,Bordeaux,Bas-Rhin,REP,6e,Français,20,24,-7.11,0,79.33,71.14
2022,151,Bordeaux,Bas-Rhin,REP,6e,Mathématiques,21,24,-7.11,0,73.42,57.97
2022,152,Nantes,Bouches-du-Rhône,Hors EP,CP,Français,26,26,-13.14,0,62.91,62.34
2022,152,Nantes,Bouches-du-Rhône,Hors EP,CP,Mathématiques,24,26,-13.14,0,76.22,69.53
2022,152,Nantes,Bouches-du-Rhône,Hors EP,CE1,Français,19,26,-13.14,0,82.67,79.7
2022,152,Nantes,Bouches-du-Rhône,Hors EP,CE1,Mathématiques,19,26,-13.14,0,77.8,72.2
2022,152,Nantes,Bouches-du-Rhône,Hors EP,CM1,Français,22,26,-13.14,0,70.32,61.34
2022,152,Nantes,Bouches-du-Rhône,Hors EP,CM1,Mathématiques,22,26,-13.14,0,85.11,72.43
2022,152,Nantes,Bouches-du-Rhône,Hors EP,CM2,Français,22,26,-13.14,0,83.58,73.47
2022,152,Nantes,Bouches-du-Rhône,Hors EP,CM2,Mathématiques,23,26,-13.14,0,78.77,69.88
2022,152,Nantes,Bouches-du-Rhône,Hors EP,6e,Français,22,26,-13.14,0,79.56,72.44
2022,152,Nantes,Bouches-du-Rhône,Hors EP,6e,Mathématiques,24,26,-13.14,0,87.32,72.17
2022,153,Paris,Gironde,Hors EP,CP,Français,22,27,10.32,0,74.79,65.99
2022,153,Paris,Gironde,Hors EP,CP,Mathématiques,29,27,10.32,0,60.6,52.16
2022,153,Paris,Gironde,Hors EP,CE1,Français,23,27,10.32,0,74.59,67.0
2022,153,Paris,Gironde,Hors EP,CE1,Mathématiques,22,27,10.32,0,73.04,67.72
2022,153,Paris,Gironde,Hors EP,CM1,Français,26,27,10.32,0,80.78,62.4
2022,153,Paris,Gironde,Hors EP,CM1,Mathématiques,26,27,10.32,0,77.57,66.93
2022,153,Paris,Gironde,Hors EP,CM2,Français,26,27,10.32,0,84.05,69.87
2022,153,Paris,Gironde,Hors EP,CM2,Mathématiques,23,27,10.32,0,89.52,69.74
2022,153,Paris,Gironde,Hors EP,6e,Français,26,27,10.32,0,98.6,87.55
2022,153,Paris,Gironde,Hors EP,6e,Mathématiques,27,27,10.32,0,87.66,73.97
2022,154,Lyon,Hérault,REP,CP,Français,21,20,4.68,0,65.75,58.92
2022,154,Lyon,Hérault,REP,CP,Mathématiques,19,20,4.68,0,50.52,60.63
2022,154,Lyon,Hérault,REP,CE1,Français,18,20,4.68,1,78.89,66.58
2022,154,Lyon,Hérault,REP,CE1,Mathématiques,18,20,4.68,1,71.89,57.66
2022,154,Lyon,Hérault,REP,CM1,Français,13,20,4.68,1,87.18,77.01
2022,154,Lyon,Hérault,REP,CM1,Mathématiques,17,20,4.68,1,80.99,74.2
2022,154,Lyon,Hérault,REP,CM2,Français,17,20,4.68,1,88.81,80.43
2022,154,Lyon,Hérault,REP,CM2,Mathématiques,15,20,4.68,1,86.36,75.55
2022,154,Lyon,Hérault,REP,6e,Français,24,20,4.68,0,80.07,67.39
2022,154,Lyon,Hérault,REP,6e,Mathématiques,18,20,4.68,1,98.07,79.91
2022,155,Lille,Loire,Hors EP,CP,Français,23,24,13.57,0,71.7,61.6
2022,155,Lille,Loire,Hors EP,CP,Mathématiques,19,24,13.57,0,74.58,66.12
2022,155,Lille,Loire,Hors EP,CE1,Français,21,24,13.57,0,71.07,64.36
2022,155,Lille,Loire,Hors EP,CE1,Mathématiques,24,24,13.57,0,75.4,61.33
2022,155,Lille,Loire,Hors EP,CM1,Français,24,24,13.57,0,81.82,74.96
2022,155,Lille,Loire,Hors EP,CM1,Mathématiques,21,24,13.57,0,87.5,82.05
2022,155,Lille,Loire,Hors EP,CM2,Français,23,24,13.57,0,90.34,80.35
2022,155,Lille,Loire,Hors EP,CM2,Mathématiques,20,24,13.57,0,86.04,74.43
2022,155,Lille,Loire,Hors EP,6e,Français,28,24,13.57,0,83.65,80.07
2022,155,Lille,Loire,Hors EP,6e,Mathématiques,23,24,13.57,0,90.37,82.54
2022,156,Bordeaux,Maine-et-Loire,Hors EP,CP,Français,24,24,-11.04,0,63.59,55.66
2022,156,Bordeaux,Maine-et-Loire,Hors EP,CP,Mathématiques,26,24,-11.04,0,65.83,68.4
2022,156,Bordeaux,Maine-et-Loire,Hors EP,CE1,Français,30,24,-11.04,0,67.66,57.61
2022,156,Bordeaux,Maine-et-Loire,Hors EP,CE1,Mathématiques,28,24,-11.04,0,72.76,66.69
2022,156,Bordeaux,Maine-et-Loire,Hors EP,CM1,Français,27,24,-11.04,0,79.45,64.08
2022,156,Bordeaux,Maine-et-Loire,Hors EP,CM1,Mathématiques,22,24,-11.04,0,78.25,67.2
2022,156,Bordeaux,Maine-et-Loire,Hors EP,CM2,Français,26,24,-11.04,0,82.28,62.44
2022,156,Bordeaux,Maine-et-Loire,Hors EP,CM2,Mathématiques,20,24,-11.04,0,88.59,71.93
2022,156,Bordeaux,Maine-et-Loire,Hors EP,6e,Français,24,24,-11.04,0,87.16,69.71
2022,156,Bordeaux,Maine-et-Loire,Hors EP,6e,Mathématiques,23,24,-11.04,0,92.16,76.48
2022,157,Nantes,Moselle,REP,CP,Français,22,24,9.62,0,66.09,64.06
2022,157,Nantes,Moselle,REP,CP,Mathématiques,24,24,9.62,0,50.93,50.95
2022,157,Nantes,Moselle,REP,CE1,Français,17,24,9.62,1,82.86,68.23
2022,157,Nantes,Moselle,REP,CE1,Mathématiques,21,24,9.62,0,55.7,52.7
2022,157,Nantes,Moselle,REP,CM1,Français,21,24,9.62,0,79.06,73.05
2022,157,Nantes,Moselle,REP,CM1,Mathématiques,21,24,9.62,0,60.36,44.62
2022,157,Nantes,Moselle,REP,CM2,Français,19,24,9.62,0,71.66,65.47
2022,157,Nantes,Moselle,REP,CM2,Mathématiques,22,24,9.62,0,72.03,59.24
2022,157,Nantes,Moselle,REP,6e,Français,22,24,9.62,0,73.56,64.58
2022,157,Nantes,Moselle,REP,6e,Mathématiques,24,24,9.62,0,73.51,67.21
2022,158,Paris,Nord,Hors EP,CP,Français,17,20,12.56,0,87.56,67.32
2022,158,Paris,Nord,Hors EP,CP,Mathématiques,16,20,12.56,0,75.54,68.69
2022,158,Paris,Nord,Hors EP,CE1,Français,17,20,12.56,0,77.14,70.56
2022,158,Paris,Nord,Hors EP,CE1,Mathématiques,18,20,12.56,0,77.36,70.1
2022,158,Paris,Nord,Hors EP,CM1,Français,18,20,12.56,0,87.28,73.47
2022,158,Paris,Nord,Hors EP,CM1,Mathématiques,16,20,12.56,0,80.76,67.29
2022,158,Paris,Nord,Hors EP,CM2,Français,18,20,12.56,0,84.49,77.17
2022,158,Paris,Nord,Hors EP,CM2,Mathématiques,18,20,12.56,0,85.11,80.96
2022,158,Paris,Nord,Hors EP,6e,Français,18,20,12.56,0,91.9,85.35
2022,158,Paris,Nord,Hors EP,6e,Mathématiques,21,20,12.56,0,88.12,73.31
2022,159,Lyon,Paris,REP,CP,Français,16,15,10.14,1,72.76,69.19
2022,159,Lyon,Paris,REP,CP,Mathématiques,12,15,10.14,1,77.8,64.04
2022,159,Lyon,Paris,REP,CE1,Français,12,15,10.14,1,74.03,62.1
2022,159,Lyon,Paris,REP,CE1,Mathématiques,14,15,10.14,1,72.58,65.0
2022,159,Lyon,Paris,REP,CM1,Français,12,15,10.14,1,83.37,66.24
2022,159,Lyon,Paris,REP,CM1,Mathématiques,16,15,10.14,1,82.86,71.31
2022,159,Lyon,Paris,REP,CM2,Français,12,15,10.14,1,89.02,71.09
2022,159,Lyon,Paris,REP,CM2,Mathématiques,14,15,10.14,1,83.93,85.22
2022,159,Lyon,Paris,REP,6e,Français,12,15,10.14,1,80.61,66.63
2022,159,Lyon,Paris,REP,6e,Mathématiques,12,15,10.14,1,86.35,67.23
2022,160,Lille,Puy-de-Dôme,REP,CP,Français,20,16,-0.58,0,60.71,60.93
2022,160,Lille,Puy-de-Dôme,REP,CP,Mathématiques,16,16,-0.58,1,75.51,68.7
2022,160,Lille,Puy-de-Dôme,REP,CE1,Français,15,16,-0.58,1,78.12,68.25
2022,160,Lille,Puy-de-Dôme,REP,CE1,Mathématiques,16,16,-0.58,1,72.76,68.23
2022,160,Lille,Puy-de-Dôme,REP,CM1,Français,12,16,-0.58,1,79.75,72.64
2022,160,Lille,Puy-de-Dôme,REP,CM1,Mathématiques,18,16,-0.58,1,73.26,52.98
2022,160,Lille,Puy-de-Dôme,REP,CM2,Français,21,16,-0.58,0,73.79,72.75
2022,160,Lille,Puy-de-Dôme,REP,CM2,Mathématiques,19,16,-0.58,0,69.86,50.0
2022,160,Lille,Puy-de-Dôme,REP,6e,Français,16,16,-0.58,1,91.16,79.24
2022,160,Lille,Puy-de-Dôme,REP,6e,Mathématiques,14,16,-0.58,1,89.13,76.5
2022,161,Bordeaux,Saône-et-Loire,REP+,CP,Français,18,16,3.46,1,60.13,40.53
2022,161,Bordeaux,Saône-et-Loire,REP+,CP,Mathématiques,15,16,3.46,1,59.78,49.86
2022,161,Bordeaux,Saône-et-Loire,REP+,CE1,Français,12,16,3.46,1,65.23,58.78
2022,161,Bordeaux,Saône-et-Loire,REP+,CE1,Mathématiques,16,16,3.46,1,54.53,43.31
2022,161,Bordeaux,Saône-et-Loire,REP+,CM1,Français,19,16,3.46,0,63.06,57.87
2022,161,Bordeaux,Saône-et-Loire,REP+,CM1,Mathématiques,13,16,3.46,1,70.8,61.26
2022,161,Bordeaux,Saône-et-Loire,REP+,CM2,Français,14,16,3.46,1,72.24,59.78
2022,161,Bordeaux,Saône-et-Loire,REP+,CM2,Mathématiques,21,16,3.46,0,62.54,61.48
2022,161,Bordeaux,Saône-et-Loire,REP+,6e,Français,16,16,3.46,1,82.41,67.86
2022,161,Bordeaux,Saône-et-Loire,REP+,6e,Mathématiques,19,16,3.46,0,72.59,60.42
2022,162,Nantes,Ain,Hors EP,CP,Français,28,29,3.73,0,64.47,59.61
2022,162,Nantes,Ain,Hors EP,CP,Mathématiques,28,29,3.73,0,59.31,59.54
2022,162,Nantes,Ain,Hors EP,CE1,Français,28,29,3.73,0,71.16,63.91
2022,162,Nantes,Ain,Hors EP,CE1,Mathématiques,29,29,3.73,0,78.37,71.34
2022,162,Nantes,Ain,Hors EP,CM1,Français,29,29,3.73,0,77.82,77.42
2022,162,Nantes,Ain,Hors EP,CM1,Mathématiques,23,29,3.73,0,71.53,64.4
2022,162,Nantes,Ain,Hors EP,CM2,Français,29,29,3.73,0,70.36,62.83
2022,162,Nantes,Ain,Hors EP,CM2,Mathématiques,27,29,3.73,0,84.1,74.33
2022,162,Nantes,Ain,Hors EP,6e,Français,22,29,3.73,0,88.39,71.07
2022,162,Nantes,Ain,Hors EP,6e,Mathématiques,29,29,3.73,0,85.63,70.13
2022,163,Paris,Bas-Rhin,Hors EP,CP,Français,23,25,6.89,0,78.92,73.75
2022,163,Paris,Bas-Rhin,Hors EP,CP,Mathématiques,21,25,6.89,0,70.69,69.51
2022,163,Paris,Bas-Rhin,Hors EP,CE1,Français,21,25,6.89,0,75.16,75.94
2022,163,Paris,Bas-Rhin,Hors EP,CE1,Mathématiques,19,25,6.89,0,69.52,67.24
2022,163,Paris,Bas-Rhin,Hors EP,CM1,Français,19,25,6.89,0,88.29,84.12
2022,163,Paris,Bas-Rhin,Hors EP,CM1,Mathématiques,18,25,6.89,0,84.04,79.57
2022,163,Paris,Bas-Rhin,Hors EP,CM2,Français,23,25,6.89,0,86.92,86.05
2022,163,Paris,Bas-Rhin,Hors EP,CM2,Mathématiques,21,25,6.89,0,88.31,83.3
2022,163,Paris,Bas-Rhin,Hors EP,6e,Français,23,25,6.89,0,98.67,77.6
2022,163,Paris,Bas-Rhin,Hors EP,6e,Mathématiques,24,25,6.89,0,89.59,72.19
2022,164,Lyon,Bouches-du-Rhône,REP,CP,Français,19,21,4.58,0,57.5,53.86
2022,164,Lyon,Bouches-du-Rhône,REP,CP,Mathématiques,18,21,4.58,1,65.73,58.48
2022,164,Lyon,Bouches-du-Rhône,REP,CE1,Français,20,21,4.58,0,68.42,57.84
2022,164,Lyon,Bouches-du-Rhône,REP,CE1,Mathématiques,15,21,4.58,1,65.36,59.36
2022,164,Lyon,Bouches-du-Rhône,REP,CM1,Français,20,21,4.58,0,65.58,69.39
2022,164,Lyon,Bouches-du-Rhône,REP,CM1,Mathématiques,23,21,4.58,0,65.19,60.49
2022,164,Lyon,Bouches-du-Rhône,REP,CM2,Français,20,21,4.58,0,70.51,68.1
2022,164,Lyon,Bouches-du-Rhône,REP,CM2,Mathématiques,23,21,4.58,0,61.55,57.99
2022,164,Lyon,Bouches-du-Rhône,REP,6e,Français,22,21,4.58,0,77.9,78.46
2022,164,Lyon,Bouches-du-Rhône,REP,6e,Mathématiques,26,21,4.58,0,71.05,62.2
2022,165,Lille,Gironde,Hors EP,CP,Français,27,26,6.08,0,76.01,70.63
2022,165,Lille,Gironde,Hors EP,CP,Mathématiques,16,26,6.08,0,65.74,65.02
2022,165,Lille,Gironde,Hors EP,CE1,Français,26,26,6.08,0,76.42,65.44
2022,165,Lille,Gironde,Hors EP,CE1,Mathématiques,25,26,6.08,0,75.22,71.84
2022,165,Lille,Gironde,Hors EP,CM1,Français,17,26,6.08,0,88.67,84.17
2022,165,Lille,Gironde,Hors EP,CM1,Mathématiques,23,26,6.08,0,83.9,72.23
2022,165,Lille,Gironde,Hors EP,CM2,Français,22,26,6.08,0,94.84,76.14
2022,165,Lille,Gironde,Hors EP,CM2,Mathématiques,20,26,6.08,0,85.18,73.04
2022,165,Lille,Gironde,Hors EP,6e,Français,18,26,6.08,0,100.0,82.18
2022,165,Lille,Gironde,Hors EP,6e,Mathématiques,24,26,6.08,0,79.19,73.14
2022,166,Bordeaux,Hérault,Hors EP,CP,Français,28,23,10.38,0,71.0,66.27
2022,166,Bordeaux,Hérault,Hors EP,CP,Mathématiques,29,23,10.38,0,68.17,57.36
2022,166,Bordeaux,Hérault,Hors EP,CE1,Français,28,23,10.38,0,72.09,64.19
2022,166,Bordeaux,Hérault,Hors EP,CE1,Mathématiques,25,23,10.38,0,76.71,75.9
2022,166,Bordeaux,Hérault,Hors EP,CM1,Français,25,23,10.38,0,89.14,76.44
2022,166,Bordeaux,Hérault,Hors EP,CM1,Mathématiques,29,23,10.38,0,75.64,63.97
2022,166,Bordeaux,Hérault,Hors EP,CM2,Français,30,23,10.38,0,79.2,65.58
2022,166,Bordeaux,Hérault,Hors EP,CM2,Mathématiques,22,23,10.38,0,91.75,84.91
2022,166,Bordeaux,Hérault,Hors EP,6e,Français,26,23,10.38,0,86.02,73.46
2022,166,Bordeaux,Hérault,Hors EP,6e,Mathématiques,24,23,10.38,0,84.61,70.09
2022,167,Nantes,Loire,REP,CP,Français,22,16,-21.32,0,54.48,56.4
2022,167,Nantes,Loire,REP,CP,Mathématiques,18,16,-21.32,1,67.65,55.34
2022,167,Nantes,Loire,REP,CE1,Français,16,16,-21.32,1,69.52,62.4
2022,167,Nantes,Loire,REP,CE1,Mathématiques,21,16,-21.32,0,60.09,51.36
2022,167,Nantes,Loire,REP,CM1,Français,18,16,-21.32,1,78.48,66.61
2022,167,Nantes,Loire,REP,CM1,Mathématiques,18,16,-21.32,1,79.28,65.31
2022,167,Nantes,Loire,REP,CM2,Français,17,16,-21.32,1,88.26,77.36
2022,167,Nantes,Loire,REP,CM2,Mathématiques,21,16,-21.32,0,75.6,59.61
2022,167,Nantes,Loire,REP,6e,Français,19,16,-21.32,0,76.66,61.13
2022,167,Nantes,Loire,REP,6e,Mathématiques,16,16,-21.32,1,84.49,70.98
2022,168,Paris,Maine-et-Loire,REP,CP,Français,23,21,-20.7,0,55.33,50.44
2022,168,Paris,Maine-et-Loire,REP,CP,Mathématiques,15,21,-20.7,1,69.35,54.95
2022,168,Paris,Maine-et-Loire,REP,CE1,Français,22,21,-20.7,0,68.15,54.93
2022,168,Paris,Maine-et-Loire,REP,CE1,Mathématiques,23,21,-20.7,0,56.53,42.97
2022,168,Paris,Maine-et-Loire,REP,CM1,Français,17,21,-20.7,1,79.72,71.21
2022,168,Paris,Maine-et-Loire,REP,CM1,Mathématiques,16,21,-20.7,1,76.06,70.84
2022,168,Paris,Maine-et-Loire,REP,CM2,Français,22,21,-20.7,0,69.46,64.42
2022,168,Paris,Maine-et-Loire,REP,CM2,Mathématiques,23,21,-20.7,0,71.25,67.91
2022,168,Paris,Maine-et-Loire,REP,6e,Français,20,21,-20.7,0,77.69,69.19
2022,168,Paris,Maine-et-Loire,REP,6e,Mathématiques,18,21,-20.7,1,90.92,69.17
2022,169,Lyon,Moselle,Hors EP,CP,Français,28,26,7.89,0,68.7,58.12
2022,169,Lyon,Moselle,Hors EP,CP,Mathématiques,24,26,7.89,0,67.51,63.51
2022,169,Lyon,Moselle,Hors EP,CE1,Français,21,26,7.89,0,77.86,76.06
2022,169,Lyon,Moselle,Hors EP,CE1,Mathématiques,24,26,7.89,0,68.21,59.68
2022,169,Lyon,Moselle,Hors EP,CM1,Français,18,26,7.89,0,87.08,82.45
2022,169,Lyon,Moselle,Hors EP,CM1,Mathématiques,21,26,7.89,0,75.09,62.8
2022,169,Lyon,Moselle,Hors EP,CM2,Français,26,26,7.89,0,92.82,80.36
2022,169,Lyon,Moselle,Hors EP,CM2,Mathématiques,21,26,7.89,0,86.55,82.8
2022,169,Lyon,Moselle,Hors EP,6e,Français,23,26,7.89,0,93.48,79.77
2022,169,Lyon,Moselle,Hors EP,6e,Mathématiques,20,26,7.89,0,97.04,85.25
2022,170,Lille,Nord,REP+,CP,Français,12,13,8.98,1,66.28,59.16
2022,170,Lille,Nord,REP+,CP,Mathématiques,13,13,8.98,1,63.71,59.68
2022,170,Lille,Nord,REP+,CE1,Français,13,13,8.98,1,69.95,63.65
2022,170,Lille,Nord,REP+,CE1,Mathématiques,12,13,8.98,1,63.54,67.61
2022,170,Lille,Nord,REP+,CM1,Français,12,13,8.98,1,80.63,66.4
2022,170,Lille,Nord,REP+,CM1,Mathématiques,15,13,8.98,1,79.5,67.38
2022,170,Lille,Nord,REP+,CM2,Français,12,13,8.98,1,77.55,67.63
2022,170,Lille,Nord,REP+,CM2,Mathématiques,14,13,8.98,1,76.3,64.78
2022,170,Lille,Nord,REP+,6e,Français,18,13,8.98,1,83.58,68.73
2022,170,Lille,Nord,REP+,6e,Mathématiques,15,13,8.98,1,85.29,80.06
2022,171,Bordeaux,Paris,REP,CP,Français,19,21,-22.83,0,59.7,49.69
2022,171,Bordeaux,Paris,REP,CP,Mathématiques,17,21,-22.83,1,65.96,63.73
2022,171,Bordeaux,Paris,REP,CE1,Français,20,21,-22.83,0,65.9,62.89
2022,171,Bordeaux,Paris,REP,CE1,Mathématiques,24,21,-22.83,0,65.04,72.3
2022,171,Bordeaux,Paris,REP,CM1,Français,23,21,-22.83,0,63.09,58.21
2022,171,Bordeaux,Paris,REP,CM1,Mathématiques,25,21,-22.83,0,56.34,60.55
2022,171,Bordeaux,Paris,REP,CM2,Français,21,21,-22.83,0,72.98,60.59
2022,171,Bordeaux,Paris,REP,CM2,Mathématiques,18,21,-22.83,1,79.41,75.51
2022,171,Bordeaux,Paris,REP,6e,Français,19,21,-22.83,0,86.02,70.63
2022,171,Bordeaux,Paris,REP,6e,Mathématiques,18,21,-22.83,1,86.8,77.42
2022,172,Nantes,Puy-de-Dôme,Hors EP,CP,Français,23,28,1.14,0,66.94,66.89
2022,172,Nantes,Puy-de-Dôme,Hors EP,CP,Mathématiques,23,28,1.14,0,67.56,66.2
2022,172,Nantes,Puy-de-Dôme,Hors EP,CE1,Français,29,28,1.14,0,71.77,63.12
2022,172,Nantes,Puy-de-Dôme,Hors EP,CE1,Mathématiques,24,28,1.14,0,70.09,60.88
2022,172,Nantes,Puy-de-Dôme,Hors EP,CM1,Français,23,28,1.14,0,86.13,73.13
2022,172,Nantes,Puy-de-Dôme,Hors EP,CM1,Mathématiques,27,28,1.14,0,74.91,64.11
2022,172,Nantes,Puy-de-Dôme,Hors EP,CM2,Français,27,28,1.14,0,83.53,71.17
2022,172,Nantes,Puy-de-Dôme,Hors EP,CM2,Mathématiques,24,28,1.14,0,89.74,77.55
2022,172,Nantes,Puy-de-Dôme,Hors EP,6e,Français,27,28,1.14,0,87.38,79.87
2022,172,Nantes,Puy-de-Dôme,Hors EP,6e,Mathématiques,25,28,1.14,0,91.21,81.85
2022,173,Paris,Saône-et-Loire,Hors EP,CP,Français,27,26,13.4,0,70.38,70.56
2022,173,Paris,Saône-et-Loire,Hors EP,CP,Mathématiques,22,26,13.4,0,64.68,57.6
2022,173,Paris,Saône-et-Loire,Hors EP,CE1,Français,27,26,13.4,0,69.02,54.58
2022,173,Paris,Saône-et-Loire,Hors EP,CE1,Mathématiques,20,26,13.4,0,80.52,62.52
2022,173,Paris,Saône-et-Loire,Hors EP,CM1,Français,25,26,13.4,0,80.23,65.7
2022,173,Paris,Saône-et-Loire,Hors EP,CM1,Mathématiques,22,26,13.4,0,82.34,67.22
2022,173,Paris,Saône-et-Loire,Hors EP,CM2,Français,24,26,13.4,0,89.41,78.86
2022,173,Paris,Saône-et-Loire,Hors EP,CM2,Mathématiques,26,26,13.4,0,83.55,66.56
2022,173,Paris,Saône-et-Loire,Hors EP,6e,Français,25,26,13.4,0,94.66,78.46
2022,173,Paris,Saône-et-Loire,Hors EP,6e,Mathématiques,23,26,13.4,0,100.0,76.53
2022,174,Lyon,Ain,Hors EP,CP,Français,26,30,-2.02,0,68.96,66.39
2022,174,Lyon,Ain,Hors EP,CP,Mathématiques,27,30,-2.02,0,79.06,66.49
2022,174,Lyon,Ain,Hors EP,CE1,Français,30,30,-2.02,0,71.8,64.37
2022,174,Lyon,Ain,Hors EP,CE1,Mathématiques,31,30,-2.02,0,58.26,56.74
2022,174,Lyon,Ain,Hors EP,CM1,Français,25,30,-2.02,0,77.9,65.55
2022,174,Lyon,Ain,Hors EP,CM1,Mathématiques,25,30,-2.02,0,69.42,64.15
2022,174,Lyon,Ain,Hors EP,CM2,Français,27,30,-2.02,0,81.7,74.36
2022,174,Lyon,Ain,Hors EP,CM2,Mathématiques,28,30,-2.02,0,77.96,83.27
2022,174,Lyon,Ain,Hors EP,6e,Français,30,30,-2.02,0,96.36,78.45
2022,174,Lyon,Ain,Hors EP,6e,Mathématiques,28,30,-2.02,0,78.59,66.79
2022,175,Lille,Bas-Rhin,REP,CP,Français,25,28,-2.81,0,58.16,50.05
2022,175,Lille,Bas-Rhin,REP,CP,Mathématiques,31,28,-2.81,0,39.32,41.13
2022,175,Lille,Bas-Rhin,REP,CE1,Français,24,28,-2.81,0,58.46,53.31
2022,175,Lille,Bas-Rhin,REP,CE1,Mathématiques,28,28,-2.81,0,51.81,55.09
2022,175,Lille,Bas-Rhin,REP,CM1,Français,34,28,-2.81,0,59.19,50.95
2022,175,Lille,Bas-Rhin,REP,CM1,Mathématiques,29,28,-2.81,0,57.57,58.59
2022,175,Lille,Bas-Rhin,REP,CM2,Français,30,28,-2.81,0,59.16,60.72
2022,175,Lille,Bas-Rhin,REP,CM2,Mathématiques,31,28,-2.81,0,69.09,59.4
2022,175,Lille,Bas-Rhin,REP,6e,Français,30,28,-2.81,0,65.93,59.58
2022,175,Lille,Bas-Rhin,REP,6e,Mathématiques,30,28,-2.81,0,65.4,61.18
2022,176,Bordeaux,Bouches-du-Rhône,Hors EP,CP,Français,23,26,-2.81,0,64.96,61.77
2022,176,Bordeaux,Bouches-du-Rhône,Hors EP,CP,Mathématiques,22,26,-2.81,0,73.77,58.61
2022,176,Bordeaux,Bouches-du-Rhône,Hors EP,CE1,Français,24,26,-2.81,0,64.84,62.17
2022,176,Bordeaux,Bouches-du-Rhône,Hors EP,CE1,Mathématiques,23,26,-2.81,0,74.36,62.56
2022,176,Bordeaux,Bouches-du-Rhône,Hors EP,CM1,Français,21,26,-2.81,0,81.41,71.32
2022,176,Bordeaux,Bouches-du-Rhône,Hors EP,CM1,Mathématiques,24,26,-2.81,0,79.03,64.06
2022,176,Bordeaux,Bouches-du-Rhône,Hors EP,CM2,Français,28,26,-2.81,0,83.56,68.71
2022,176,Bordeaux,Bouches-du-Rhône,Hors EP,CM2,Mathématiques,24,26,-2.81,0,83.81,71.12
2022,176,Bordeaux,Bouches-du-Rhône,Hors EP,6e,Français,22,26,-2.81,0,96.89,89.53
2022,176,Bordeaux,Bouches-du-Rhône,Hors EP,6e,Mathématiques,18,26,-2.81,0,98.6,82.15
2022,177,Nantes,Gironde,Hors EP,CP,Français,31,29,9.78,0,62.77,50.72
2022,177,Nantes,Gironde,Hors EP,CP,Mathématiques,32,29,9.78,0,54.07,53.86
2022,177,Nantes,Gironde,Hors EP,CE1,Français,31,29,9.78,0,71.66,66.55
2022,177,Nantes,Gironde,Hors EP,CE1,Mathématiques,27,29,9.78,0,72.56,60.8
2022,177,Nantes,Gironde,Hors EP,CM1,Français,27,29,9.78,0,79.63,61.45
2022,177,Nantes,Gironde,Hors EP,CM1,Mathématiques,29,29,9.78,0,63.51,60.0
2022,177,Nantes,Gironde,Hors EP,CM2,Français,29,29,9.78,0,79.1,62.62
2022,177,Nantes,Gironde,Hors EP,CM2,Mathématiques,27,29,9.78,0,84.35,74.09
2022,177,Nantes,Gironde,Hors EP,6e,Français,25,29,9.78,0,91.75,78.7
2022,177,Nantes,Gironde,Hors EP,6e,Mathématiques,29,29,9.78,0,80.23,70.34
2022,178,Paris,Hérault,Hors EP,CP,Français,26,25,19.71,0,67.78,56.89
2022,178,Paris,Hérault,Hors EP,CP,Mathématiques,26,25,19.71,0,62.1,55.67
2022,178,Paris,Hérault,Hors EP,CE1,Français,27,25,19.71,0,79.94,61.64
2022,178,Paris,Hérault,Hors EP,CE1,Mathématiques,26,25,19.71,0,72.26,64.32
2022,178,Paris,Hérault,Hors EP,CM1,Français,26,25,19.71,0,81.42,77.33
2022,178,Paris,Hérault,Hors EP,CM1,Mathématiques,29,25,19.71,0,85.51,73.09
2022,178,Paris,Hérault,Hors EP,CM2,Français,25,25,19.71,0,83.11,68.92
2022,178,Paris,Hérault,Hors EP,CM2,Mathématiques,28,25,19.71,0,85.67,76.64
2022,178,Paris,Hérault,Hors EP,6e,Français,24,25,19.71,0,90.4,86.25
2022,178,Paris,Hérault,Hors EP,6e,Mathématiques,24,25,19.71,0,96.74,82.81
2022,179,Lyon,Loire,Hors EP,CP,Français,18,20,5.01,0,84.0,71.08
2022,179,Lyon,Loire,Hors EP,CP,Mathématiques,22,20,5.01,0,73.19,72.88
2022,179,Lyon,Loire,Hors EP,CE1,Français,19,20,5.01,0,80.58,62.79
2022,179,Lyon,Loire,Hors EP,CE1,Mathématiques,20,20,5.01,0,81.33,71.4
2022,179,Lyon,Loire,Hors EP,CM1,Français,26,20,5.01,0,82.14,68.15
2022,179,Lyon,Loire,Hors EP,CM1,Mathématiques,21,20,5.01,0,74.72,61.81
2022,179,Lyon,Loire,Hors EP,CM2,Français,17,20,5.01,0,92.07,77.31
2022,179,Lyon,Loire,Hors EP,CM2,Mathématiques,23,20,5.01,0,84.06,67.15
2022,179,Lyon,Loire,Hors EP,6e,Français,24,20,5.01,0,78.35,68.47
2022,179,Lyon,Loire,Hors EP,6e,Mathématiques,21,20,5.01,0,91.26,79.55
2022,180,Lille,Maine-et-Loire,Hors EP,CP,Français,25,23,-17.51,0,63.38,54.46
2022,180,Lille,Maine-et-Loire,Hors EP,CP,Mathématiques,28,23,-17.51,0,69.31,67.84
2022,180,Lille,Maine-et-Loire,Hors EP,CE1,Français,27,23,-17.51,0,70.47,68.0
2022,180,Lille,Maine-et-Loire,Hors EP,CE1,Mathématiques,26,23,-17.51,0,76.86,62.68
2022,180,Lille,Maine-et-Loire,Hors EP,CM1,Français,27,23,-17.51,0,70.51,66.34
2022,180,Lille,Maine-et-Loire,Hors EP,CM1,Mathématiques,21,23,-17.51,0,73.14,58.32
2022,180,Lille,Maine-et-Loire,Hors EP,CM2,Français,26,23,-17.51,0,83.69,84.16
2022,180,Lille,Maine-et-Loire,Hors EP,CM2,Mathématiques,25,23,-17.51,0,83.48,72.57
2022,180,Lille,Maine-et-Loire,Hors EP,6e,Français,27,23,-17.51,0,86.85,79.55
2022,180,Lille,Maine-et-Loire,Hors EP,6e,Mathématiques,22,23,-17.51,0,76.69,69.23
2023,1,Nantes,Nord,Hors EP,CP,Français,34,29,-12.46,0,61.52,55.78
2023,1,Nantes,Nord,Hors EP,CP,Mathématiques,30,29,-12.46,0,65.87,65.49
2023,1,Nantes,Nord,Hors EP,CE1,Français,25,29,-12.46,0,76.12,65.29
2023,1,Nantes,Nord,Hors EP,CE1,Mathématiques,26,29,-12.46,0,70.02,53.56
2023,1,Nantes,Nord,Hors EP,CM1,Français,30,29,-12.46,0,73.9,62.86
2023,1,Nantes,Nord,Hors EP,CM1,Mathématiques,28,29,-12.46,0,73.25,70.51
2023,1,Nantes,Nord,Hors EP,CM2,Français,25,29,-12.46,0,82.99,70.35
2023,1,Nantes,Nord,Hors EP,CM2,Mathématiques,25,29,-12.46,0,82.42,67.43
2023,1,Nantes,Nord,Hors EP,6e,Français,24,29,-12.46,0,92.97,85.96
2023,1,Nantes,Nord,Hors EP,6e,Mathématiques,28,29,-12.46,0,83.54,71.18
2023,2,Paris,Paris,REP,CP,Français,27,23,-26.14,0,56.56,56.47
2023,2,Paris,Paris,REP,CP,Mathématiques,17,23,-26.14,1,66.35,64.58
2023,2,Paris,Paris,REP,CE1,Français,25,23,-26.14,0,58.99,59.59
2023,2,Paris,Paris,REP,CE1,Mathématiques,24,23,-26.14,0,61.38,57.55
2023,2,Paris,Paris,REP,CM1,Français,24,23,-26.14,0,68.98,59.91
2023,2,Paris,Paris,REP,CM1,Mathématiques,21,23,-26.14,0,64.68,61.93
2023,2,Paris,Paris,REP,CM2,Français,26,23,-26.14,0,72.35,63.86
2023,2,Paris,Paris,REP,CM2,Mathématiques,24,23,-26.14,0,64.3,59.97
2023,2,Paris,Paris,REP,6e,Français,20,23,-26.14,0,78.67,82.74
2023,2,Paris,Paris,REP,6e,Mathématiques,20,23,-26.14,0,76.27,68.75
2023,3,Lyon,Puy-de-Dôme,Hors EP,CP,Français,17,24,-6.41,0,81.01,73.41
2023,3,Lyon,Puy-de-Dôme,Hors EP,CP,Mathématiques,19,24,-6.41,0,70.38,59.96
2023,3,Lyon,Puy-de-Dôme,Hors EP,CE1,Français,17,24,-6.41,0,84.16,76.23
2023,3,Lyon,Puy-de-Dôme,Hors EP,CE1,Mathématiques,20,24,-6.41,0,75.8,67.12
2023,3,Lyon,Puy-de-Dôme,Hors EP,CM1,Français,22,24,-6.41,0,77.07,69.85
2023,3,Lyon,Puy-de-Dôme,Hors EP,CM1,Mathématiques,18,24,-6.41,0,86.8,68.7
2023,3,Lyon,Puy-de-Dôme,Hors EP,CM2,Français,18,24,-6.41,0,91.6,77.04
2023,3,Lyon,Puy-de-Dôme,Hors EP,CM2,Mathématiques,21,24,-6.41,0,82.01,71.78
2023,3,Lyon,Puy-de-Dôme,Hors EP,6e,Français,22,24,-6.41,0,98.38,82.82
2023,3,Lyon,Puy-de-Dôme,Hors EP,6e,Mathématiques,20,24,-6.41,0,85.87,65.74
2023,4,Lille,Saône-et-Loire,Hors EP,CP,Français,26,26,3.06,0,73.9,69.58
2023,4,Lille,Saône-et-Loire,Hors EP,CP,Mathématiques,20,26,3.06,0,77.71,69.11
2023,4,Lille,Saône-et-Loire,Hors EP,CE1,Français,25,26,3.06,0,73.3,65.0
2023,4,Lille,Saône-et-Loire,Hors EP,CE1,Mathématiques,25,26,3.06,0,68.35,57.94
2023,4,Lille,Saône-et-Loire,Hors EP,CM1,Français,23,26,3.06,0,89.43,76.09
2023,4,Lille,Saône-et-Loire,Hors EP,CM1,Mathématiques,32,26,3.06,0,73.94,68.22
2023,4,Lille,Saône-et-Loire,Hors EP,CM2,Français,23,26,3.06,0,87.39,74.79
2023,4,Lille,Saône-et-Loire,Hors EP,CM2,Mathématiques,24,26,3.06,0,82.38,73.12
2023,4,Lille,Saône-et-Loire,Hors EP,6e,Français,27,26,3.06,0,83.75,73.37
2023,4,Lille,Saône-et-Loire,Hors EP,6e,Mathématiques,27,26,3.06,0,84.11,68.74
2023,5,Bordeaux,Ain,Hors EP,CP,Français,12,15,19.61,0,83.56,74.54
2023,5,Bordeaux,Ain,Hors EP,CP,Mathématiques,12,15,19.61,0,79.2,73.86
2023,5,Bordeaux,Ain,Hors EP,CE1,Français,13,15,19.61,0,80.67,69.99
2023,5,Bordeaux,Ain,Hors EP,CE1,Mathématiques,18,15,19.61,0,78.42,68.11
2023,5,Bordeaux,Ain,Hors EP,CM1,Français,14,15,19.61,0,89.96,81.41
2023,5,Bordeaux,Ain,Hors EP,CM1,Mathématiques,16,15,19.61,0,85.25,72.8
2023,5,Bordeaux,Ain,Hors EP,CM2,Français,14,15,19.61,0,90.38,82.47
2023,5,Bordeaux,Ain,Hors EP,CM2,Mathématiques,20,15,19.61,0,81.99,73.67
2023,5,Bordeaux,Ain,Hors EP,6e,Français,18,15,19.61,0,94.4,76.83
2023,5,Bordeaux,Ain,Hors EP,6e,Mathématiques,15,15,19.61,0,100.0,91.26
2023,6,Nantes,Bas-Rhin,Hors EP,CP,Français,23,23,6.53,0,69.02,65.55
2023,6,Nantes,Bas-Rhin,Hors EP,CP,Mathématiques,18,23,6.53,0,78.09,67.91
2023,6,Nantes,Bas-Rhin,Hors EP,CE1,Français,25,23,6.53,0,78.0,66.47
2023,6,Nantes,Bas-Rhin,Hors EP,CE1,Mathématiques,20,23,6.53,0,77.03,61.61
2023,6,Nantes,Bas-Rhin,Hors EP,CM1,Français,25,23,6.53,0,89.18,74.76
2023,6,Nantes,Bas-Rhin,Hors EP,CM1,Mathématiques,22,23,6.53,0,90.91,83.01
2023,6,Nantes,Bas-Rhin,Hors EP,CM2,Français,19,23,6.53,0,91.99,68.96
2023,6,Nantes,Bas-Rhin,Hors EP,CM2,Mathématiques,22,23,6.53,0,92.28,84.0
2023,6,Nantes,Bas-Rhin,Hors EP,6e,Français,22,23,6.53,0,96.27,75.47
2023,6,Nantes,Bas-Rhin,Hors EP,6e,Mathématiques,21,23,6.53,0,89.74,78.65
2023,7,Paris,Bouches-du-Rhône,REP+,CP,Français,20,22,4.53,0,58.35,63.53
2023,7,Paris,Bouches-du-Rhône,REP+,CP,Mathématiques,19,22,4.53,0,54.49,59.61
2023,7,Paris,Bouches-du-Rhône,REP+,CE1,Français,21,22,4.53,0,48.33,44.29
2023,7,Paris,Bouches-du-Rhône,REP+,CE1,Mathématiques,21,22,4.53,0,52.54,57.93
2023,7,Paris,Bouches-du-Rhône,REP+,CM1,Français,24,22,4.53,0,57.99,49.27
2023,7,Paris,Bouches-du-Rhône,REP+,CM1,Mathématiques,18,22,4.53,1,70.16,70.39
2023,7,Paris,Bouches-du-Rhône,REP+,CM2,Français,16,22,4.53,1,83.38,78.64
2023,7,Paris,Bouches-du-Rhône,REP+,CM2,Mathématiques,21,22,4.53,0,67.31,59.96
2023,7,Paris,Bouches-du-Rhône,REP+,6e,Français,24,22,4.53,0,69.54,67.03
2023,7,Paris,Bouches-du-Rhône,REP+,6e,Mathématiques,19,22,4.53,0,63.86,57.07
2023,8,Lyon,Gironde,REP,CP,Français,22,21,7.51,0,59.42,53.84
2023,8,Lyon,Gironde,REP,CP,Mathématiques,17,21,7.51,1,71.55,70.54
2023,8,Lyon,Gironde,REP,CE1,Français,23,21,7.51,0,61.2,66.58
2023,8,Lyon,Gironde,REP,CE1,Mathématiques,19,21,7.51,0,59.93,48.94
2023,8,Lyon,Gironde,REP,CM1,Français,17,21,7.51,1,84.9,71.45
2023,8,Lyon,Gironde,REP,CM1,Mathématiques,18,21,7.51,1,76.59,61.65
2023,8,Lyon,Gironde,REP,CM2,Français,18,21,7.51,1,92.97,87.24
2023,8,Lyon,Gironde,REP,CM2,Mathématiques,25,21,7.51,0,73.19,62.31
2023,8,Lyon,Gironde,REP,6e,Français,18,21,7.51,1,96.8,79.59
2023,8,Lyon,Gironde,REP,6e,Mathématiques,21,21,7.51,0,87.39,75.51
2023,9,Lille,Hérault,Hors EP,CP,Français,19,22,3.76,0,80.66,77.5
2023,9,Lille,Hérault,Hors EP,CP,Mathématiques,27,22,3.76,0,68.7,52.22
2023,9,Lille,Hérault,Hors EP,CE1,Français,22,22,3.76,0,81.69,69.37
2023,9,Lille,Hérault,Hors EP,CE1,Mathématiques,22,22,3.76,0,73.18,64.09
2023,9,Lille,Hérault,Hors EP,CM1,Français,24,22,3.76,0,88.8,69.03
2023,9,Lille,Hérault,Hors EP,CM1,Mathématiques,20,22,3.76,0,76.0,75.87
2023,9,Lille,Hérault,Hors EP,CM2,Français,23,22,3.76,0,79.45,68.7
2023,9,Lille,Hérault,Hors EP,CM2,Mathématiques,20,22,3.76,0,84.75,77.81
2023,9,Lille,Hérault,Hors EP,6e,Français,24,22,3.76,0,93.76,75.55
2023,9,Lille,Hérault,Hors EP,6e,Mathématiques,19,22,3.76,0,94.25,76.8
2023,10,Bordeaux,Loire,Hors EP,CP,Français,26,30,-9.1,0,76.25,71.08
2023,10,Bordeaux,Loire,Hors EP,CP,Mathématiques,26,30,-9.1,0,68.02,60.75
2023,10,Bordeaux,Loire,Hors EP,CE1,Français,29,30,-9.1,0,72.46,70.67
2023,10,Bordeaux,Loire,Hors EP,CE1,Mathématiques,23,30,-9.1,0,69.28,63.48
2023,10,Bordeaux,Loire,Hors EP,CM1,Français,27,30,-9.1,0,89.11,66.56
2023,10,Bordeaux,Loire,Hors EP,CM1,Mathématiques,26,30,-9.1,0,75.86,67.77
2023,10,Bordeaux,Loire,Hors EP,CM2,Français,30,30,-9.1,0,84.55,64.47
2023,10,Bordeaux,Loire,Hors EP,CM2,Mathématiques,30,30,-9.1,0,84.38,73.7
2023,10,Bordeaux,Loire,Hors EP,6e,Français,22,30,-9.1,0,92.13,79.99
2023,10,Bordeaux,Loire,Hors EP,6e,Mathématiques,28,30,-9.1,0,76.44,63.13
2023,11,Nantes,Maine-et-Loire,Hors EP,CP,Français,30,30,13.78,0,72.69,65.15
2023,11,Nantes,Maine-et-Loire,Hors EP,CP,Mathématiques,30,30,13.78,0,59.86,59.31
2023,11,Nantes,Maine-et-Loire,Hors EP,CE1,Français,26,30,13.78,0,79.2,66.66
2023,11,Nantes,Maine-et-Loire,Hors EP,CE1,Mathématiques,30,30,13.78,0,65.07,56.73
2023,11,Nantes,Maine-et-Loire,Hors EP,CM1,Français,30,30,13.78,0,81.75,76.06
2023,11,Nantes,Maine-et-Loire,Hors EP,CM1,Mathématiques,26,30,13.78,0,72.2,59.22
2023,11,Nantes,Maine-et-Loire,Hors EP,CM2,Français,26,30,13.78,0,94.0,85.62
2023,11,Nantes,Maine-et-Loire,Hors EP,CM2,Mathématiques,27,30,13.78,0,90.75,83.11
2023,11,Nantes,Maine-et-Loire,Hors EP,6e,Français,25,30,13.78,0,88.22,66.69
2023,11,Nantes,Maine-et-Loire,Hors EP,6e,Mathématiques,29,30,13.78,0,86.33,73.78
2023,12,Paris,Moselle,REP,CP,Français,12,15,7.47,1,67.63,66.1
2023,12,Paris,Moselle,REP,CP,Mathématiques,13,15,7.47,1,70.33,56.23
2023,12,Paris,Moselle,REP,CE1,Français,18,15,7.47,1,68.32,59.94
2023,12,Paris,Moselle,REP,CE1,Mathématiques,18,15,7.47,1,77.14,65.14
2023,12,Paris,Moselle,REP,CM1,Français,14,15,7.47,1,82.35,64.55
2023,12,Paris,Moselle,REP,CM1,Mathématiques,16,15,7.47,1,80.02,67.33
2023,12,Paris,Moselle,REP,CM2,Français,19,15,7.47,0,73.68,56.58
2023,12,Paris,Moselle,REP,CM2,Mathématiques,15,15,7.47,1,85.95,72.92
2023,12,Paris,Moselle,REP,6e,Français,16,15,7.47,1,88.33,70.15
2023,12,Paris,Moselle,REP,6e,Mathématiques,15,15,7.47,1,87.84,80.22
2023,13,Lyon,Nord,REP,CP,Français,15,20,5.36,1,58.56,48.19
2023,13,Lyon,Nord,REP,CP,Mathématiques,19,20,5.36,0,64.25,50.39
2023,13,Lyon,Nord,REP,CE1,Français,20,20,5.36,0,69.14,68.99
2023,13,Lyon,Nord,REP,CE1,Mathématiques,20,20,5.36,0,69.43,64.65
2023,13,Lyon,Nord,REP,CM1,Français,19,20,5.36,0,71.72,67.87
2023,13,Lyon,Nord,REP,CM1,Mathématiques,15,20,5.36,1,79.52,71.77
2023,13,Lyon,Nord,REP,CM2,Français,22,20,5.36,0,73.39,69.74
2023,13,Lyon,Nord,REP,CM2,Mathématiques,18,20,5.36,1,89.58,71.91
2023,13,Lyon,Nord,REP,6e,Français,20,20,5.36,0,81.91,64.78
2023,13,Lyon,Nord,REP,6e,Mathématiques,18,20,5.36,1,96.09,75.25
2023,14,Lille,Paris,Hors EP,CP,Français,29,26,18.76,0,74.52,65.62
2023,14,Lille,Paris,Hors EP,CP,Mathématiques,29,26,18.76,0,72.91,61.91
2023,14,Lille,Paris,Hors EP,CE1,Français,29,26,18.76,0,69.75,61.44
2023,14,Lille,Paris,Hors EP,CE1,Mathématiques,21,26,18.76,0,78.71,67.05
2023,14,Lille,Paris,Hors EP,CM1,Français,24,26,18.76,0,83.61,68.95
2023,14,Lille,Paris,Hors EP,CM1,Mathématiques,25,26,18.76,0,86.23,68.33
2023,14,Lille,Paris,Hors EP,CM2,Français,27,26,18.76,0,87.62,76.45
2023,14,Lille,Paris,Hors EP,CM2,Mathématiques,25,26,18.76,0,82.22,73.14
2023,14,Lille,Paris,Hors EP,6e,Français,26,26,18.76,0,88.95,68.79
2023,14,Lille,Paris,Hors EP,6e,Mathématiques,25,26,18.76,0,93.85,83.84
2023,15,Bordeaux,Puy-de-Dôme,REP,CP,Français,18,23,-0.03,1,69.42,61.94
2023,15,Bordeaux,Puy-de-Dôme,REP,CP,Mathématiques,20,23,-0.03,0,59.11,48.32
2023,15,Bordeaux,Puy-de-Dôme,REP,CE1,Français,18,23,-0.03,1,79.99,65.22
2023,15,Bordeaux,Puy-de-Dôme,REP,CE1,Mathématiques,19,23,-0.03,0,64.02,53.88
2023,15,Bordeaux,Puy-de-Dôme,REP,CM1,Français,24,23,-0.03,0,62.44,57.47
2023,15,Bordeaux,Puy-de-Dôme,REP,CM1,Mathématiques,19,23,-0.03,0,70.3,60.32
2023,15,Bordeaux,Puy-de-Dôme,REP,CM2,Français,21,23,-0.03,0,81.29,66.84
2023,15,Bordeaux,Puy-de-Dôme,REP,CM2,Mathématiques,19,23,-0.03,0,73.18,72.13
2023,15,Bordeaux,Puy-de-Dôme,REP,6e,Français,21,23,-0.03,0,86.35,72.83
2023,15,Bordeaux,Puy-de-Dôme,REP,6e,Mathématiques,24,23,-0.03,0,76.93,70.09
2023,16,Nantes,Saône-et-Loire,REP,CP,Français,21,17,12.69,0,55.64,55.26
2023,16,Nantes,Saône-et-Loire,REP,CP,Mathématiques,12,17,12.69,1,67.69,58.52
2023,16,Nantes,Saône-et-Loire,REP,CE1,Français,16,17,12.69,1,75.04,66.19
2023,16,Nantes,Saône-et-Loire,REP,CE1,Mathématiques,17,17,12.69,1,80.1,72.93
2023,16,Nantes,Saône-et-Loire,REP,CM1,Français,16,17,12.69,1,83.39,68.86
2023,16,Nantes,Saône-et-Loire,REP,CM1,Mathématiques,16,17,12.69,1,76.29,67.48
2023,16,Nantes,Saône-et-Loire,REP,CM2,Français,12,17,12.69,1,88.84,70.14
2023,16,Nantes,Saône-et-Loire,REP,CM2,Mathématiques,14,17,12.69,1,82.98,67.44
2023,16,Nantes,Saône-et-Loire,REP,6e,Français,15,17,12.69,1,83.12,62.51
2023,16,Nantes,Saône-et-Loire,REP,6e,Mathématiques,17,17,12.69,1,91.69,73.73
2023,17,Paris,Ain,REP,CP,Français,23,17,-9.4,0,58.93,56.05
2023,17,Paris,Ain,REP,CP,Mathématiques,19,17,-9.4,0,50.13,46.12
2023,17,Paris,Ain,REP,CE1,Français,19,17,-9.4,0,65.45,70.54
2023,17,Paris,Ain,REP,CE1,Mathématiques,17,17,-9.4,1,76.62,71.13
2023,17,Paris,Ain,REP,CM1,Français,18,17,-9.4,1,82.83,69.87
2023,17,Paris,Ain,REP,CM1,Mathématiques,13,17,-9.4,1,79.94,71.5
2023,17,Paris,Ain,REP,CM2,Français,19,17,-9.4,0,76.76,72.05
2023,17,Paris,Ain,REP,CM2,Mathématiques,16,17,-9.4,1,89.98,71.25
2023,17,Paris,Ain,REP,6e,Français,18,17,-9.4,1,94.44,76.64
2023,17,Paris,Ain,REP,6e,Mathématiques,20,17,-9.4,0,76.03,67.29
2023,18,Lyon,Bas-Rhin,REP+,CP,Français,12,14,-10.08,1,59.67,56.24
2023,18,Lyon,Bas-Rhin,REP+,CP,Mathématiques,14,14,-10.08,1,64.87,64.03
2023,18,Lyon,Bas-Rhin,REP+,CE1,Français,14,14,-10.08,1,59.72,49.19
2023,18,Lyon,Bas-Rhin,REP+,CE1,Mathématiques,15,14,-10.08,1,57.25,52.09
2023,18,Lyon,Bas-Rhin,REP+,CM1,Français,19,14,-10.08,0,64.93,59.38
2023,18,Lyon,Bas-Rhin,REP+,CM1,Mathématiques,12,14,-10.08,1,71.11,62.06
2023,18,Lyon,Bas-Rhin,REP+,CM2,Français,16,14,-10.08,1,81.56,74.95
2023,18,Lyon,Bas-Rhin,REP+,CM2,Mathématiques,15,14,-10.08,1,77.59,65.2
2023,18,Lyon,Bas-Rhin,REP+,6e,Français,18,14,-10.08,1,79.3,67.89
2023,18,Lyon,Bas-Rhin,REP+,6e,Mathématiques,18,14,-10.08,1,78.12,61.42
2023,19,Lille,Bouches-du-Rhône,REP,CP,Français,22,29,1.23,0,59.29,53.58
2023,19,Lille,Bouches-du-Rhône,REP,CP,Mathématiques,26,29,1.23,0,53.69,56.56
2023,19,Lille,Bouches-du-Rhône,REP,CE1,Français,27,29,1.23,0,59.68,53.79
2023,19,Lille,Bouches-du-Rhône,REP,CE1,Mathématiques,25,29,1.23,0,60.91,50.65
2023,19,Lille,Bouches-du-Rhône,REP,CM1,Français,25,29,1.23,0,66.21,57.92
2023,19,Lille,Bouches-du-Rhône,REP,CM1,Mathématiques,22,29,1.23,0,64.23,64.96
2023,19,Lille,Bouches-du-Rhône,REP,CM2,Français,23,29,1.23,0,79.29,69.58
2023,19,Lille,Bouches-du-Rhône,REP,CM2,Mathématiques,21,29,1.23,0,73.81,59.25
2023,19,Lille,Bouches-du-Rhône,REP,6e,Français,26,29,1.23,0,75.51,70.62
2023,19,Lille,Bouches-du-Rhône,REP,6e,Mathématiques,28,29,1.23,0,63.84,56.1
2023,20,Bordeaux,Gironde,Hors EP,CP,Français,34,31,-15.78,0,57.94,46.29
2023,20,Bordeaux,Gironde,Hors EP,CP,Mathématiques,27,31,-15.78,0,65.15,59.53
2023,20,Bordeaux,Gironde,Hors EP,CE1,Français,28,31,-15.78,0,68.42,61.79
2023,20,Bordeaux,Gironde,Hors EP,CE1,Mathématiques,33,31,-15.78,0,64.61,56.12
2023,20,Bordeaux,Gironde,Hors EP,CM1,Français,29,31,-15.78,0,79.17,77.24
2023,20,Bordeaux,Gironde,Hors EP,CM1,Mathématiques,27,31,-15.78,0,79.52,67.51
2023,20,Bordeaux,Gironde,Hors EP,CM2,Français,26,31,-15.78,0,75.21,72.81
2023,20,Bordeaux,Gironde,Hors EP,CM2,Mathématiques,34,31,-15.78,0,70.65,61.98
2023,20,Bordeaux,Gironde,Hors EP,6e,Français,26,31,-15.78,0,91.84,77.31
2023,20,Bordeaux,Gironde,Hors EP,6e,Mathématiques,26,31,-15.78,0,86.33,66.76
2023,21,Nantes,Hérault,Hors EP,CP,Français,15,19,-7.84,0,81.04,75.36
2023,21,Nantes,Hérault,Hors EP,CP,Mathématiques,20,19,-7.84,0,72.99,66.83
2023,21,Nantes,Hérault,Hors EP,CE1,Français,22,19,-7.84,0,84.72,74.7
2023,21,Nantes,Hérault,Hors EP,CE1,Mathématiques,20,19,-7.84,0,77.69,65.68
2023,21,Nantes,Hérault,Hors EP,CM1,Français,18,19,-7.84,0,92.05,80.26
2023,21,Nantes,Hérault,Hors EP,CM1,Mathématiques,16,19,-7.84,0,80.48,73.52
2023,21,Nantes,Hérault,Hors EP,CM2,Français,17,19,-7.84,0,88.17,88.26
2023,21,Nantes,Hérault,Hors EP,CM2,Mathématiques,20,19,-7.84,0,91.63,84.81
2023,21,Nantes,Hérault,Hors EP,6e,Français,19,19,-7.84,0,96.86,91.16
2023,21,Nantes,Hérault,Hors EP,6e,Mathématiques,22,19,-7.84,0,100.0,79.82
2023,22,Paris,Loire,Hors EP,CP,Français,24,24,7.68,0,72.64,66.82
2023,22,Paris,Loire,Hors EP,CP,Mathématiques,19,24,7.68,0,70.93,66.84
2023,22,Paris,Loire,Hors EP,CE1,Français,26,24,7.68,0,76.83,68.62
2023,22,Paris,Loire,Hors EP,CE1,Mathématiques,25,24,7.68,0,77.43,60.52
2023,22,Paris,Loire,Hors EP,CM1,Français,23,24,7.68,0,83.59,72.82
2023,22,Paris,Loire,Hors EP,CM1,Mathématiques,19,24,7.68,0,78.86,68.54
2023,22,Paris,Loire,Hors EP,CM2,Français,27,24,7.68,0,83.44,68.4
2023,22,Paris,Loire,Hors EP,CM2,Mathématiques,25,24,7.68,0,82.65,75.6
2023,22,Paris,Loire,Hors EP,6e,Français,23,24,7.68,0,88.9,82.56
2023,22,Paris,Loire,Hors EP,6e,Mathématiques,27,24,7.68,0,83.02,73.43
2023,23,Lyon,Maine-et-Loire,REP+,CP,Français,22,20,10.46,0,48.89,48.59
2023,23,Lyon,Maine-et-Loire,REP+,CP,Mathématiques,22,20,10.46,0,45.65,42.7
2023,23,Lyon,Maine-et-Loire,REP+,CE1,Français,21,20,10.46,0,57.33,46.11
2023,23,Lyon,Maine-et-Loire,REP+,CE1,Mathématiques,18,20,10.46,1,74.61,76.05
2023,23,Lyon,Maine-et-Loire,REP+,CM1,Français,17,20,10.46,1,71.65,61.43
2023,23,Lyon,Maine-et-Loire,REP+,CM1,Mathématiques,24,20,10.46,0,62.14,64.58
2023,23,Lyon,Maine-et-Loire,REP+,CM2,Français,21,20,10.46,0,63.12,53.18
2023,23,Lyon,Maine-et-Loire,REP+,CM2,Mathématiques,17,20,10.46,1,75.41,62.88
2023,23,Lyon,Maine-et-Loire,REP+,6e,Français,18,20,10.46,1,88.64,75.95
2023,23,Lyon,Maine-et-Loire,REP+,6e,Mathématiques,22,20,10.46,0,71.29,60.09
2023,24,Lille,Moselle,Hors EP,CP,Français,22,20,7.72,0,75.15,64.15
2023,24,Lille,Moselle,Hors EP,CP,Mathématiques,16,20,7.72,0,80.68,72.32
2023,24,Lille,Moselle,Hors EP,CE1,Français,20,20,7.72,0,80.6,67.46
2023,24,Lille,Moselle,Hors EP,CE1,Mathématiques,16,20,7.72,0,80.56,67.09
2023,24,Lille,Moselle,Hors EP,CM1,Français,18,20,7.72,0,96.16,80.15
2023,24,Lille,Moselle,Hors EP,CM1,Mathématiques,13,20,7.72,0,83.02,66.44
2023,24,Lille,Moselle,Hors EP,CM2,Français,19,20,7.72,0,86.12,75.73
2023,24,Lille,Moselle,Hors EP,CM2,Mathématiques,18,20,7.72,0,88.29,75.78
2023,24,Lille,Moselle,Hors EP,6e,Français,19,20,7.72,0,96.92,79.78
2023,24,Lille,Moselle,Hors EP,6e,Mathématiques,19,20,7.72,0,96.07,81.42
2023,25,Bordeaux,Nord,REP+,CP,Français,15,15,29.35,1,68.01,54.93
2023,25,Bordeaux,Nord,REP+,CP,Mathématiques,13,15,29.35,1,64.54,61.56
2023,25,Bordeaux,Nord,REP+,CE1,Français,17,15,29.35,1,73.49,68.99
2023,25,Bordeaux,Nord,REP+,CE1,Mathématiques,13,15,29.35,1,71.22,63.5
2023,25,Bordeaux,Nord,REP+,CM1,Français,15,15,29.35,1,76.39,62.18
2023,25,Bordeaux,Nord,REP+,CM1,Mathématiques,12,15,29.35,1,76.47,69.49
2023,25,Bordeaux,Nord,REP+,CM2,Français,15,15,29.35,1,82.96,67.81
2023,25,Bordeaux,Nord,REP+,CM2,Mathématiques,16,15,29.35,1,80.3,67.77
2023,25,Bordeaux,Nord,REP+,6e,Français,17,15,29.35,1,90.92,69.15
2023,25,Bordeaux,Nord,REP+,6e,Mathématiques,15,15,29.35,1,80.71,70.58
2023,26,Nantes,Paris,Hors EP,CP,Français,22,26,-1.33,0,82.54,76.91
2023,26,Nantes,Paris,Hors EP,CP,Mathématiques,24,26,-1.33,0,67.77,51.18
2023,26,Nantes,Paris,Hors EP,CE1,Français,26,26,-1.33,0,67.98,64.56
2023,26,Nantes,Paris,Hors EP,CE1,Mathématiques,28,26,-1.33,0,69.02,56.61
2023,26,Nantes,Paris,Hors EP,CM1,Français,28,26,-1.33,0,78.35,68.74
2023,26,Nantes,Paris,Hors EP,CM1,Mathématiques,23,26,-1.33,0,80.71,68.87
2023,26,Nantes,Paris,Hors EP,CM2,Français,22,26,-1.33,0,94.77,88.24
2023,26,Nantes,Paris,Hors EP,CM2,Mathématiques,28,26,-1.33,0,84.25,81.12
2023,26,Nantes,Paris,Hors EP,6e,Français,22,26,-1.33,0,88.97,73.43
2023,26,Nantes,Paris,Hors EP,6e,Mathématiques,26,26,-1.33,0,85.82,68.26
2023,27,Paris,Puy-de-Dôme,REP,CP,Français,15,21,0.53,1,74.3,73.43
2023,27,Paris,Puy-de-Dôme,REP,CP,Mathématiques,20,21,0.53,0,63.21,55.45
2023,27,Paris,Puy-de-Dôme,REP,CE1,Français,21,21,0.53,0,61.51,55.6
2023,27,Paris,Puy-de-Dôme,REP,CE1,Mathématiques,19,21,0.53,0,65.81,55.63
2023,27,Paris,Puy-de-Dôme,REP,CM1,Français,16,21,0.53,1,84.68,74.74
2023,27,Paris,Puy-de-Dôme,REP,CM1,Mathématiques,20,21,0.53,0,72.96,63.6
2023,27,Paris,Puy-de-Dôme,REP,CM2,Français,21,21,0.53,0,74.29,64.22
2023,27,Paris,Puy-de-Dôme,REP,CM2,Mathématiques,21,21,0.53,0,83.06,75.19
2023,27,Paris,Puy-de-Dôme,REP,6e,Français,21,21,0.53,0,84.34,60.62
2023,27,Paris,Puy-de-Dôme,REP,6e,Mathématiques,21,21,0.53,0,81.96,71.16
2023,28,Lyon,Saône-et-Loire,REP,CP,Français,19,16,-10.0,0,68.16,71.02
2023,28,Lyon,Saône-et-Loire,REP,CP,Mathématiques,15,16,-10.0,1,65.29,55.65
2023,28,Lyon,Saône-et-Loire,REP,CE1,Français,14,16,-10.0,1,70.79,60.56
2023,28,Lyon,Saône-et-Loire,REP,CE1,Mathématiques,19,16,-10.0,0,59.17,60.5
2023,28,Lyon,Saône-et-Loire,REP,CM1,Français,20,16,-10.0,0,71.78,69.96
2023,28,Lyon,Saône-et-Loire,REP,CM1,Mathématiques,14,16,-10.0,1,75.79,67.48
2023,28,Lyon,Saône-et-Loire,REP,CM2,Français,18,16,-10.0,1,92.73,73.06
2023,28,Lyon,Saône-et-Loire,REP,CM2,Mathématiques,16,16,-10.0,1,82.92,68.79
2023,28,Lyon,Saône-et-Loire,REP,6e,Français,14,16,-10.0,1,89.16,74.4
2023,28,Lyon,Saône-et-Loire,REP,6e,Mathématiques,21,16,-10.0,0,72.01,68.04
2023,29,Lille,Ain,Hors EP,CP,Français,23,21,6.91,0,74.2,62.06
2023,29,Lille,Ain,Hors EP,CP,Mathématiques,24,21,6.91,0,68.24,61.55
2023,29,Lille,Ain,Hors EP,CE1,Français,22,21,6.91,0,82.58,80.79
2023,29,Lille,Ain,Hors EP,CE1,Mathématiques,20,21,6.91,0,77.77,60.46
2023,29,Lille,Ain,Hors EP,CM1,Français,26,21,6.91,0,81.33,68.8
2023,29,Lille,Ain,Hors EP,CM1,Mathématiques,22,21,6.91,0,82.19,67.23
2023,29,Lille,Ain,Hors EP,CM2,Français,25,21,6.91,0,89.93,80.07
2023,29,Lille,Ain,Hors EP,CM2,Mathématiques,20,21,6.91,0,85.23,72.39
2023,29,Lille,Ain,Hors EP,6e,Français,24,21,6.91,0,95.19,75.84
2023,29,Lille,Ain,Hors EP,6e,Mathématiques,24,21,6.91,0,85.55,69.87
2023,30,Bordeaux,Bas-Rhin,Hors EP,CP,Français,23,22,18.63,0,85.54,75.42
2023,30,Bordeaux,Bas-Rhin,Hors EP,CP,Mathématiques,22,22,18.63,0,72.44,62.51
2023,30,Bordeaux,Bas-Rhin,Hors EP,CE1,Français,22,22,18.63,0,86.26,77.59
2023,30,Bordeaux,Bas-Rhin,Hors EP,CE1,Mathématiques,18,22,18.63,0,82.5,67.25
2023,30,Bordeaux,Bas-Rhin,Hors EP,CM1,Français,19,22,18.63,0,96.2,74.42
2023,30,Bordeaux,Bas-Rhin,Hors EP,CM1,Mathématiques,25,22,18.63,0,82.91,69.05
2023,30,Bordeaux,Bas-Rhin,Hors EP,CM2,Français,20,22,18.63,0,89.85,73.37
2023,30,Bordeaux,Bas-Rhin,Hors EP,CM2,Mathématiques,20,22,18.63,0,88.45,70.48
2023,30,Bordeaux,Bas-Rhin,Hors EP,6e,Français,19,22,18.63,0,92.92,71.83
2023,30,Bordeaux,Bas-Rhin,Hors EP,6e,Mathématiques,17,22,18.63,0,100.0,85.03
2023,31,Nantes,Bouches-du-Rhône,REP+,CP,Français,18,18,14.11,1,73.57,64.84
2023,31,Nantes,Bouches-du-Rhône,REP+,CP,Mathématiques,18,18,14.11,1,66.36,55.47
2023,31,Nantes,Bouches-du-Rhône,REP+,CE1,Français,17,18,14.11,1,61.91,56.45
2023,31,Nantes,Bouches-du-Rhône,REP+,CE1,Mathématiques,16,18,14.11,1,65.67,57.62
2023,31,Nantes,Bouches-du-Rhône,REP+,CM1,Français,18,18,14.11,1,72.21,73.4
2023,31,Nantes,Bouches-du-Rhône,REP+,CM1,Mathématiques,18,18,14.11,1,69.58,65.55
2023,31,Nantes,Bouches-du-Rhône,REP+,CM2,Français,19,18,14.11,0,72.95,59.58
2023,31,Nantes,Bouches-du-Rhône,REP+,CM2,Mathématiques,23,18,14.11,0,67.57,54.71
2023,31,Nantes,Bouches-du-Rhône,REP+,6e,Français,18,18,14.11,1,85.2,72.97
2023,31,Nantes,Bouches-du-Rhône,REP+,6e,Mathématiques,14,18,14.11,1,83.44,67.58
2023,32,Paris,Gironde,Hors EP,CP,Français,27,29,-3.49,0,64.98,55.95
2023,32,Paris,Gironde,Hors EP,CP,Mathématiques,22,29,-3.49,0,66.78,61.06
2023,32,Paris,Gironde,Hors EP,CE1,Français,27,29,-3.49,0,69.35,65.21
2023,32,Paris,Gironde,Hors EP,CE1,Mathématiques,25,29,-3.49,0,65.56,60.45
2023,32,Paris,Gironde,Hors EP,CM1,Français,28,29,-3.49,0,69.57,72.33
2023,32,Paris,Gironde,Hors EP,CM1,Mathématiques,23,29,-3.49,0,72.16,64.76
2023,32,Paris,Gironde,Hors EP,CM2,Français,27,29,-3.49,0,82.72,72.81
2023,32,Paris,Gironde,Hors EP,CM2,Mathématiques,30,29,-3.49,0,79.21,83.77
2023,32,Paris,Gironde,Hors EP,6e,Français,28,29,-3.49,0,88.31,76.51
2023,32,Paris,Gironde,Hors EP,6e,Mathématiques,24,29,-3.49,0,89.8,78.88
2023,33,Lyon,Hérault,Hors EP,CP,Français,16,21,11.68,0,79.67,74.31
2023,33,Lyon,Hérault,Hors EP,CP,Mathématiques,22,21,11.68,0,69.18,66.95
2023,33,Lyon,Hérault,Hors EP,CE1,Français,20,21,11.68,0,82.85,66.74
2023,33,Lyon,Hérault,Hors EP,CE1,Mathématiques,12,21,11.68,0,76.4,69.64
2023,33,Lyon,Hérault,Hors EP,CM1,Français,19,21,11.68,0,90.93,82.36
2023,33,Lyon,Hérault,Hors EP,CM1,Mathématiques,19,21,11.68,0,83.07,60.55
2023,33,Lyon,Hérault,Hors EP,CM2,Français,16,21,11.68,0,87.87,77.54
2023,33,Lyon,Hérault,Hors EP,CM2,Mathématiques,19,21,11.68,0,87.6,71.32
2023,33,Lyon,Hérault,Hors EP,6e,Français,18,21,11.68,0,100.0,83.47
2023,33,Lyon,Hérault,Hors EP,6e,Mathématiques,22,21,11.68,0,82.43,73.72
2023,34,Lille,Loire,Hors EP,CP,Français,24,28,-4.68,0,66.96,60.71
2023,34,Lille,Loire,Hors EP,CP,Mathématiques,19,28,-4.68,0,72.78,66.42
2023,34,Lille,Loire,Hors EP,CE1,Français,26,28,-4.68,0,70.06,59.99
2023,34,Lille,Loire,Hors EP,CE1,Mathématiques,21,28,-4.68,0,74.1,60.57
2023,34,Lille,Loire,Hors EP,CM1,Français,18,28,-4.68,0,82.25,70.68
2023,34,Lille,Loire,Hors EP,CM1,Mathématiques,23,28,-4.68,0,81.92,74.92
2023,34,Lille,Loire,Hors EP,CM2,Français,22,28,-4.68,0,81.2,72.23
2023,34,Lille,Loire,Hors EP,CM2,Mathématiques,23,28,-4.68,0,83.28,77.73
2023,34,Lille,Loire,Hors EP,6e,Français,24,28,-4.68,0,92.09,78.44
2023,34,Lille,Loire,Hors EP,6e,Mathématiques,25,28,-4.68,0,84.54,68.08
2023,35,Bordeaux,Maine-et-Loire,Hors EP,CP,Français,20,18,1.16,0,74.21,73.73
2023,35,Bordeaux,Maine-et-Loire,Hors EP,CP,Mathématiques,22,18,1.16,0,70.6,63.47
2023,35,Bordeaux,Maine-et-Loire,Hors EP,CE1,Français,23,18,1.16,0,74.51,60.84
2023,35,Bordeaux,Maine-et-Loire,Hors EP,CE1,Mathématiques,21,18,1.16,0,77.8,70.35
2023,35,Bordeaux,Maine-et-Loire,Hors EP,CM1,Français,22,18,1.16,0,80.74,62.86
2023,35,Bordeaux,Maine-et-Loire,Hors EP,CM1,Mathématiques,19,18,1.16,0,86.36,69.11
2023,35,Bordeaux,Maine-et-Loire,Hors EP,CM2,Français,15,18,1.16,0,93.29,75.6
2023,35,Bordeaux,Maine-et-Loire,Hors EP,CM2,Mathématiques,16,18,1.16,0,89.97,74.25
2023,35,Bordeaux,Maine-et-Loire,Hors EP,6e,Français,24,18,1.16,0,92.64,80.93
2023,35,Bordeaux,Maine-et-Loire,Hors EP,6e,Mathématiques,20,18,1.16,0,90.15,73.86
2023,36,Nantes,Moselle,Hors EP,CP,Français,23,29,-14.98,0,75.97,58.0
2023,36,Nantes,Moselle,Hors EP,CP,Mathématiques,28,29,-14.98,0,65.49,60.27
2023,36,Nantes,Moselle,Hors EP,CE1,Français,25,29,-14.98,0,78.75,69.12
2023,36,Nantes,Moselle,Hors EP,CE1,Mathématiques,22,29,-14.98,0,67.65,52.78
2023,36,Nantes,Moselle,Hors EP,CM1,Français,29,29,-14.98,0,82.21,76.33
2023,36,Nantes,Moselle,Hors EP,CM1,Mathématiques,26,29,-14.98,0,69.08,56.71
2023,36,Nantes,Moselle,Hors EP,CM2,Français,24,29,-14.98,0,85.1,79.8
2023,36,Nantes,Moselle,Hors EP,CM2,Mathématiques,29,29,-14.98,0,75.6,55.23
2023,36,Nantes,Moselle,Hors EP,6e,Français,23,29,-14.98,0,96.55,81.81
2023,36,Nantes,Moselle,Hors EP,6e,Mathématiques,25,29,-14.98,0,84.49,68.7
2023,37,Paris,Nord,REP,CP,Français,22,30,-9.86,0,59.48,54.71
2023,37,Paris,Nord,REP,CP,Mathématiques,28,30,-9.86,0,54.16,45.98
2023,37,Paris,Nord,REP,CE1,Français,29,30,-9.86,0,54.83,55.32
2023,37,Paris,Nord,REP,CE1,Mathématiques,25,30,-9.86,0,61.17,44.78
2023,37,Paris,Nord,REP,CM1,Français,28,30,-9.86,0,59.57,55.88
2023,37,Paris,Nord,REP,CM1,Mathématiques,29,30,-9.86,0,55.8,48.15
2023,37,Paris,Nord,REP,CM2,Français,25,30,-9.86,0,69.06,56.71
2023,37,Paris,Nord,REP,CM2,Mathématiques,26,30,-9.86,0,67.83,63.44
2023,37,Paris,Nord,REP,6e,Français,24,30,-9.86,0,72.67,63.82
2023,37,Paris,Nord,REP,6e,Mathématiques,25,30,-9.86,0,72.0,60.42
2023,38,Lyon,Paris,Hors EP,CP,Français,21,21,-3.68,0,79.69,62.62
2023,38,Lyon,Paris,Hors EP,CP,Mathématiques,15,21,-3.68,0,71.38,57.79
2023,38,Lyon,Paris,Hors EP,CE1,Français,13,21,-3.68,0,88.92,78.26
2023,38,Lyon,Paris,Hors EP,CE1,Mathématiques,23,21,-3.68,0,72.27,66.25
2023,38,Lyon,Paris,Hors EP,CM1,Français,20,21,-3.68,0,88.92,76.41
2023,38,Lyon,Paris,Hors EP,CM1,Mathématiques,21,21,-3.68,0,81.53,77.77
2023,38,Lyon,Paris,Hors EP,CM2,Français,21,21,-3.68,0,84.73,74.29
2023,38,Lyon,Paris,Hors EP,CM2,Mathématiques,22,21,-3.68,0,84.81,72.41
2023,38,Lyon,Paris,Hors EP,6e,Français,18,21,-3.68,0,97.5,75.22
2023,38,Lyon,Paris,Hors EP,6e,Mathématiques,20,21,-3.68,0,89.25,80.6
2023,39,Lille,Puy-de-Dôme,REP,CP,Français,18,15,-3.72,1,72.49,62.35
2023,39,Lille,Puy-de-Dôme,REP,CP,Mathématiques,17,15,-3.72,1,68.09,69.24
2023,39,Lille,Puy-de-Dôme,REP,CE1,Français,15,15,-3.72,1,77.21,70.05
2023,39,Lille,Puy-de-Dôme,REP,CE1,Mathématiques,18,15,-3.72,1,71.71,70.61
2023,39,Lille,Puy-de-Dôme,REP,CM1,Français,12,15,-3.72,1,77.13,70.77
2023,39,Lille,Puy-de-Dôme,REP,CM1,Mathématiques,15,15,-3.72,1,74.83,63.55
2023,39,Lille,Puy-de-Dôme,REP,CM2,Français,15,15,-3.72,1,89.92,80.67
2023,39,Lille,Puy-de-Dôme,REP,CM2,Mathématiques,17,15,-3.72,1,88.8,68.45
2023,39,Lille,Puy-de-Dôme,REP,6e,Français,17,15,-3.72,1,98.12,86.61
2023,39,Lille,Puy-de-Dôme,REP,6e,Mathématiques,21,15,-3.72,0,74.7,70.38
2023,40,Bordeaux,Saône-et-Loire,Hors EP,CP,Français,21,31,-9.53,0,81.97,73.18
2023,40,Bordeaux,Saône-et-Loire,Hors EP,CP,Mathématiques,26,31,-9.53,0,65.43,49.01
2023,40,Bordeaux,Saône-et-Loire,Hors EP,CE1,Français,27,31,-9.53,0,69.87,62.77
2023,40,Bordeaux,Saône-et-Loire,Hors EP,CE1,Mathématiques,26,31,-9.53,0,54.96,54.82
2023,40,Bordeaux,Saône-et-Loire,Hors EP,CM1,Français,26,31,-9.53,0,80.61,68.9
2023,40,Bordeaux,Saône-et-Loire,Hors EP,CM1,Mathématiques,26,31,-9.53,0,76.93,68.69
2023,40,Bordeaux,Saône-et-Loire,Hors EP,CM2,Français,27,31,-9.53,0,84.53,81.73
2023,40,Bordeaux,Saône-et-Loire,Hors EP,CM2,Mathématiques,24,31,-9.53,0,81.27,78.73
2023,40,Bordeaux,Saône-et-Loire,Hors EP,6e,Français,26,31,-9.53,0,93.35,79.15
2023,40,Bordeaux,Saône-et-Loire,Hors EP,6e,Mathématiques,25,31,-9.53,0,91.49,79.81
2023,41,Nantes,Ain,REP,CP,Français,25,23,15.25,0,67.46,62.66
2023,41,Nantes,Ain,REP,CP,Mathématiques,20,23,15.25,0,61.98,52.45
2023,41,Nantes,Ain,REP,CE1,Français,27,23,15.25,0,66.61,61.81
2023,41,Nantes,Ain,REP,CE1,Mathématiques,23,23,15.25,0,59.62,50.0
2023,41,Nantes,Ain,REP,CM1,Français,15,23,15.25,1,84.7,71.56
2023,41,Nantes,Ain,REP,CM1,Mathématiques,22,23,15.25,0,68.79,64.15
2023,41,Nantes,Ain,REP,CM2,Français,23,23,15.25,0,69.26,66.44
2023,41,Nantes,Ain,REP,CM2,Mathématiques,20,23,15.25,0,77.86,73.06
2023,41,Nantes,Ain,REP,6e,Français,24,23,15.25,0,80.51,70.64
2023,41,Nantes,Ain,REP,6e,Mathématiques,23,23,15.25,0,71.08,58.57
2023,42,Paris,Bas-Rhin,Hors EP,CP,Français,20,19,-3.92,0,74.97,71.33
2023,42,Paris,Bas-Rhin,Hors EP,CP,Mathématiques,21,19,-3.92,0,71.01,61.62
2023,42,Paris,Bas-Rhin,Hors EP,CE1,Français,20,19,-3.92,0,79.1,81.38
2023,42,Paris,Bas-Rhin,Hors EP,CE1,Mathématiques,16,19,-3.92,0,73.86,59.86
2023,42,Paris,Bas-Rhin,Hors EP,CM1,Français,21,19,-3.92,0,85.36,70.18
2023,42,Paris,Bas-Rhin,Hors EP,CM1,Mathématiques,22,19,-3.92,0,82.09,75.51
2023,42,Paris,Bas-Rhin,Hors EP,CM2,Français,23,19,-3.92,0,77.94,71.43
2023,42,Paris,Bas-Rhin,Hors EP,CM2,Mathématiques,17,19,-3.92,0,90.15,75.94
2023,42,Paris,Bas-Rhin,Hors EP,6e,Français,20,19,-3.92,0,89.81,81.22
2023,42,Paris,Bas-Rhin,Hors EP,6e,Mathématiques,17,19,-3.92,0,97.41,74.08
2023,43,Lyon,Bouches-du-Rhône,Hors EP,CP,Français,27,28,-19.42,0,64.72,70.28
2023,43,Lyon,Bouches-du-Rhône,Hors EP,CP,Mathématiques,29,28,-19.42,0,67.11,62.13
2023,43,Lyon,Bouches-du-Rhône,Hors EP,CE1,Français,26,28,-19.42,0,63.6,55.18
2023,43,Lyon,Bouches-du-Rhône,Hors EP,CE1,Mathématiques,34,28,-19.42,0,62.93,63.06
2023,43,Lyon,Bouches-du-Rhône,Hors EP,CM1,Français,25,28,-19.42,0,77.41,71.53
2023,43,Lyon,Bouches-du-Rhône,Hors EP,CM1,Mathématiques,26,28,-19.42,0,74.68,61.38
2023,43,Lyon,Bouches-du-Rhône,Hors EP,CM2,Français,31,28,-19.42,0,80.26,73.0
2023,43,Lyon,Bouches-du-Rhône,Hors EP,CM2,Mathématiques,31,28,-19.42,0,74.44,70.64
2023,43,Lyon,Bouches-du-Rhône,Hors EP,6e,Français,28,28,-19.42,0,88.98,65.65
2023,43,Lyon,Bouches-du-Rhône,Hors EP,6e,Mathématiques,27,28,-19.42,0,94.49,82.31
2023,44,Lille,Gironde,REP,CP,Français,18,17,-3.17,1,80.73,74.99
2023,44,Lille,Gironde,REP,CP,Mathématiques,18,17,-3.17,1,69.42,65.99
2023,44,Lille,Gironde,REP,CE1,Français,15,17,-3.17,1,67.47,64.6
2023,44,Lille,Gironde,REP,CE1,Mathématiques,18,17,-3.17,1,67.21,50.23
2023,44,Lille,Gironde,REP,CM1,Français,20,17,-3.17,0,68.97,63.9
2023,44,Lille,Gironde,REP,CM1,Mathématiques,17,17,-3.17,1,78.97,65.74
2023,44,Lille,Gironde,REP,CM2,Français,18,17,-3.17,1,89.72,74.63
2023,44,Lille,Gironde,REP,CM2,Mathématiques,17,17,-3.17,1,86.85,77.43
2023,44,Lille,Gironde,REP,6e,Français,15,17,-3.17,1,91.99,74.93
2023,44,Lille,Gironde,REP,6e,Mathématiques,18,17,-3.17,1,95.57,81.78
2023,45,Bordeaux,Hérault,Hors EP,CP,Français,25,28,-0.24,0,72.62,59.42
2023,45,Bordeaux,Hérault,Hors EP,CP,Mathématiques,24,28,-0.24,0,65.81,64.9
2023,45,Bordeaux,Hérault,Hors EP,CE1,Français,20,28,-0.24,0,80.38,62.07
2023,45,Bordeaux,Hérault,Hors EP,CE1,Mathématiques,26,28,-0.24,0,69.48,53.16
2023,45,Bordeaux,Hérault,Hors EP,CM1,Français,27,28,-0.24,0,68.05,61.12
2023,45,Bordeaux,Hérault,Hors EP,CM1,Mathématiques,27,28,-0.24,0,82.57,63.09
2023,45,Bordeaux,Hérault,Hors EP,CM2,Français,24,28,-0.24,0,91.95,83.28
2023,45,Bordeaux,Hérault,Hors EP,CM2,Mathématiques,28,28,-0.24,0,92.0,75.02
2023,45,Bordeaux,Hérault,Hors EP,6e,Français,26,28,-0.24,0,88.72,65.45
2023,45,Bordeaux,Hérault,Hors EP,6e,Mathématiques,25,28,-0.24,0,79.2,66.25
2023,46,Nantes,Loire,REP,CP,Français,23,21,-21.42,0,53.71,49.36
2023,46,Nantes,Loire,REP,CP,Mathématiques,19,21,-21.42,0,62.2,58.65
2023,46,Nantes,Loire,REP,CE1,Français,19,21,-21.42,0,55.42,65.24
2023,46,Nantes,Loire,REP,CE1,Mathématiques,26,21,-21.42,0,61.22,53.12
2023,46,Nantes,Loire,REP,CM1,Français,20,21,-21.42,0,70.93,58.76
2023,46,Nantes,Loire,REP,CM1,Mathématiques,19,21,-21.42,0,73.59,64.77
2023,46,Nantes,Loire,REP,CM2,Français,18,21,-21.42,1,89.22,72.8
2023,46,Nantes,Loire,REP,CM2,Mathématiques,16,21,-21.42,1,76.82,64.66
2023,46,Nantes,Loire,REP,6e,Français,22,21,-21.42,0,78.1,74.25
2023,46,Nantes,Loire,REP,6e,Mathématiques,20,21,-21.42,0,74.03,71.57
2023,47,Paris,Maine-et-Loire,Hors EP,CP,Français,20,23,-5.7,0,84.9,70.02
2023,47,Paris,Maine-et-Loire,Hors EP,CP,Mathématiques,24,23,-5.7,0,61.6,60.57
2023,47,Paris,Maine-et-Loire,Hors EP,CE1,Français,20,23,-5.7,0,86.57,82.85
2023,47,Paris,Maine-et-Loire,Hors EP,CE1,Mathématiques,24,23,-5.7,0,72.93,63.66
2023,47,Paris,Maine-et-Loire,Hors EP,CM1,Français,23,23,-5.7,0,84.16,72.68
2023,47,Paris,Maine-et-Loire,Hors EP,CM1,Mathématiques,25,23,-5.7,0,73.38,72.54
2023,47,Paris,Maine-et-Loire,Hors EP,CM2,Français,22,23,-5.7,0,84.86,74.52
2023,47,Paris,Maine-et-Loire,Hors EP,CM2,Mathématiques,24,23,-5.7,0,75.6,64.0
2023,47,Paris,Maine-et-Loire,Hors EP,6e,Français,18,23,-5.7,0,93.77,75.6
2023,47,Paris,Maine-et-Loire,Hors EP,6e,Mathématiques,24,23,-5.7,0,84.87,69.96
2023,48,Lyon,Moselle,Hors EP,CP,Français,31,30,12.23,0,59.44,51.47
2023,48,Lyon,Moselle,Hors EP,CP,Mathématiques,22,30,12.23,0,73.82,59.82
2023,48,Lyon,Moselle,Hors EP,CE1,Français,30,30,12.23,0,83.74,79.91
2023,48,Lyon,Moselle,Hors EP,CE1,Mathématiques,28,30,12.23,0,66.43,66.64
2023,48,Lyon,Moselle,Hors EP,CM1,Français,27,30,12.23,0,85.33,86.7
2023,48,Lyon,Moselle,Hors EP,CM1,Mathématiques,32,30,12.23,0,78.7,73.85
2023,48,Lyon,Moselle,Hors EP,CM2,Français,29,30,12.23,0,85.37,68.27
2023,48,Lyon,Moselle,Hors EP,CM2,Mathématiques,33,30,12.23,0,72.58,67.86
2023,48,Lyon,Moselle,Hors EP,6e,Français,33,30,12.23,0,83.26,68.01
2023,48,Lyon,Moselle,Hors EP,6e,Mathématiques,30,30,12.23,0,81.15,70.97
2023,49,Lille,Nord,Hors EP,CP,Français,20,24,7.41,0,69.18,67.9
2023,49,Lille,Nord,Hors EP,CP,Mathématiques,20,24,7.41,0,82.87,70.69
2023,49,Lille,Nord,Hors EP,CE1,Français,21,24,7.41,0,77.75,69.08
2023,49,Lille,Nord,Hors EP,CE1,Mathématiques,30,24,7.41,0,67.02,66.95
2023,49,Lille,Nord,Hors EP,CM1,Français,21,24,7.41,0,90.97,67.2
2023,49,Lille,Nord,Hors EP,CM1,Mathématiques,26,24,7.41,0,79.72,67.87
2023,49,Lille,Nord,Hors EP,CM2,Français,23,24,7.41,0,89.54,70.15
2023,49,Lille,Nord,Hors EP,CM2,Mathématiques,15,24,7.41,0,98.61,80.94
2023,49,Lille,Nord,Hors EP,6e,Français,19,24,7.41,0,95.08,86.98
2023,49,Lille,Nord,Hors EP,6e,Mathématiques,20,24,7.41,0,96.49,78.94
2023,50,Bordeaux,Paris,REP+,CP,Français,20,18,-8.15,0,53.16,53.37
2023,50,Bordeaux,Paris,REP+,CP,Mathématiques,25,18,-8.15,0,43.76,43.11
2023,50,Bordeaux,Paris,REP+,CE1,Français,20,18,-8.15,0,52.48,42.08
2023,50,Bordeaux,Paris,REP+,CE1,Mathématiques,20,18,-8.15,0,56.09,53.16
2023,50,Bordeaux,Paris,REP+,CM1,Français,20,18,-8.15,0,58.68,56.16
2023,50,Bordeaux,Paris,REP+,CM1,Mathématiques,20,18,-8.15,0,61.86,58.68
2023,50,Bordeaux,Paris,REP+,CM2,Français,21,18,-8.15,0,72.76,67.34
2023,50,Bordeaux,Paris,REP+,CM2,Mathématiques,21,18,-8.15,0,55.98,58.33
2023,50,Bordeaux,Paris,REP+,6e,Français,19,18,-8.15,0,73.98,58.94
2023,50,Bordeaux,Paris,REP+,6e,Mathématiques,25,18,-8.15,0,54.09,59.22
2023,51,Nantes,Puy-de-Dôme,Hors EP,CP,Français,12,22,6.17,0,76.34,69.58
2023,51,Nantes,Puy-de-Dôme,Hors EP,CP,Mathématiques,22,22,6.17,0,69.8,49.23
2023,51,Nantes,Puy-de-Dôme,Hors EP,CE1,Français,22,22,6.17,0,80.88,58.84
2023,51,Nantes,Puy-de-Dôme,Hors EP,CE1,Mathématiques,19,22,6.17,0,80.36,68.02
2023,51,Nantes,Puy-de-Dôme,Hors EP,CM1,Français,16,22,6.17,0,85.5,71.51
2023,51,Nantes,Puy-de-Dôme,Hors EP,CM1,Mathématiques,19,22,6.17,0,87.89,64.02
2023,51,Nantes,Puy-de-Dôme,Hors EP,CM2,Français,19,22,6.17,0,94.54,80.13
2023,51,Nantes,Puy-de-Dôme,Hors EP,CM2,Mathématiques,17,22,6.17,0,96.63,87.43
2023,51,Nantes,Puy-de-Dôme,Hors EP,6e,Français,17,22,6.17,0,97.87,85.41
2023,51,Nantes,Puy-de-Dôme,Hors EP,6e,Mathématiques,21,22,6.17,0,88.87,70.2
2023,52,Paris,Saône-et-Loire,REP,CP,Français,18,16,-9.84,1,78.31,64.71
2023,52,Paris,Saône-et-Loire,REP,CP,Mathématiques,17,16,-9.84,1,69.02,58.69
2023,52,Paris,Saône-et-Loire,REP,CE1,Français,15,16,-9.84,1,76.83,61.25
2023,52,Paris,Saône-et-Loire,REP,CE1,Mathématiques,15,16,-9.84,1,71.41,65.17
2023,52,Paris,Saône-et-Loire,REP,CM1,Français,13,16,-9.84,1,80.73,63.44
2023,52,Paris,Saône-et-Loire,REP,CM1,Mathématiques,15,16,-9.84,1,81.87,70.3
2023,52,Paris,Saône-et-Loire,REP,CM2,Français,21,16,-9.84,0,74.29,70.36
2023,52,Paris,Saône-et-Loire,REP,CM2,Mathématiques,19,16,-9.84,0,73.36,58.31
2023,52,Paris,Saône-et-Loire,REP,6e,Français,17,16,-9.84,1,88.92,72.61
2023,52,Paris,Saône-et-Loire,REP,6e,Mathématiques,17,16,-9.84,1,81.8,66.25
2023,53,Lyon,Ain,REP,CP,Français,19,21,-8.43,0,59.58,55.54
2023,53,Lyon,Ain,REP,CP,Mathématiques,16,21,-8.43,1,64.76,69.24
2023,53,Lyon,Ain,REP,CE1,Français,17,21,-8.43,1,66.01,61.6
2023,53,Lyon,Ain,REP,CE1,Mathématiques,17,21,-8.43,1,73.59,64.59
2023,53,Lyon,Ain,REP,CM1,Français,20,21,-8.43,0,70.24,61.63
2023,53,Lyon,Ain,REP,CM1,Mathématiques,22,21,-8.43,0,55.91,46.39
2023,53,Lyon,Ain,REP,CM2,Français,17,21,-8.43,1,78.87,66.24
2023,53,Lyon,Ain,REP,CM2,Mathématiques,18,21,-8.43,1,87.87,74.31
2023,53,Lyon,Ain,REP,6e,Français,18,21,-8.43,1,89.78,70.79
2023,53,Lyon,Ain,REP,6e,Mathématiques,21,21,-8.43,0,82.23,64.86
2023,54,Lille,Bas-Rhin,Hors EP,CP,Français,23,21,5.67,0,73.36,63.15
2023,54,Lille,Bas-Rhin,Hors EP,CP,Mathématiques,25,21,5.67,0,66.08,59.59
2023,54,Lille,Bas-Rhin,Hors EP,CE1,Français,26,21,5.67,0,68.96,59.6
2023,54,Lille,Bas-Rhin,Hors EP,CE1,Mathématiques,25,21,5.67,0,75.26,70.64
2023,54,Lille,Bas-Rhin,Hors EP,CM1,Français,19,21,5.67,0,88.73,73.91
2023,54,Lille,Bas-Rhin,Hors EP,CM1,Mathématiques,28,21,5.67,0,79.82,69.17
2023,54,Lille,Bas-Rhin,Hors EP,CM2,Français,23,21,5.67,0,88.93,78.96
2023,54,Lille,Bas-Rhin,Hors EP,CM2,Mathématiques,20,21,5.67,0,94.52,72.65
2023,54,Lille,Bas-Rhin,Hors EP,6e,Français,23,21,5.67,0,89.97,76.39
2023,54,Lille,Bas-Rhin,Hors EP,6e,Mathématiques,24,21,5.67,0,82.08,69.96
2023,55,Bordeaux,Bouches-du-Rhône,Hors EP,CP,Français,22,24,1.94,0,77.5,73.84
2023,55,Bordeaux,Bouches-du-Rhône,Hors EP,CP,Mathématiques,23,24,1.94,0,74.25,72.41
2023,55,Bordeaux,Bouches-du-Rhône,Hors EP,CE1,Français,21,24,1.94,0,85.49,72.95
2023,55,Bordeaux,Bouches-du-Rhône,Hors EP,CE1,Mathématiques,21,24,1.94,0,77.38,67.26
2023,55,Bordeaux,Bouches-du-Rhône,Hors EP,CM1,Français,19,24,1.94,0,81.88,78.86
2023,55,Bordeaux,Bouches-du-Rhône,Hors EP,CM1,Mathématiques,24,24,1.94,0,86.0,71.4
2023,55,Bordeaux,Bouches-du-Rhône,Hors EP,CM2,Français,21,24,1.94,0,82.46,75.91
2023,55,Bordeaux,Bouches-du-Rhône,Hors EP,CM2,Mathématiques,24,24,1.94,0,82.5,67.14
2023,55,Bordeaux,Bouches-du-Rhône,Hors EP,6e,Français,26,24,1.94,0,89.74,75.19
2023,55,Bordeaux,Bouches-du-Rhône,Hors EP,6e,Mathématiques,21,24,1.94,0,90.2,79.09
2023,56,Nantes,Gironde,REP,CP,Français,23,19,-1.02,0,64.91,63.66
2023,56,Nantes,Gironde,REP,CP,Mathématiques,19,19,-1.02,0,59.32,57.07
2023,56,Nantes,Gironde,REP,CE1,Français,19,19,-1.02,0,64.21,55.85
2023,56,Nantes,Gironde,REP,CE1,Mathématiques,26,19,-1.02,0,55.96,58.39
2023,56,Nantes,Gironde,REP,CM1,Français,18,19,-1.02,1,90.04,74.33
2023,56,Nantes,Gironde,REP,CM1,Mathématiques,20,19,-1.02,0,60.33,61.61
2023,56,Nantes,Gironde,REP,CM2,Français,23,19,-1.02,0,68.54,67.48
2023,56,Nantes,Gironde,REP,CM2,Mathématiques,17,19,-1.02,1,87.22,72.87
2023,56,Nantes,Gironde,REP,6e,Français,23,19,-1.02,0,80.0,74.06
2023,56,Nantes,Gironde,REP,6e,Mathématiques,23,19,-1.02,0,74.57,65.56
2023,57,Paris,Hérault,Hors EP,CP,Français,20,23,9.07,0,84.13,74.15
2023,57,Paris,Hérault,Hors EP,CP,Mathématiques,25,23,9.07,0,71.5,65.72
2023,57,Paris,Hérault,Hors EP,CE1,Français,18,23,9.07,0,87.57,63.28
2023,57,Paris,Hérault,Hors EP,CE1,Mathématiques,26,23,9.07,0,72.84,68.71
2023,57,Paris,Hérault,Hors EP,CM1,Français,23,23,9.07,0,88.79,75.45
2023,57,Paris,Hérault,Hors EP,CM1,Mathématiques,24,23,9.07,0,82.01,80.16
2023,57,Paris,Hérault,Hors EP,CM2,Français,25,23,9.07,0,81.36,67.51
2023,57,Paris,Hérault,Hors EP,CM2,Mathématiques,24,23,9.07,0,90.86,73.17
2023,57,Paris,Hérault,Hors EP,6e,Français,29,23,9.07,0,89.48,77.95
2023,57,Paris,Hérault,Hors EP,6e,Mathématiques,20,23,9.07,0,98.81,79.96
2023,58,Lyon,Loire,REP+,CP,Français,14,18,5.59,1,62.78,64.74
2023,58,Lyon,Loire,REP+,CP,Mathématiques,15,18,5.59,1,64.69,63.02
2023,58,Lyon,Loire,REP+,CE1,Français,12,18,5.59,1,74.86,61.64
2023,58,Lyon,Loire,REP+,CE1,Mathématiques,15,18,5.59,1,73.1,71.94
2023,58,Lyon,Loire,REP+,CM1,Français,17,18,5.59,1,78.45,73.23
2023,58,Lyon,Loire,REP+,CM1,Mathématiques,20,18,5.59,0,68.38,62.04
2023,58,Lyon,Loire,REP+,CM2,Français,14,18,5.59,1,79.02,69.37
2023,58,Lyon,Loire,REP+,CM2,Mathématiques,16,18,5.59,1,72.62,66.56
2023,58,Lyon,Loire,REP+,6e,Français,12,18,5.59,1,85.55,73.92
2023,58,Lyon,Loire,REP+,6e,Mathématiques,16,18,5.59,1,86.0,77.07
2023,59,Lille,Maine-et-Loire,Hors EP,CP,Français,22,25,2.58,0,68.52,55.67
2023,59,Lille,Maine-et-Loire,Hors EP,CP,Mathématiques,22,25,2.58,0,64.12,56.93
2023,59,Lille,Maine-et-Loire,Hors EP,CE1,Français,20,25,2.58,0,78.67,74.16
2023,59,Lille,Maine-et-Loire,Hors EP,CE1,Mathématiques,19,25,2.58,0,81.82,67.78
2023,59,Lille,Maine-et-Loire,Hors EP,CM1,Français,21,25,2.58,0,87.2,72.93
2023,59,Lille,Maine-et-Loire,Hors EP,CM1,Mathématiques,20,25,2.58,0,81.34,61.43
2023,59,Lille,Maine-et-Loire,Hors EP,CM2,Français,23,25,2.58,0,74.35,70.0
2023,59,Lille,Maine-et-Loire,Hors EP,CM2,Mathématiques,24,25,2.58,0,91.62,88.21
2023,59,Lille,Maine-et-Loire,Hors EP,6e,Français,24,25,2.58,0,89.59,86.78
2023,59,Lille,Maine-et-Loire,Hors EP,6e,Mathématiques,19,25,2.58,0,85.35,82.3
2023,60,Bordeaux,Moselle,Hors EP,CP,Français,16,21,6.62,0,75.03,75.85
2023,60,Bordeaux,Moselle,Hors EP,CP,Mathématiques,23,21,6.62,0,71.45,62.84
2023,60,Bordeaux,Moselle,Hors EP,CE1,Français,20,21,6.62,0,77.97,56.86
2023,60,Bordeaux,Moselle,Hors EP,CE1,Mathématiques,12,21,6.62,0,78.96,73.1
2023,60,Bordeaux,Moselle,Hors EP,CM1,Français,18,21,6.62,0,91.94,82.07
2023,60,Bordeaux,Moselle,Hors EP,CM1,Mathématiques,21,21,6.62,0,83.43,73.11
2023,60,Bordeaux,Moselle,Hors EP,CM2,Français,18,21,6.62,0,92.13,69.79
2023,60,Bordeaux,Moselle,Hors EP,CM2,Mathématiques,21,21,6.62,0,85.87,71.18
2023,60,Bordeaux,Moselle,Hors EP,6e,Français,17,21,6.62,0,92.26,77.31
2023,60,Bordeaux,Moselle,Hors EP,6e,Mathématiques,19,21,6.62,0,91.22,82.22
2023,61,Nantes,Nord,REP,CP,Français,17,16,2.38,1,76.78,62.48
2023,61,Nantes,Nord,REP,CP,Mathématiques,14,16,2.38,1,74.44,74.8
2023,61,Nantes,Nord,REP,CE1,Français,15,16,2.38,1,73.96,73.71
2023,61,Nantes,Nord,REP,CE1,Mathématiques,13,16,2.38,1,75.27,64.04
2023,61,Nantes,Nord,REP,CM1,Français,16,16,2.38,1,78.53,66.53
2023,61,Nantes,Nord,REP,CM1,Mathématiques,13,16,2.38,1,82.77,72.1
2023,61,Nantes,Nord,REP,CM2,Français,17,16,2.38,1,84.07,71.13
2023,61,Nantes,Nord,REP,CM2,Mathématiques,17,16,2.38,1,88.65,68.05
2023,61,Nantes,Nord,REP,6e,Français,16,16,2.38,1,89.13,80.15
2023,61,Nantes,Nord,REP,6e,Mathématiques,20,16,2.38,0,67.23,57.44
2023,62,Paris,Paris,Hors EP,CP,Français,23,22,0.95,0,68.52,55.65
2023,62,Paris,Paris,Hors EP,CP,Mathématiques,22,22,0.95,0,68.47,63.48
2023,62,Paris,Paris,Hors EP,CE1,Français,24,22,0.95,0,73.28,59.79
2023,62,Paris,Paris,Hors EP,CE1,Mathématiques,22,22,0.95,0,72.48,60.54
2023,62,Paris,Paris,Hors EP,CM1,Français,26,22,0.95,0,86.57,67.99
2023,62,Paris,Paris,Hors EP,CM1,Mathématiques,27,22,0.95,0,79.63,70.05
2023,62,Paris,Paris,Hors EP,CM2,Français,28,22,0.95,0,82.85,73.35
2023,62,Paris,Paris,Hors EP,CM2,Mathématiques,24,22,0.95,0,84.44,74.71
2023,62,Paris,Paris,Hors EP,6e,Français,24,22,0.95,0,94.31,75.78
2023,62,Paris,Paris,Hors EP,6e,Mathématiques,22,22,0.95,0,87.98,73.0
2023,63,Lyon,Puy-de-Dôme,REP,CP,Français,18,22,3.19,1,78.77,72.25
2023,63,Lyon,Puy-de-Dôme,REP,CP,Mathématiques,19,22,3.19,0,59.62,56.01
2023,63,Lyon,Puy-de-Dôme,REP,CE1,Français,15,22,3.19,1,73.17,67.07
2023,63,Lyon,Puy-de-Dôme,REP,CE1,Mathématiques,15,22,3.19,1,70.52,60.99
2023,63,Lyon,Puy-de-Dôme,REP,CM1,Français,26,22,3.19,0,69.71,67.89
2023,63,Lyon,Puy-de-Dôme,REP,CM1,Mathématiques,17,22,3.19,1,81.51,61.63
2023,63,Lyon,Puy-de-Dôme,REP,CM2,Français,18,22,3.19,1,90.16,69.22
2023,63,Lyon,Puy-de-Dôme,REP,CM2,Mathématiques,20,22,3.19,0,76.22,63.82
2023,63,Lyon,Puy-de-Dôme,REP,6e,Français,17,22,3.19,1,89.66,74.24
2023,63,Lyon,Puy-de-Dôme,REP,6e,Mathématiques,18,22,3.19,1,92.18,75.01
2023,64,Lille,Saône-et-Loire,Hors EP,CP,Français,28,33,-4.14,0,69.43,64.67
2023,64,Lille,Saône-et-Loire,Hors EP,CP,Mathématiques,28,33,-4.14,0,63.23,59.76
2023,64,Lille,Saône-et-Loire,Hors EP,CE1,Français,29,33,-4.14,0,68.53,62.17
2023,64,Lille,Saône-et-Loire,Hors EP,CE1,Mathématiques,27,33,-4.14,0,66.52,60.21
2023,64,Lille,Saône-et-Loire,Hors EP,CM1,Français,28,33,-4.14,0,74.71,71.03
2023,64,Lille,Saône-et-Loire,Hors EP,CM1,Mathématiques,28,33,-4.14,0,83.3,74.78
2023,64,Lille,Saône-et-Loire,Hors EP,CM2,Français,27,33,-4.14,0,89.12,72.02
2023,64,Lille,Saône-et-Loire,Hors EP,CM2,Mathématiques,34,33,-4.14,0,75.62,69.14
2023,64,Lille,Saône-et-Loire,Hors EP,6e,Français,29,33,-4.14,0,88.3,73.9
2023,64,Lille,Saône-et-Loire,Hors EP,6e,Mathématiques,27,33,-4.14,0,87.43,79.58
2023,65,Bordeaux,Ain,Hors EP,CP,Français,28,28,-5.24,0,76.26,71.55
2023,65,Bordeaux,Ain,Hors EP,CP,Mathématiques,32,28,-5.24,0,60.14,58.67
2023,65,Bordeaux,Ain,Hors EP,CE1,Français,30,28,-5.24,0,69.28,62.66
2023,65,Bordeaux,Ain,Hors EP,CE1,Mathématiques,32,28,-5.24,0,72.47,63.02
2023,65,Bordeaux,Ain,Hors EP,CM1,Français,26,28,-5.24,0,87.07,82.49
2023,65,Bordeaux,Ain,Hors EP,CM1,Mathématiques,30,28,-5.24,0,81.14,71.81
2023,65,Bordeaux,Ain,Hors EP,CM2,Français,27,28,-5.24,0,77.87,61.34
2023,65,Bordeaux,Ain,Hors EP,CM2,Mathématiques,29,28,-5.24,0,76.87,64.38
2023,65,Bordeaux,Ain,Hors EP,6e,Français,29,28,-5.24,0,90.83,74.03
2023,65,Bordeaux,Ain,Hors EP,6e,Mathématiques,27,28,-5.24,0,83.61,76.46
2023,66,Nantes,Bas-Rhin,REP,CP,Français,23,20,34.12,0,65.53,53.64
2023,66,Nantes,Bas-Rhin,REP,CP,Mathématiques,22,20,34.12,0,61.27,61.13
2023,66,Nantes,Bas-Rhin,REP,CE1,Français,20,20,34.12,0,70.7,66.1
2023,66,Nantes,Bas-Rhin,REP,CE1,Mathématiques,26,20,34.12,0,68.43,67.86
2023,66,Nantes,Bas-Rhin,REP,CM1,Français,23,20,34.12,0,71.15,67.02
2023,66,Nantes,Bas-Rhin,REP,CM1,Mathématiques,19,20,34.12,0,72.77,73.37
2023,66,Nantes,Bas-Rhin,REP,CM2,Français,22,20,34.12,0,80.02,71.19
2023,66,Nantes,Bas-Rhin,REP,CM2,Mathématiques,21,20,34.12,0,67.19,54.37
2023,66,Nantes,Bas-Rhin,REP,6e,Français,23,20,34.12,0,78.95,68.15
2023,66,Nantes,Bas-Rhin,REP,6e,Mathématiques,18,20,34.12,1,90.36,76.42
2023,67,Paris,Bouches-du-Rhône,REP,CP,Français,19,24,3.68,0,63.3,62.81
2023,67,Paris,Bouches-du-Rhône,REP,CP,Mathématiques,23,24,3.68,0,62.36,61.59
2023,67,Paris,Bouches-du-Rhône,REP,CE1,Français,24,24,3.68,0,61.42,54.09
2023,67,Paris,Bouches-du-Rhône,REP,CE1,Mathématiques,19,24,3.68,0,58.21,59.56
2023,67,Paris,Bouches-du-Rhône,REP,CM1,Français,27,24,3.68,0,60.98,56.81
2023,67,Paris,Bouches-du-Rhône,REP,CM1,Mathématiques,19,24,3.68,0,65.65,60.94
2023,67,Paris,Bouches-du-Rhône,REP,CM2,Français,22,24,3.68,0,66.72,68.96
2023,67,Paris,Bouches-du-Rhône,REP,CM2,Mathématiques,23,24,3.68,0,66.47,60.84
2023,67,Paris,Bouches-du-Rhône,REP,6e,Français,23,24,3.68,0,81.34,68.61
2023,67,Paris,Bouches-du-Rhône,REP,6e,Mathématiques,24,24,3.68,0,79.79,62.66
2023,68,Lyon,Gironde,Hors EP,CP,Français,26,25,-0.98,0,68.35,59.01
2023,68,Lyon,Gironde,Hors EP,CP,Mathématiques,24,25,-0.98,0,71.05,68.62
2023,68,Lyon,Gironde,Hors EP,CE1,Français,27,25,-0.98,0,77.55,65.28
2023,68,Lyon,Gironde,Hors EP,CE1,Mathématiques,26,25,-0.98,0,73.03,66.8
2023,68,Lyon,Gironde,Hors EP,CM1,Français,27,25,-0.98,0,82.33,64.55
2023,68,Lyon,Gironde,Hors EP,CM1,Mathématiques,26,25,-0.98,0,81.52,75.25
2023,68,Lyon,Gironde,Hors EP,CM2,Français,29,25,-0.98,0,87.08,72.35
2023,68,Lyon,Gironde,Hors EP,CM2,Mathématiques,23,25,-0.98,0,83.72,75.11
2023,68,Lyon,Gironde,Hors EP,6e,Français,29,25,-0.98,0,85.11,68.04
2023,68,Lyon,Gironde,Hors EP,6e,Mathématiques,25,25,-0.98,0,85.64,63.75
2023,69,Lille,Hérault,Hors EP,CP,Français,22,26,-3.96,0,70.85,60.4
2023,69,Lille,Hérault,Hors EP,CP,Mathématiques,26,26,-3.96,0,66.82,76.27
2023,69,Lille,Hérault,Hors EP,CE1,Français,23,26,-3.96,0,78.49,66.83
2023,69,Lille,Hérault,Hors EP,CE1,Mathématiques,23,26,-3.96,0,80.56,74.77
2023,69,Lille,Hérault,Hors EP,CM1,Français,20,26,-3.96,0,80.62,69.14
2023,69,Lille,Hérault,Hors EP,CM1,Mathématiques,23,26,-3.96,0,72.74,65.04
2023,69,Lille,Hérault,Hors EP,CM2,Français,19,26,-3.96,0,91.69,81.0
2023,69,Lille,Hérault,Hors EP,CM2,Mathématiques,26,26,-3.96,0,81.17,77.75
2023,69,Lille,Hérault,Hors EP,6e,Français,25,26,-3.96,0,94.53,75.6
2023,69,Lille,Hérault,Hors EP,6e,Mathématiques,28,26,-3.96,0,85.01,80.69
2023,70,Bordeaux,Loire,Hors EP,CP,Français,23,28,-2.16,0,75.42,69.01
2023,70,Bordeaux,Loire,Hors EP,CP,Mathématiques,21,28,-2.16,0,71.17,67.73
2023,70,Bordeaux,Loire,Hors EP,CE1,Français,29,28,-2.16,0,74.6,58.14
2023,70,Bordeaux,Loire,Hors EP,CE1,Mathématiques,22,28,-2.16,0,73.08,71.69
2023,70,Bordeaux,Loire,Hors EP,CM1,Français,23,28,-2.16,0,87.5,71.39
2023,70,Bordeaux,Loire,Hors EP,CM1,Mathématiques,26,28,-2.16,0,72.81,63.54
2023,70,Bordeaux,Loire,Hors EP,CM2,Français,22,28,-2.16,0,95.13,76.22
2023,70,Bordeaux,Loire,Hors EP,CM2,Mathématiques,21,28,-2.16,0,79.22,68.44
2023,70,Bordeaux,Loire,Hors EP,6e,Français,24,28,-2.16,0,94.76,78.26
2023,70,Bordeaux,Loire,Hors EP,6e,Mathématiques,28,28,-2.16,0,83.51,76.92
2023,71,Nantes,Maine-et-Loire,REP,CP,Français,12,18,-13.54,1,72.74,63.14
2023,71,Nantes,Maine-et-Loire,REP,CP,Mathématiques,15,18,-13.54,1,70.25,54.34
2023,71,Nantes,Maine-et-Loire,REP,CE1,Français,16,18,-13.54,1,69.45,59.34
2023,71,Nantes,Maine-et-Loire,REP,CE1,Mathématiques,12,18,-13.54,1,74.82,57.43
2023,71,Nantes,Maine-et-Loire,REP,CM1,Français,12,18,-13.54,1,75.8,65.9
2023,71,Nantes,Maine-et-Loire,REP,CM1,Mathématiques,15,18,-13.54,1,81.53,69.92
2023,71,Nantes,Maine-et-Loire,REP,CM2,Français,17,18,-13.54,1,87.58,69.83
2023,71,Nantes,Maine-et-Loire,REP,CM2,Mathématiques,13,18,-13.54,1,89.67,82.11
2023,71,Nantes,Maine-et-Loire,REP,6e,Français,17,18,-13.54,1,95.17,82.04
2023,71,Nantes,Maine-et-Loire,REP,6e,Mathématiques,16,18,-13.54,1,88.1,83.4
2023,72,Paris,Moselle,Hors EP,CP,Français,30,27,-17.17,0,67.42,59.78
2023,72,Paris,Moselle,Hors EP,CP,Mathématiques,25,27,-17.17,0,60.03,53.68
2023,72,Paris,Moselle,Hors EP,CE1,Français,21,27,-17.17,0,75.41,69.68
2023,72,Paris,Moselle,Hors EP,CE1,Mathématiques,26,27,-17.17,0,76.39,68.42
2023,72,Paris,Moselle,Hors EP,CM1,Français,19,27,-17.17,0,93.32,74.25
2023,72,Paris,Moselle,Hors EP,CM1,Mathématiques,25,27,-17.17,0,76.6,68.29
2023,72,Paris,Moselle,Hors EP,CM2,Français,25,27,-17.17,0,84.44,65.81
2023,72,Paris,Moselle,Hors EP,CM2,Mathématiques,31,27,-17.17,0,78.67,68.76
2023,72,Paris,Moselle,Hors EP,6e,Français,30,27,-17.17,0,79.82,73.62
2023,72,Paris,Moselle,Hors EP,6e,Mathématiques,24,27,-17.17,0,88.85,77.54
2023,73,Lyon,Nord,REP,CP,Français,21,15,-3.03,0,66.33,59.0
2023,73,Lyon,Nord,REP,CP,Mathématiques,15,15,-3.03,1,76.55,77.57
2023,73,Lyon,Nord,REP,CE1,Français,15,15,-3.03,1,83.06,76.63
2023,73,Lyon,Nord,REP,CE1,Mathématiques,19,15,-3.03,0,63.69,54.95
2023,73,Lyon,Nord,REP,CM1,Français,13,15,-3.03,1,76.27,76.42
2023,73,Lyon,Nord,REP,CM1,Mathématiques,16,15,-3.03,1,73.99,70.32
2023,73,Lyon,Nord,REP,CM2,Français,15,15,-3.03,1,84.21,82.6
2023,73,Lyon,Nord,REP,CM2,Mathématiques,13,15,-3.03,1,85.19,69.98
2023,73,Lyon,Nord,REP,6e,Français,14,15,-3.03,1,85.55,73.47
2023,73,Lyon,Nord,REP,6e,Mathématiques,14,15,-3.03,1,91.8,77.19
2023,74,Lille,Paris,Hors EP,CP,Français,19,20,8.83,0,71.54,54.21
2023,74,Lille,Paris,Hors EP,CP,Mathématiques,24,20,8.83,0,74.25,70.72
2023,74,Lille,Paris,Hors EP,CE1,Français,21,20,8.83,0,83.49,76.91
2023,74,Lille,Paris,Hors EP,CE1,Mathématiques,21,20,8.83,0,75.25,61.29
2023,74,Lille,Paris,Hors EP,CM1,Français,22,20,8.83,0,87.48,72.45
2023,74,Lille,Paris,Hors EP,CM1,Mathématiques,20,20,8.83,0,82.78,75.25
2023,74,Lille,Paris,Hors EP,CM2,Français,18,20,8.83,0,88.59,69.81
2023,74,Lille,Paris,Hors EP,CM2,Mathématiques,21,20,8.83,0,89.28,70.36
2023,74,Lille,Paris,Hors EP,6e,Français,23,20,8.83,0,100.0,85.07
2023,74,Lille,Paris,Hors EP,6e,Mathématiques,24,20,8.83,0,86.04,69.05
2023,75,Bordeaux,Puy-de-Dôme,Hors EP,CP,Français,25,23,17.1,0,76.41,63.59
2023,75,Bordeaux,Puy-de-Dôme,Hors EP,CP,Mathématiques,28,23,17.1,0,66.85,65.55
2023,75,Bordeaux,Puy-de-Dôme,Hors EP,CE1,Français,23,23,17.1,0,79.81,72.06
2023,75,Bordeaux,Puy-de-Dôme,Hors EP,CE1,Mathématiques,29,23,17.1,0,68.67,62.71
2023,75,Bordeaux,Puy-de-Dôme,Hors EP,CM1,Français,25,23,17.1,0,76.89,56.41
2023,75,Bordeaux,Puy-de-Dôme,Hors EP,CM1,Mathématiques,22,23,17.1,0,87.3,82.95
2023,75,Bordeaux,Puy-de-Dôme,Hors EP,CM2,Français,22,23,17.1,0,85.48,80.8
2023,75,Bordeaux,Puy-de-Dôme,Hors EP,CM2,Mathématiques,23,23,17.1,0,85.38,80.35
2023,75,Bordeaux,Puy-de-Dôme,Hors EP,6e,Français,27,23,17.1,0,95.66,71.49
2023,75,Bordeaux,Puy-de-Dôme,Hors EP,6e,Mathématiques,21,23,17.1,0,98.89,83.84
2023,76,Nantes,Saône-et-Loire,Hors EP,CP,Français,23,21,18.33,0,72.11,62.66
2023,76,Nantes,Saône-et-Loire,Hors EP,CP,Mathématiques,26,21,18.33,0,75.46,67.28
2023,76,Nantes,Saône-et-Loire,Hors EP,CE1,Français,22,21,18.33,0,84.97,80.9
2023,76,Nantes,Saône-et-Loire,Hors EP,CE1,Mathématiques,19,21,18.33,0,78.75,74.33
2023,76,Nantes,Saône-et-Loire,Hors EP,CM1,Français,23,21,18.33,0,83.0,72.37
2023,76,Nantes,Saône-et-Loire,Hors EP,CM1,Mathématiques,24,21,18.33,0,76.23,67.29
2023,76,Nantes,Saône-et-Loire,Hors EP,CM2,Français,24,21,18.33,0,87.09,70.32
2023,76,Nantes,Saône-et-Loire,Hors EP,CM2,Mathématiques,22,21,18.33,0,83.73,76.19
2023,76,Nantes,Saône-et-Loire,Hors EP,6e,Français,21,21,18.33,0,97.85,79.67
2023,76,Nantes,Saône-et-Loire,Hors EP,6e,Mathématiques,21,21,18.33,0,100.0,82.35
2023,77,Paris,Ain,REP,CP,Français,21,18,9.92,0,61.24,55.5
2023,77,Paris,Ain,REP,CP,Mathématiques,18,18,9.92,1,71.44,59.72
2023,77,Paris,Ain,REP,CE1,Français,22,18,9.92,0,65.19,62.0
2023,77,Paris,Ain,REP,CE1,Mathématiques,19,18,9.92,0,66.61,55.27
2023,77,Paris,Ain,REP,CM1,Français,18,18,9.92,1,93.95,86.82
2023,77,Paris,Ain,REP,CM1,Mathématiques,18,18,9.92,1,79.04,57.66
2023,77,Paris,Ain,REP,CM2,Français,17,18,9.92,1,88.34,73.48
2023,77,Paris,Ain,REP,CM2,Mathématiques,17,18,9.92,1,88.49,70.17
2023,77,Paris,Ain,REP,6e,Français,19,18,9.92,0,83.29,67.23
2023,77,Paris,Ain,REP,6e,Mathématiques,22,18,9.92,0,81.46,66.46
2023,78,Lyon,Bas-Rhin,REP+,CP,Français,14,13,15.93,1,67.63,65.92
2023,78,Lyon,Bas-Rhin,REP+,CP,Mathématiques,15,13,15.93,1,62.21,61.99
2023,78,Lyon,Bas-Rhin,REP+,CE1,Français,12,13,15.93,1,67.41,60.35
2023,78,Lyon,Bas-Rhin,REP+,CE1,Mathématiques,14,13,15.93,1,65.95,50.93
2023,78,Lyon,Bas-Rhin,REP+,CM1,Français,12,13,15.93,1,76.11,64.36
2023,78,Lyon,Bas-Rhin,REP+,CM1,Mathématiques,12,13,15.93,1,68.56,62.29
2023,78,Lyon,Bas-Rhin,REP+,CM2,Français,16,13,15.93,1,82.01,77.35
2023,78,Lyon,Bas-Rhin,REP+,CM2,Mathématiques,12,13,15.93,1,80.41,76.44
2023,78,Lyon,Bas-Rhin,REP+,6e,Français,13,13,15.93,1,86.53,71.97
2023,78,Lyon,Bas-Rhin,REP+,6e,Mathématiques,14,13,15.93,1,87.47,76.24
2023,79,Lille,Bouches-du-Rhône,REP,CP,Français,17,17,-2.3,1,72.75,72.33
2023,79,Lille,Bouches-du-Rhône,REP,CP,Mathématiques,14,17,-2.3,1,62.13,51.54
2023,79,Lille,Bouches-du-Rhône,REP,CE1,Français,14,17,-2.3,1,81.09,63.66
2023,79,Lille,Bouches-du-Rhône,REP,CE1,Mathématiques,13,17,-2.3,1,75.09,70.31
2023,79,Lille,Bouches-du-Rhône,REP,CM1,Français,12,17,-2.3,1,74.25,61.56
2023,79,Lille,Bouches-du-Rhône,REP,CM1,Mathématiques,18,17,-2.3,1,79.87,65.56
2023,79,Lille,Bouches-du-Rhône,REP,CM2,Français,18,17,-2.3,1,87.78,74.15
2023,79,Lille,Bouches-du-Rhône,REP,CM2,Mathématiques,12,17,-2.3,1,80.76,79.7
2023,79,Lille,Bouches-du-Rhône,REP,6e,Français,15,17,-2.3,1,87.92,72.87
2023,79,Lille,Bouches-du-Rhône,REP,6e,Mathématiques,16,17,-2.3,1,93.2,81.48
2023,80,Bordeaux,Gironde,Hors EP,CP,Français,28,29,-5.34,0,70.56,68.36
2023,80,Bordeaux,Gironde,Hors EP,CP,Mathématiques,24,29,-5.34,0,68.78,61.61
2023,80,Bordeaux,Gironde,Hors EP,CE1,Français,27,29,-5.34,0,70.17,67.99
2023,80,Bordeaux,Gironde,Hors EP,CE1,Mathématiques,29,29,-5.34,0,77.44,64.81
2023,80,Bordeaux,Gironde,Hors EP,CM1,Français,28,29,-5.34,0,79.25,73.37
2023,80,Bordeaux,Gironde,Hors EP,CM1,Mathématiques,31,29,-5.34,0,72.58,58.88
2023,80,Bordeaux,Gironde,Hors EP,CM2,Français,26,29,-5.34,0,85.3,78.62
2023,80,Bordeaux,Gironde,Hors EP,CM2,Mathématiques,24,29,-5.34,0,78.19,71.96
2023,80,Bordeaux,Gironde,Hors EP,6e,Français,25,29,-5.34,0,85.5,78.82
2023,80,Bordeaux,Gironde,Hors EP,6e,Mathématiques,27,29,-5.34,0,84.42,79.25
2023,81,Nantes,Hérault,Hors EP,CP,Français,22,19,2.8,0,72.84,64.0
2023,81,Nantes,Hérault,Hors EP,CP,Mathématiques,18,19,2.8,0,76.27,71.02
2023,81,Nantes,Hérault,Hors EP,CE1,Français,20,19,2.8,0,84.81,75.98
2023,81,Nantes,Hérault,Hors EP,CE1,Mathématiques,17,19,2.8,0,78.18,65.92
2023,81,Nantes,Hérault,Hors EP,CM1,Français,22,19,2.8,0,86.31,74.33
2023,81,Nantes,Hérault,Hors EP,CM1,Mathématiques,23,19,2.8,0,71.94,60.9
2023,81,Nantes,Hérault,Hors EP,CM2,Français,19,19,2.8,0,93.07,81.05
2023,81,Nantes,Hérault,Hors EP,CM2,Mathématiques,20,19,2.8,0,82.12,72.87
2023,81,Nantes,Hérault,Hors EP,6e,Français,20,19,2.8,0,89.43,74.33
2023,81,Nantes,Hérault,Hors EP,6e,Mathématiques,21,19,2.8,0,99.58,77.27
2023,82,Paris,Loire,Hors EP,CP,Français,23,22,-14.54,0,71.84,62.28
2023,82,Paris,Loire,Hors EP,CP,Mathématiques,22,22,-14.54,0,69.34,62.7
2023,82,Paris,Loire,Hors EP,CE1,Français,20,22,-14.54,0,73.33,73.32
2023,82,Paris,Loire,Hors EP,CE1,Mathématiques,25,22,-14.54,0,77.61,65.08
2023,82,Paris,Loire,Hors EP,CM1,Français,19,22,-14.54,0,82.99,76.8
2023,82,Paris,Loire,Hors EP,CM1,Mathématiques,21,22,-14.54,0,77.61,69.59
2023,82,Paris,Loire,Hors EP,CM2,Français,19,22,-14.54,0,83.76,72.6
2023,82,Paris,Loire,Hors EP,CM2,Mathématiques,20,22,-14.54,0,85.89,59.98
2023,82,Paris,Loire,Hors EP,6e,Français,19,22,-14.54,0,94.65,71.78
2023,82,Paris,Loire,Hors EP,6e,Mathématiques,17,22,-14.54,0,92.93,81.7
2023,83,Lyon,Maine-et-Loire,Hors EP,CP,Français,26,27,-18.75,0,67.23,59.85
2023,83,Lyon,Maine-et-Loire,Hors EP,CP,Mathématiques,24,27,-18.75,0,59.83,60.28
2023,83,Lyon,Maine-et-Loire,Hors EP,CE1,Français,26,27,-18.75,0,72.68,66.74
2023,83,Lyon,Maine-et-Loire,Hors EP,CE1,Mathématiques,22,27,-18.75,0,76.54,62.93
2023,83,Lyon,Maine-et-Loire,Hors EP,CM1,Français,23,27,-18.75,0,80.87,69.8
2023,83,Lyon,Maine-et-Loire,Hors EP,CM1,Mathématiques,26,27,-18.75,0,84.9,72.18
2023,83,Lyon,Maine-et-Loire,Hors EP,CM2,Français,24,27,-18.75,0,81.24,75.4
2023,83,Lyon,Maine-et-Loire,Hors EP,CM2,Mathématiques,22,27,-18.75,0,97.8,73.15
2023,83,Lyon,Maine-et-Loire,Hors EP,6e,Français,28,27,-18.75,0,90.71,71.07
2023,83,Lyon,Maine-et-Loire,Hors EP,6e,Mathématiques,29,27,-18.75,0,78.17,66.59
2023,84,Lille,Moselle,REP,CP,Français,26,19,9.96,0,55.19,38.76
2023,84,Lille,Moselle,REP,CP,Mathématiques,22,19,9.96,0,55.62,61.91
2023,84,Lille,Moselle,REP,CE1,Français,20,19,9.96,0,63.48,53.1
2023,84,Lille,Moselle,REP,CE1,Mathématiques,22,19,9.96,0,60.86,63.72
2023,84,Lille,Moselle,REP,CM1,Français,19,19,9.96,0,80.16,62.61
2023,84,Lille,Moselle,REP,CM1,Mathématiques,16,19,9.96,1,84.43,70.09
2023,84,Lille,Moselle,REP,CM2,Français,19,19,9.96,0,74.24,60.06
2023,84,Lille,Moselle,REP,CM2,Mathématiques,22,19,9.96,0,73.01,59.35
2023,84,Lille,Moselle,REP,6e,Français,22,19,9.96,0,86.38,73.2
2023,84,Lille,Moselle,REP,6e,Mathématiques,23,19,9.96,0,72.69,67.31
2023,85,Bordeaux,Nord,Hors EP,CP,Français,21,26,2.79,0,75.22,61.8
2023,85,Bordeaux,Nord,Hors EP,CP,Mathématiques,19,26,2.79,0,71.91,61.99
2023,85,Bordeaux,Nord,Hors EP,CE1,Français,20,26,2.79,0,85.67,69.42
2023,85,Bordeaux,Nord,Hors EP,CE1,Mathématiques,20,26,2.79,0,71.7,57.35
2023,85,Bordeaux,Nord,Hors EP,CM1,Français,25,26,2.79,0,82.7,74.69
2023,85,Bordeaux,Nord,Hors EP,CM1,Mathématiques,25,26,2.79,0,77.04,74.75
2023,85,Bordeaux,Nord,Hors EP,CM2,Français,20,26,2.79,0,86.1,75.42
2023,85,Bordeaux,Nord,Hors EP,CM2,Mathématiques,22,26,2.79,0,86.88,79.15
2023,85,Bordeaux,Nord,Hors EP,6e,Français,22,26,2.79,0,95.64,86.84
2023,85,Bordeaux,Nord,Hors EP,6e,Mathématiques,23,26,2.79,0,92.56,70.85
2023,86,Nantes,Paris,Hors EP,CP,Français,21,26,-19.09,0,69.95,73.1
2023,86,Nantes,Paris,Hors EP,CP,Mathématiques,20,26,-19.09,0,72.4,61.42
2023,86,Nantes,Paris,Hors EP,CE1,Français,19,26,-19.09,0,80.88,66.4
2023,86,Nantes,Paris,Hors EP,CE1,Mathématiques,23,26,-19.09,0,74.53,75.21
2023,86,Nantes,Paris,Hors EP,CM1,Français,19,26,-19.09,0,83.62,71.31
2023,86,Nantes,Paris,Hors EP,CM1,Mathématiques,22,26,-19.09,0,90.17,75.45
2023,86,Nantes,Paris,Hors EP,CM2,Français,16,26,-19.09,0,89.32,75.14
2023,86,Nantes,Paris,Hors EP,CM2,Mathématiques,21,26,-19.09,0,81.28,63.66
2023,86,Nantes,Paris,Hors EP,6e,Français,27,26,-19.09,0,88.54,74.25
2023,86,Nantes,Paris,Hors EP,6e,Mathématiques,27,26,-19.09,0,80.2,72.55
2023,87,Paris,Puy-de-Dôme,Hors EP,CP,Français,31,26,5.65,0,66.9,49.53
2023,87,Paris,Puy-de-Dôme,Hors EP,CP,Mathématiques,26,26,5.65,0,70.14,67.2
2023,87,Paris,Puy-de-Dôme,Hors EP,CE1,Français,30,26,5.65,0,78.24,67.55
2023,87,Paris,Puy-de-Dôme,Hors EP,CE1,Mathématiques,24,26,5.65,0,68.74,59.05
2023,87,Paris,Puy-de-Dôme,Hors EP,CM1,Français,27,26,5.65,0,74.01,60.69
2023,87,Paris,Puy-de-Dôme,Hors EP,CM1,Mathématiques,27,26,5.65,0,74.17,67.28
2023,87,Paris,Puy-de-Dôme,Hors EP,CM2,Français,24,26,5.65,0,89.07,71.71
2023,87,Paris,Puy-de-Dôme,Hors EP,CM2,Mathématiques,21,26,5.65,0,91.78,73.93
2023,87,Paris,Puy-de-Dôme,Hors EP,6e,Français,25,26,5.65,0,88.77,78.08
2023,87,Paris,Puy-de-Dôme,Hors EP,6e,Mathématiques,27,26,5.65,0,89.52,73.12
2023,88,Lyon,Saône-et-Loire,Hors EP,CP,Français,22,27,3.68,0,75.55,65.55
2023,88,Lyon,Saône-et-Loire,Hors EP,CP,Mathématiques,20,27,3.68,0,64.84,58.76
2023,88,Lyon,Saône-et-Loire,Hors EP,CE1,Français,25,27,3.68,0,74.32,69.96
2023,88,Lyon,Saône-et-Loire,Hors EP,CE1,Mathématiques,23,27,3.68,0,68.2,57.25
2023,88,Lyon,Saône-et-Loire,Hors EP,CM1,Français,23,27,3.68,0,83.18,67.57
2023,88,Lyon,Saône-et-Loire,Hors EP,CM1,Mathématiques,20,27,3.68,0,71.58,64.29
2023,88,Lyon,Saône-et-Loire,Hors EP,CM2,Français,22,27,3.68,0,80.32,72.74
2023,88,Lyon,Saône-et-Loire,Hors EP,CM2,Mathématiques,29,27,3.68,0,79.62,70.48
2023,88,Lyon,Saône-et-Loire,Hors EP,6e,Français,26,27,3.68,0,80.33,74.07
2023,88,Lyon,Saône-et-Loire,Hors EP,6e,Mathématiques,28,27,3.68,0,94.21,76.87
2023,89,Lille,Ain,REP+,CP,Français,19,22,10.5,0,57.08,48.55
2023,89,Lille,Ain,REP+,CP,Mathématiques,21,22,10.5,0,49.49,60.37
2023,89,Lille,Ain,REP+,CE1,Français,22,22,10.5,0,47.48,47.28
2023,89,Lille,Ain,REP+,CE1,Mathématiques,22,22,10.5,0,52.03,44.86
2023,89,Lille,Ain,REP+,CM1,Français,23,22,10.5,0,57.93,57.27
2023,89,Lille,Ain,REP+,CM1,Mathématiques,18,22,10.5,1,70.36,67.62
2023,89,Lille,Ain,REP+,CM2,Français,22,22,10.5,0,68.3,61.3
2023,89,Lille,Ain,REP+,CM2,Mathématiques,21,22,10.5,0,62.5,49.91
2023,89,Lille,Ain,REP+,6e,Français,22,22,10.5,0,80.04,72.45
2023,89,Lille,Ain,REP+,6e,Mathématiques,22,22,10.5,0,64.72,63.4
2023,90,Bordeaux,Bas-Rhin,REP,CP,Français,19,23,19.03,0,59.08,55.92
2023,90,Bordeaux,Bas-Rhin,REP,CP,Mathématiques,20,23,19.03,0,56.05,59.22
2023,90,Bordeaux,Bas-Rhin,REP,CE1,Français,19,23,19.03,0,68.83,53.65
2023,90,Bordeaux,Bas-Rhin,REP,CE1,Mathématiques,22,23,19.03,0,68.51,67.65
2023,90,Bordeaux,Bas-Rhin,REP,CM1,Français,25,23,19.03,0,69.13,67.57
2023,90,Bordeaux,Bas-Rhin,REP,CM1,Mathématiques,23,23,19.03,0,66.31,62.0
2023,90,Bordeaux,Bas-Rhin,REP,CM2,Français,24,23,19.03,0,69.41,56.9
2023,90,Bordeaux,Bas-Rhin,REP,CM2,Mathématiques,22,23,19.03,0,68.69,55.53
2023,90,Bordeaux,Bas-Rhin,REP,6e,Français,21,23,19.03,0,87.55,79.4
2023,90,Bordeaux,Bas-Rhin,REP,6e,Mathématiques,23,23,19.03,0,79.1,79.22
2023,91,Nantes,Bouches-du-Rhône,Hors EP,CP,Français,28,23,-15.45,0,65.27,62.86
2023,91,Nantes,Bouches-du-Rhône,Hors EP,CP,Mathématiques,24,23,-15.45,0,72.86,59.56
2023,91,Nantes,Bouches-du-Rhône,Hors EP,CE1,Français,28,23,-15.45,0,74.67,56.8
2023,91,Nantes,Bouches-du-Rhône,Hors EP,CE1,Mathématiques,24,23,-15.45,0,75.84,74.76
2023,91,Nantes,Bouches-du-Rhône,Hors EP,CM1,Français,27,23,-15.45,0,75.76,61.68
2023,91,Nantes,Bouches-du-Rhône,Hors EP,CM1,Mathématiques,26,23,-15.45,0,73.53,63.08
2023,91,Nantes,Bouches-du-Rhône,Hors EP,CM2,Français,24,23,-15.45,0,89.21,84.7
2023,91,Nantes,Bouches-du-Rhône,Hors EP,CM2,Mathématiques,28,23,-15.45,0,78.69,64.01
2023,91,Nantes,Bouches-du-Rhône,Hors EP,6e,Français,27,23,-15.45,0,95.04,84.65
2023,91,Nantes,Bouches-du-Rhône,Hors EP,6e,Mathématiques,26,23,-15.45,0,83.25,73.33
2023,92,Paris,Gironde,Hors EP,CP,Français,31,26,-8.25,0,60.8,51.43
2023,92,Paris,Gironde,Hors EP,CP,Mathématiques,25,26,-8.25,0,66.3,65.2
2023,92,Paris,Gironde,Hors EP,CE1,Français,28,26,-8.25,0,66.05,56.13
2023,92,Paris,Gironde,Hors EP,CE1,Mathématiques,23,26,-8.25,0,76.54,69.19
2023,92,Paris,Gironde,Hors EP,CM1,Français,24,26,-8.25,0,82.08,65.19
2023,92,Paris,Gironde,Hors EP,CM1,Mathématiques,23,26,-8.25,0,73.16,65.48
2023,92,Paris,Gironde,Hors EP,CM2,Français,25,26,-8.25,0,80.78,72.04
2023,92,Paris,Gironde,Hors EP,CM2,Mathématiques,28,26,-8.25,0,74.87,64.28
2023,92,Paris,Gironde,Hors EP,6e,Français,26,26,-8.25,0,89.28,68.85
2023,92,Paris,Gironde,Hors EP,6e,Mathématiques,24,26,-8.25,0,85.98,72.61
2023,93,Lyon,Hérault,Hors EP,CP,Français,29,27,-20.62,0,72.99,63.8
2023,93,Lyon,Hérault,Hors EP,CP,Mathématiques,28,27,-20.62,0,61.65,59.84
2023,93,Lyon,Hérault,Hors EP,CE1,Français,28,27,-20.62,0,63.21,54.62
2023,93,Lyon,Hérault,Hors EP,CE1,Mathématiques,29,27,-20.62,0,68.54,58.69
2023,93,Lyon,Hérault,Hors EP,CM1,Français,28,27,-20.62,0,76.23,62.95
2023,93,Lyon,Hérault,Hors EP,CM1,Mathématiques,29,27,-20.62,0,74.23,59.54
2023,93,Lyon,Hérault,Hors EP,CM2,Français,30,27,-20.62,0,74.32,60.19
2023,93,Lyon,Hérault,Hors EP,CM2,Mathématiques,27,27,-20.62,0,85.07,64.27
2023,93,Lyon,Hérault,Hors EP,6e,Français,28,27,-20.62,0,85.91,79.25
2023,93,Lyon,Hérault,Hors EP,6e,Mathématiques,34,27,-20.62,0,75.73,69.19
2023,94,Lille,Loire,Hors EP,CP,Français,24,24,-19.03,0,71.85,59.56
2023,94,Lille,Loire,Hors EP,CP,Mathématiques,25,24,-19.03,0,58.14,55.0
2023,94,Lille,Loire,Hors EP,CE1,Français,27,24,-19.03,0,70.13,57.8
2023,94,Lille,Loire,Hors EP,CE1,Mathématiques,20,24,-19.03,0,76.17,71.44
2023,94,Lille,Loire,Hors EP,CM1,Français,24,24,-19.03,0,77.73,58.2
2023,94,Lille,Loire,Hors EP,CM1,Mathématiques,24,24,-19.03,0,73.72,61.97
2023,94,Lille,Loire,Hors EP,CM2,Français,28,24,-19.03,0,73.11,56.38
2023,94,Lille,Loire,Hors EP,CM2,Mathématiques,25,24,-19.03,0,79.18,66.25
2023,94,Lille,Loire,Hors EP,6e,Français,25,24,-19.03,0,90.07,71.38
2023,94,Lille,Loire,Hors EP,6e,Mathématiques,23,24,-19.03,0,87.94,75.63
2023,95,Bordeaux,Maine-et-Loire,Hors EP,CP,Français,22,21,11.4,0,74.81,64.69
2023,95,Bordeaux,Maine-et-Loire,Hors EP,CP,Mathématiques,20,21,11.4,0,69.85,61.01
2023,95,Bordeaux,Maine-et-Loire,Hors EP,CE1,Français,23,21,11.4,0,74.37,65.19
2023,95,Bordeaux,Maine-et-Loire,Hors EP,CE1,Mathématiques,22,21,11.4,0,84.27,75.92
2023,95,Bordeaux,Maine-et-Loire,Hors EP,CM1,Français,24,21,11.4,0,87.61,71.85
2023,95,Bordeaux,Maine-et-Loire,Hors EP,CM1,Mathématiques,25,21,11.4,0,80.28,69.37
2023,95,Bordeaux,Maine-et-Loire,Hors EP,CM2,Français,19,21,11.4,0,91.16,68.16
2023,95,Bordeaux,Maine-et-Loire,Hors EP,CM2,Mathématiques,21,21,11.4,0,85.58,71.2
2023,95,Bordeaux,Maine-et-Loire,Hors EP,6e,Français,19,21,11.4,0,100.0,85.96
2023,95,Bordeaux,Maine-et-Loire,Hors EP,6e,Mathématiques,26,21,11.4,0,96.15,81.16
2023,96,Nantes,Moselle,Hors EP,CP,Français,27,29,-3.34,0,87.4,80.26
2023,96,Nantes,Moselle,Hors EP,CP,Mathématiques,26,29,-3.34,0,69.08,64.35
2023,96,Nantes,Moselle,Hors EP,CE1,Français,25,29,-3.34,0,78.2,67.4
2023,96,Nantes,Moselle,Hors EP,CE1,Mathématiques,22,29,-3.34,0,76.67,70.21
2023,96,Nantes,Moselle,Hors EP,CM1,Français,25,29,-3.34,0,82.19,75.7
2023,96,Nantes,Moselle,Hors EP,CM1,Mathématiques,25,29,-3.34,0,75.79,62.99
2023,96,Nantes,Moselle,Hors EP,CM2,Français,24,29,-3.34,0,93.61,77.66
2023,96,Nantes,Moselle,Hors EP,CM2,Mathématiques,26,29,-3.34,0,80.44,67.65
2023,96,Nantes,Moselle,Hors EP,6e,Français,23,29,-3.34,0,93.05,75.69
2023,96,Nantes,Moselle,Hors EP,6e,Mathématiques,28,29,-3.34,0,84.62,72.32
2023,97,Paris,Nord,Hors EP,CP,Français,26,27,-12.48,0,61.74,63.1
2023,97,Paris,Nord,Hors EP,CP,Mathématiques,25,27,-12.48,0,59.98,49.4
2023,97,Paris,Nord,Hors EP,CE1,Français,27,27,-12.48,0,64.41,60.19
2023,97,Paris,Nord,Hors EP,CE1,Mathématiques,24,27,-12.48,0,70.73,59.72
2023,97,Paris,Nord,Hors EP,CM1,Français,23,27,-12.48,0,79.31,71.79
2023,97,Paris,Nord,Hors EP,CM1,Mathématiques,24,27,-12.48,0,79.5,67.85
2023,97,Paris,Nord,Hors EP,CM2,Français,27,27,-12.48,0,84.77,69.94
2023,97,Paris,Nord,Hors EP,CM2,Mathématiques,23,27,-12.48,0,87.8,70.64
2023,97,Paris,Nord,Hors EP,6e,Français,26,27,-12.48,0,88.94,73.17
2023,97,Paris,Nord,Hors EP,6e,Mathématiques,26,27,-12.48,0,91.96,80.66
2023,98,Lyon,Paris,Hors EP,CP,Français,28,33,-13.35,0,73.29,69.55
2023,98,Lyon,Paris,Hors EP,CP,Mathématiques,25,33,-13.35,0,64.63,52.33
2023,98,Lyon,Paris,Hors EP,CE1,Français,29,33,-13.35,0,74.06,70.24
2023,98,Lyon,Paris,Hors EP,CE1,Mathématiques,30,33,-13.35,0,64.19,58.17
2023,98,Lyon,Paris,Hors EP,CM1,Français,31,33,-13.35,0,84.76,66.71
2023,98,Lyon,Paris,Hors EP,CM1,Mathématiques,33,33,-13.35,0,70.5,67.04
2023,98,Lyon,Paris,Hors EP,CM2,Français,29,33,-13.35,0,87.32,76.02
2023,98,Lyon,Paris,Hors EP,CM2,Mathématiques,27,33,-13.35,0,81.82,76.27
2023,98,Lyon,Paris,Hors EP,6e,Français,29,33,-13.35,0,76.67,66.56
2023,98,Lyon,Paris,Hors EP,6e,Mathématiques,29,33,-13.35,0,82.8,68.82
2023,99,Lille,Puy-de-Dôme,Hors EP,CP,Français,22,17,1.3,0,73.99,67.54
2023,99,Lille,Puy-de-Dôme,Hors EP,CP,Mathématiques,17,17,1.3,0,75.08,74.87
2023,99,Lille,Puy-de-Dôme,Hors EP,CE1,Français,14,17,1.3,0,78.65,72.25
2023,99,Lille,Puy-de-Dôme,Hors EP,CE1,Mathématiques,18,17,1.3,0,77.38,67.27
2023,99,Lille,Puy-de-Dôme,Hors EP,CM1,Français,19,17,1.3,0,88.94,71.91
2023,99,Lille,Puy-de-Dôme,Hors EP,CM1,Mathématiques,18,17,1.3,0,84.43,74.77
2023,99,Lille,Puy-de-Dôme,Hors EP,CM2,Français,16,17,1.3,0,87.22,77.67
2023,99,Lille,Puy-de-Dôme,Hors EP,CM2,Mathématiques,18,17,1.3,0,96.02,73.72
2023,99,Lille,Puy-de-Dôme,Hors EP,6e,Français,17,17,1.3,0,96.62,78.72
2023,99,Lille,Puy-de-Dôme,Hors EP,6e,Mathématiques,13,17,1.3,0,89.86,77.46
2023,100,Bordeaux,Saône-et-Loire,Hors EP,CP,Français,22,24,28.48,0,70.56,64.96
2023,100,Bordeaux,Saône-et-Loire,Hors EP,CP,Mathématiques,17,24,28.48,0,71.84,65.92
2023,100,Bordeaux,Saône-et-Loire,Hors EP,CE1,Français,19,24,28.48,0,82.69,63.81
2023,100,Bordeaux,Saône-et-Loire,Hors EP,CE1,Mathématiques,22,24,28.48,0,83.37,68.63
2023,100,Bordeaux,Saône-et-Loire,Hors EP,CM1,Français,22,24,28.48,0,83.65,68.15
2023,100,Bordeaux,Saône-et-Loire,Hors EP,CM1,Mathématiques,20,24,28.48,0,89.65,68.9
2023,100,Bordeaux,Saône-et-Loire,Hors EP,CM2,Français,21,24,28.48,0,95.06,84.19
2023,100,Bordeaux,Saône-et-Loire,Hors EP,CM2,Mathématiques,23,24,28.48,0,88.09,72.06
2023,100,Bordeaux,Saône-et-Loire,Hors EP,6e,Français,24,24,28.48,0,91.62,73.04
2023,100,Bordeaux,Saône-et-Loire,Hors EP,6e,Mathématiques,25,24,28.48,0,93.24,80.38
2023,101,Nantes,Ain,Hors EP,CP,Français,24,23,3.01,0,68.6,56.2
2023,101,Nantes,Ain,Hors EP,CP,Mathématiques,24,23,3.01,0,63.35,57.36
2023,101,Nantes,Ain,Hors EP,CE1,Français,23,23,3.01,0,76.83,69.25
2023,101,Nantes,Ain,Hors EP,CE1,Mathématiques,26,23,3.01,0,68.46,65.9
2023,101,Nantes,Ain,Hors EP,CM1,Français,23,23,3.01,0,91.25,74.12
2023,101,Nantes,Ain,Hors EP,CM1,Mathématiques,20,23,3.01,0,86.81,76.16
2023,101,Nantes,Ain,Hors EP,CM2,Français,27,23,3.01,0,86.16,85.29
2023,101,Nantes,Ain,Hors EP,CM2,Mathématiques,24,23,3.01,0,89.17,73.01
2023,101,Nantes,Ain,Hors EP,6e,Français,25,23,3.01,0,94.61,83.5
2023,101,Nantes,Ain,Hors EP,6e,Mathématiques,26,23,3.01,0,73.1,64.36
2023,102,Paris,Bas-Rhin,REP,CP,Français,20,20,11.73,0,60.82,49.02
2023,102,Paris,Bas-Rhin,REP,CP,Mathématiques,23,20,11.73,0,54.49,51.4
2023,102,Paris,Bas-Rhin,REP,CE1,Français,24,20,11.73,0,60.72,54.91
2023,102,Paris,Bas-Rhin,REP,CE1,Mathématiques,20,20,11.73,0,56.88,45.07
2023,102,Paris,Bas-Rhin,REP,CM1,Français,18,20,11.73,1,81.9,71.36
2023,102,Paris,Bas-Rhin,REP,CM1,Mathématiques,17,20,11.73,1,82.86,60.56
2023,102,Paris,Bas-Rhin,REP,CM2,Français,19,20,11.73,0,80.63,71.47
2023,102,Paris,Bas-Rhin,REP,CM2,Mathématiques,19,20,11.73,0,73.04,63.71
2023,102,Paris,Bas-Rhin,REP,6e,Français,22,20,11.73,0,78.61,73.35
2023,102,Paris,Bas-Rhin,REP,6e,Mathématiques,22,20,11.73,0,70.5,62.3
2023,103,Lyon,Bouches-du-Rhône,Hors EP,CP,Français,20,21,5.68,0,71.5,64.67
2023,103,Lyon,Bouches-du-Rhône,Hors EP,CP,Mathématiques,16,21,5.68,0,75.53,63.05
2023,103,Lyon,Bouches-du-Rhône,Hors EP,CE1,Français,22,21,5.68,0,76.95,68.48
2023,103,Lyon,Bouches-du-Rhône,Hors EP,CE1,Mathématiques,20,21,5.68,0,77.04,67.91
2023,103,Lyon,Bouches-du-Rhône,Hors EP,CM1,Français,20,21,5.68,0,82.35,73.01
2023,103,Lyon,Bouches-du-Rhône,Hors EP,CM1,Mathématiques,21,21,5.68,0,84.27,70.53
2023,103,Lyon,Bouches-du-Rhône,Hors EP,CM2,Français,19,21,5.68,0,90.64,76.04
2023,103,Lyon,Bouches-du-Rhône,Hors EP,CM2,Mathématiques,16,21,5.68,0,96.39,90.22
2023,103,Lyon,Bouches-du-Rhône,Hors EP,6e,Français,17,21,5.68,0,100.0,90.29
2023,103,Lyon,Bouches-du-Rhône,Hors EP,6e,Mathématiques,17,21,5.68,0,85.47,80.7
2023,104,Lille,Gironde,Hors EP,CP,Français,29,26,-4.43,0,64.68,60.62
2023,104,Lille,Gironde,Hors EP,CP,Mathématiques,25,26,-4.43,0,73.46,70.43
2023,104,Lille,Gironde,Hors EP,CE1,Français,21,26,-4.43,0,77.58,56.88
2023,104,Lille,Gironde,Hors EP,CE1,Mathématiques,22,26,-4.43,0,74.52,69.38
2023,104,Lille,Gironde,Hors EP,CM1,Français,26,26,-4.43,0,82.97,76.77
2023,104,Lille,Gironde,Hors EP,CM1,Mathématiques,22,26,-4.43,0,86.15,73.64
2023,104,Lille,Gironde,Hors EP,CM2,Français,25,26,-4.43,0,89.29,77.68
2023,104,Lille,Gironde,Hors EP,CM2,Mathématiques,18,26,-4.43,0,93.89,80.73
2023,104,Lille,Gironde,Hors EP,6e,Français,24,26,-4.43,0,92.98,80.66
2023,104,Lille,Gironde,Hors EP,6e,Mathématiques,25,26,-4.43,0,85.54,75.5
2023,105,Bordeaux,Hérault,REP,CP,Français,22,22,-7.57,0,56.43,51.48
2023,105,Bordeaux,Hérault,REP,CP,Mathématiques,23,22,-7.57,0,56.3,43.68
2023,105,Bordeaux,Hérault,REP,CE1,Français,23,22,-7.57,0,60.73,54.22
2023,105,Bordeaux,Hérault,REP,CE1,Mathématiques,19,22,-7.57,0,62.49,54.88
2023,105,Bordeaux,Hérault,REP,CM1,Français,25,22,-7.57,0,58.42,49.91
2023,105,Bordeaux,Hérault,REP,CM1,Mathématiques,19,22,-7.57,0,69.86,68.37
2023,105,Bordeaux,Hérault,REP,CM2,Français,23,22,-7.57,0,68.17,59.21
2023,105,Bordeaux,Hérault,REP,CM2,Mathématiques,20,22,-7.57,0,75.08,63.8
2023,105,Bordeaux,Hérault,REP,6e,Français,18,22,-7.57,1,94.22,85.39
2023,105,Bordeaux,Hérault,REP,6e,Mathématiques,22,22,-7.57,0,76.53,59.51
2023,106,Nantes,Loire,Hors EP,CP,Français,19,18,-3.7,0,75.27,71.12
2023,106,Nantes,Loire,Hors EP,CP,Mathématiques,20,18,-3.7,0,70.81,58.13
2023,106,Nantes,Loire,Hors EP,CE1,Français,13,18,-3.7,0,87.51,69.79
2023,106,Nantes,Loire,Hors EP,CE1,Mathématiques,14,18,-3.7,0,78.64,61.04
2023,106,Nantes,Loire,Hors EP,CM1,Français,18,18,-3.7,0,85.54,77.79
2023,106,Nantes,Loire,Hors EP,CM1,Mathématiques,20,18,-3.7,0,87.22,75.34
2023,106,Nantes,Loire,Hors EP,CM2,Français,16,18,-3.7,0,87.39,71.77
2023,106,Nantes,Loire,Hors EP,CM2,Mathématiques,23,18,-3.7,0,83.44,72.54
2023,106,Nantes,Loire,Hors EP,6e,Français,22,18,-3.7,0,94.6,75.59
2023,106,Nantes,Loire,Hors EP,6e,Mathématiques,20,18,-3.7,0,90.33,77.87
2023,107,Paris,Maine-et-Loire,REP,CP,Français,17,19,19.2,1,80.73,66.94
2023,107,Paris,Maine-et-Loire,REP,CP,Mathématiques,24,19,19.2,0,53.55,49.45
2023,107,Paris,Maine-et-Loire,REP,CE1,Français,23,19,19.2,0,72.29,68.25
2023,107,Paris,Maine-et-Loire,REP,CE1,Mathématiques,16,19,19.2,1,76.17,66.81
2023,107,Paris,Maine-et-Loire,REP,CM1,Français,17,19,19.2,1,87.94,70.92
2023,107,Paris,Maine-et-Loire,REP,CM1,Mathématiques,16,19,19.2,1,74.51,74.23
2023,107,Paris,Maine-et-Loire,REP,CM2,Français,18,19,19.2,1,87.6,69.42
2023,107,Paris,Maine-et-Loire,REP,CM2,Mathématiques,22,19,19.2,0,67.99,55.21
2023,107,Paris,Maine-et-Loire,REP,6e,Français,18,19,19.2,1,94.71,82.69
2023,107,Paris,Maine-et-Loire,REP,6e,Mathématiques,17,19,19.2,1,98.75,78.81
2023,108,Lyon,Moselle,Hors EP,CP,Français,23,25,-14.02,0,66.81,59.77
2023,108,Lyon,Moselle,Hors EP,CP,Mathématiques,18,25,-14.02,0,67.53,66.45
2023,108,Lyon,Moselle,Hors EP,CE1,Français,25,25,-14.02,0,79.23,61.52
2023,108,Lyon,Moselle,Hors EP,CE1,Mathématiques,18,25,-14.02,0,85.72,72.02
2023,108,Lyon,Moselle,Hors EP,CM1,Français,18,25,-14.02,0,90.69,77.0
2023,108,Lyon,Moselle,Hors EP,CM1,Mathématiques,22,25,-14.02,0,69.15,60.39
2023,108,Lyon,Moselle,Hors EP,CM2,Français,23,25,-14.02,0,83.44,77.91
2023,108,Lyon,Moselle,Hors EP,CM2,Mathématiques,18,25,-14.02,0,87.31,82.6
2023,108,Lyon,Moselle,Hors EP,6e,Français,18,25,-14.02,0,97.04,83.91
2023,108,Lyon,Moselle,Hors EP,6e,Mathématiques,21,25,-14.02,0,88.99,71.13
2023,109,Lille,Nord,REP,CP,Français,18,23,13.2,1,67.74,58.08
2023,109,Lille,Nord,REP,CP,Mathématiques,18,23,13.2,1,69.92,56.33
2023,109,Lille,Nord,REP,CE1,Français,21,23,13.2,0,72.6,64.9
2023,109,Lille,Nord,REP,CE1,Mathématiques,16,23,13.2,1,70.97,64.37
2023,109,Lille,Nord,REP,CM1,Français,15,23,13.2,1,78.54,60.17
2023,109,Lille,Nord,REP,CM1,Mathématiques,20,23,13.2,0,80.01,63.1
2023,109,Lille,Nord,REP,CM2,Français,22,23,13.2,0,73.95,58.68
2023,109,Lille,Nord,REP,CM2,Mathématiques,24,23,13.2,0,81.4,72.41
2023,109,Lille,Nord,REP,6e,Français,21,23,13.2,0,82.66,70.47
2023,109,Lille,Nord,REP,6e,Mathématiques,21,23,13.2,0,82.43,79.37
2023,110,Bordeaux,Paris,REP,CP,Français,26,21,12.29,0,62.54,61.52
2023,110,Bordeaux,Paris,REP,CP,Mathématiques,22,21,12.29,0,64.08,70.65
2023,110,Bordeaux,Paris,REP,CE1,Français,16,21,12.29,1,80.67,56.95
2023,110,Bordeaux,Paris,REP,CE1,Mathématiques,22,21,12.29,0,64.85,56.37
2023,110,Bordeaux,Paris,REP,CM1,Français,13,21,12.29,1,83.91,73.17
2023,110,Bordeaux,Paris,REP,CM1,Mathématiques,20,21,12.29,0,67.38,56.33
2023,110,Bordeaux,Paris,REP,CM2,Français,20,21,12.29,0,74.57,69.75
2023,110,Bordeaux,Paris,REP,CM2,Mathématiques,20,21,12.29,0,67.41,61.72
2023,110,Bordeaux,Paris,REP,6e,Français,21,21,12.29,0,89.56,80.54
2023,110,Bordeaux,Paris,REP,6e,Mathématiques,18,21,12.29,1,97.39,74.3
2023,111,Nantes,Puy-de-Dôme,Hors EP,CP,Français,29,29,22.67,0,69.71,65.3
2023,111,Nantes,Puy-de-Dôme,Hors EP,CP,Mathématiques,27,29,22.67,0,65.93,59.25
2023,111,Nantes,Puy-de-Dôme,Hors EP,CE1,Français,30,29,22.67,0,76.33,77.2
2023,111,Nantes,Puy-de-Dôme,Hors EP,CE1,Mathématiques,23,29,22.67,0,75.0,68.08
2023,111,Nantes,Puy-de-Dôme,Hors EP,CM1,Français,28,29,22.67,0,80.69,73.87
2023,111,Nantes,Puy-de-Dôme,Hors EP,CM1,Mathématiques,28,29,22.67,0,71.97,67.71
2023,111,Nantes,Puy-de-Dôme,Hors EP,CM2,Français,29,29,22.67,0,86.65,64.72
2023,111,Nantes,Puy-de-Dôme,Hors EP,CM2,Mathématiques,25,29,22.67,0,87.89,70.44
2023,111,Nantes,Puy-de-Dôme,Hors EP,6e,Français,28,29,22.67,0,94.5,79.93
2023,111,Nantes,Puy-de-Dôme,Hors EP,6e,Mathématiques,26,29,22.67,0,90.89,76.78
2023,112,Paris,Saône-et-Loire,REP,CP,Français,21,21,17.02,0,69.47,55.21
2023,112,Paris,Saône-et-Loire,REP,CP,Mathématiques,18,21,17.02,1,80.88,66.28
2023,112,Paris,Saône-et-Loire,REP,CE1,Français,17,21,17.02,1,77.32,77.67
2023,112,Paris,Saône-et-Loire,REP,CE1,Mathématiques,17,21,17.02,1,78.05,70.04
2023,112,Paris,Saône-et-Loire,REP,CM1,Français,14,21,17.02,1,84.47,69.68
2023,112,Paris,Saône-et-Loire,REP,CM1,Mathématiques,21,21,17.02,0,77.67,66.09
2023,112,Paris,Saône-et-Loire,REP,CM2,Français,18,21,17.02,1,100.0,79.44
2023,112,Paris,Saône-et-Loire,REP,CM2,Mathématiques,16,21,17.02,1,92.74,77.81
2023,112,Paris,Saône-et-Loire,REP,6e,Français,20,21,17.02,0,93.78,71.76
2023,112,Paris,Saône-et-Loire,REP,6e,Mathématiques,19,21,17.02,0,76.08,68.41
2023,113,Lyon,Ain,Hors EP,CP,Français,17,23,0.12,0,72.16,65.11
2023,113,Lyon,Ain,Hors EP,CP,Mathématiques,16,23,0.12,0,75.54,73.06
2023,113,Lyon,Ain,Hors EP,CE1,Français,22,23,0.12,0,75.11,67.45
2023,113,Lyon,Ain,Hors EP,CE1,Mathématiques,17,23,0.12,0,79.13,67.17
2023,113,Lyon,Ain,Hors EP,CM1,Français,17,23,0.12,0,90.32,66.53
2023,113,Lyon,Ain,Hors EP,CM1,Mathématiques,17,23,0.12,0,79.72,66.69
2023,113,Lyon,Ain,Hors EP,CM2,Français,23,23,0.12,0,91.41,77.68
2023,113,Lyon,Ain,Hors EP,CM2,Mathématiques,20,23,0.12,0,87.66,81.47
2023,113,Lyon,Ain,Hors EP,6e,Français,15,23,0.12,0,100.0,80.46
2023,113,Lyon,Ain,Hors EP,6e,Mathématiques,21,23,0.12,0,94.1,82.65
2023,114,Lille,Bas-Rhin,REP,CP,Français,15,15,-0.77,1,81.56,73.97
2023,114,Lille,Bas-Rhin,REP,CP,Mathématiques,15,15,-0.77,1,73.72,64.9
2023,114,Lille,Bas-Rhin,REP,CE1,Français,15,15,-0.77,1,73.68,66.63
2023,114,Lille,Bas-Rhin,REP,CE1,Mathématiques,14,15,-0.77,1,74.11,69.83
2023,114,Lille,Bas-Rhin,REP,CM1,Français,16,15,-0.77,1,91.3,77.15
2023,114,Lille,Bas-Rhin,REP,CM1,Mathématiques,19,15,-0.77,0,73.9,72.88
2023,114,Lille,Bas-Rhin,REP,CM2,Français,21,15,-0.77,0,67.78,62.42
2023,114,Lille,Bas-Rhin,REP,CM2,Mathématiques,16,15,-0.77,1,84.91,70.75
2023,114,Lille,Bas-Rhin,REP,6e,Français,15,15,-0.77,1,87.46,74.96
2023,114,Lille,Bas-Rhin,REP,6e,Mathématiques,18,15,-0.77,1,87.19,72.64
2023,115,Bordeaux,Bouches-du-Rhône,Hors EP,CP,Français,24,19,4.12,0,67.23,60.56
2023,115,Bordeaux,Bouches-du-Rhône,Hors EP,CP,Mathématiques,24,19,4.12,0,64.29,65.05
2023,115,Bordeaux,Bouches-du-Rhône,Hors EP,CE1,Français,20,19,4.12,0,83.4,70.62
2023,115,Bordeaux,Bouches-du-Rhône,Hors EP,CE1,Mathématiques,22,19,4.12,0,82.63,70.58
2023,115,Bordeaux,Bouches-du-Rhône,Hors EP,CM1,Français,23,19,4.12,0,84.73,68.69
2023,115,Bordeaux,Bouches-du-Rhône,Hors EP,CM1,Mathématiques,21,19,4.12,0,81.36,63.26
2023,115,Bordeaux,Bouches-du-Rhône,Hors EP,CM2,Français,22,19,4.12,0,92.36,81.86
2023,115,Bordeaux,Bouches-du-Rhône,Hors EP,CM2,Mathématiques,25,19,4.12,0,87.99,71.82
2023,115,Bordeaux,Bouches-du-Rhône,Hors EP,6e,Français,20,19,4.12,0,99.97,84.93
2023,115,Bordeaux,Bouches-du-Rhône,Hors EP,6e,Mathématiques,21,19,4.12,0,88.36,72.43
2023,116,Nantes,Gironde,REP+,CP,Français,12,13,8.32,1,67.61,68.86
2023,116,Nantes,Gironde,REP+,CP,Mathématiques,12,13,8.32,1,54.99,51.01
2023,116,Nantes,Gironde,REP+,CE1,Français,12,13,8.32,1,69.38,64.87
2023,116,Nantes,Gironde,REP+,CE1,Mathématiques,13,13,8.32,1,66.71,65.65
2023,116,Nantes,Gironde,REP+,CM1,Français,14,13,8.32,1,74.68,68.96
2023,116,Nantes,Gironde,REP+,CM1,Mathématiques,12,13,8.32,1,77.29,67.66
2023,116,Nantes,Gironde,REP+,CM2,Français,12,13,8.32,1,78.62,73.65
2023,116,Nantes,Gironde,REP+,CM2,Mathématiques,12,13,8.32,1,79.35,73.35
2023,116,Nantes,Gironde,REP+,6e,Français,12,13,8.32,1,81.61,70.17
2023,116,Nantes,Gironde,REP+,6e,Mathématiques,12,13,8.32,1,80.3,64.07
2023,117,Paris,Hérault,REP,CP,Français,19,17,13.59,0,58.63,51.54
2023,117,Paris,Hérault,REP,CP,Mathématiques,18,17,13.59,1,74.3,62.45
2023,117,Paris,Hérault,REP,CE1,Français,15,17,13.59,1,78.5,59.21
2023,117,Paris,Hérault,REP,CE1,Mathématiques,17,17,13.59,1,80.01,67.46
2023,117,Paris,Hérault,REP,CM1,Français,12,17,13.59,1,90.49,77.63
2023,117,Paris,Hérault,REP,CM1,Mathématiques,18,17,13.59,1,75.19,59.54
2023,117,Paris,Hérault,REP,CM2,Français,17,17,13.59,1,93.76,73.11
2023,117,Paris,Hérault,REP,CM2,Mathématiques,16,17,13.59,1,78.99,65.2
2023,117,Paris,Hérault,REP,6e,Français,15,17,13.59,1,96.33,69.98
2023,117,Paris,Hérault,REP,6e,Mathématiques,19,17,13.59,0,80.46,76.19
2023,118,Lyon,Loire,REP,CP,Français,23,27,-9.38,0,53.42,50.81
2023,118,Lyon,Loire,REP,CP,Mathématiques,25,27,-9.38,0,58.15,52.63
2023,118,Lyon,Loire,REP,CE1,Français,20,27,-9.38,0,64.9,54.87
2023,118,Lyon,Loire,REP,CE1,Mathématiques,22,27,-9.38,0,62.8,60.13
2023,118,Lyon,Loire,REP,CM1,Français,25,27,-9.38,0,64.56,63.94
2023,118,Lyon,Loire,REP,CM1,Mathématiques,23,27,-9.38,0,63.6,52.75
2023,118,Lyon,Loire,REP,CM2,Français,18,27,-9.38,1,79.34,70.03
2023,118,Lyon,Loire,REP,CM2,Mathématiques,21,27,-9.38,0,64.27,56.61
2023,118,Lyon,Loire,REP,6e,Français,24,27,-9.38,0,78.84,68.47
2023,118,Lyon,Loire,REP,6e,Mathématiques,23,27,-9.38,0,72.45,67.44
2023,119,Lille,Maine-et-Loire,Hors EP,CP,Français,24,28,9.5,0,71.77,62.13
2023,119,Lille,Maine-et-Loire,Hors EP,CP,Mathématiques,19,28,9.5,0,79.68,65.76
2023,119,Lille,Maine-et-Loire,Hors EP,CE1,Français,26,28,9.5,0,75.63,73.39
2023,119,Lille,Maine-et-Loire,Hors EP,CE1,Mathématiques,25,28,9.5,0,77.44,64.7
2023,119,Lille,Maine-et-Loire,Hors EP,CM1,Français,21,28,9.5,0,86.6,64.3
2023,119,Lille,Maine-et-Loire,Hors EP,CM1,Mathématiques,23,28,9.5,0,75.79,62.34
2023,119,Lille,Maine-et-Loire,Hors EP,CM2,Français,25,28,9.5,0,89.73,75.2
2023,119,Lille,Maine-et-Loire,Hors EP,CM2,Mathématiques,25,28,9.5,0,81.91,82.83
2023,119,Lille,Maine-et-Loire,Hors EP,6e,Français,25,28,9.5,0,89.68,80.36
2023,119,Lille,Maine-et-Loire,Hors EP,6e,Mathématiques,27,28,9.5,0,84.06,65.07
2023,120,Bordeaux,Moselle,Hors EP,CP,Français,24,28,-0.65,0,70.14,61.66
2023,120,Bordeaux,Moselle,Hors EP,CP,Mathématiques,29,28,-0.65,0,67.27,62.75
2023,120,Bordeaux,Moselle,Hors EP,CE1,Français,32,28,-0.65,0,73.75,66.26
2023,120,Bordeaux,Moselle,Hors EP,CE1,Mathématiques,26,28,-0.65,0,68.18,54.22
2023,120,Bordeaux,Moselle,Hors EP,CM1,Français,28,28,-0.65,0,79.91,73.81
2023,120,Bordeaux,Moselle,Hors EP,CM1,Mathématiques,29,28,-0.65,0,79.26,74.27
2023,120,Bordeaux,Moselle,Hors EP,CM2,Français,25,28,-0.65,0,83.79,71.92
2023,120,Bordeaux,Moselle,Hors EP,CM2,Mathématiques,26,28,-0.65,0,81.13,71.67
2023,120,Bordeaux,Moselle,Hors EP,6e,Français,28,28,-0.65,0,88.42,70.41
2023,120,Bordeaux,Moselle,Hors EP,6e,Mathématiques,29,28,-0.65,0,86.47,69.99
2023,121,Nantes,Nord,REP+,CP,Français,20,21,2.82,0,58.75,57.3
2023,121,Nantes,Nord,REP+,CP,Mathématiques,20,21,2.82,0,55.39,48.62
2023,121,Nantes,Nord,REP+,CE1,Français,19,21,2.82,0,60.57,56.76
2023,121,Nantes,Nord,REP+,CE1,Mathématiques,23,21,2.82,0,57.71,46.48
2023,121,Nantes,Nord,REP+,CM1,Français,21,21,2.82,0,71.69,60.77
2023,121,Nantes,Nord,REP+,CM1,Mathématiques,19,21,2.82,0,51.85,50.77
2023,121,Nantes,Nord,REP+,CM2,Français,22,21,2.82,0,69.84,57.31
2023,121,Nantes,Nord,REP+,CM2,Mathématiques,21,21,2.82,0,66.13,60.23
2023,121,Nantes,Nord,REP+,6e,Français,18,21,2.82,1,85.19,68.85
2023,121,Nantes,Nord,REP+,6e,Mathématiques,16,21,2.82,1,84.9,73.43
2023,122,Paris,Paris,REP+,CP,Français,19,17,12.27,0,59.73,57.54
2023,122,Paris,Paris,REP+,CP,Mathématiques,12,17,12.27,1,62.49,50.38
2023,122,Paris,Paris,REP+,CE1,Français,13,17,12.27,1,78.77,63.45
2023,122,Paris,Paris,REP+,CE1,Mathématiques,12,17,12.27,1,70.63,59.66
2023,122,Paris,Paris,REP+,CM1,Français,17,17,12.27,1,70.71,60.95
2023,122,Paris,Paris,REP+,CM1,Mathématiques,18,17,12.27,1,67.02,59.73
2023,122,Paris,Paris,REP+,CM2,Français,16,17,12.27,1,77.74,69.07
2023,122,Paris,Paris,REP+,CM2,Mathématiques,15,17,12.27,1,80.38,78.87
2023,122,Paris,Paris,REP+,6e,Français,22,17,12.27,0,75.46,65.76
2023,122,Paris,Paris,REP+,6e,Mathématiques,16,17,12.27,1,81.93,62.77
2023,123,Lyon,Puy-de-Dôme,Hors EP,CP,Français,26,29,-11.82,0,70.56,74.86
2023,123,Lyon,Puy-de-Dôme,Hors EP,CP,Mathématiques,25,29,-11.82,0,67.19,60.72
2023,123,Lyon,Puy-de-Dôme,Hors EP,CE1,Français,26,29,-11.82,0,72.67,62.09
2023,123,Lyon,Puy-de-Dôme,Hors EP,CE1,Mathématiques,34,29,-11.82,0,66.06,57.64
2023,123,Lyon,Puy-de-Dôme,Hors EP,CM1,Français,30,29,-11.82,0,76.44,67.27
2023,123,Lyon,Puy-de-Dôme,Hors EP,CM1,Mathématiques,27,29,-11.82,0,73.86,59.12
2023,123,Lyon,Puy-de-Dôme,Hors EP,CM2,Français,23,29,-11.82,0,88.25,74.05
2023,123,Lyon,Puy-de-Dôme,Hors EP,CM2,Mathématiques,29,29,-11.82,0,74.18,59.95
2023,123,Lyon,Puy-de-Dôme,Hors EP,6e,Français,29,29,-11.82,0,84.85,76.98
2023,123,Lyon,Puy-de-Dôme,Hors EP,6e,Mathématiques,27,29,-11.82,0,93.43,82.31
2023,124,Lille,Saône-et-Loire,REP+,CP,Français,20,22,-19.71,0,60.07,44.4
2023,124,Lille,Saône-et-Loire,REP+,CP,Mathématiques,20,22,-19.71,0,41.43,43.05
2023,124,Lille,Saône-et-Loire,REP+,CE1,Français,19,22,-19.71,0,59.6,56.58
2023,124,Lille,Saône-et-Loire,REP+,CE1,Mathématiques,22,22,-19.71,0,55.78,51.95
2023,124,Lille,Saône-et-Loire,REP+,CM1,Français,22,22,-19.71,0,58.13,52.1
2023,124,Lille,Saône-et-Loire,REP+,CM1,Mathématiques,16,22,-19.71,1,75.04,64.53
2023,124,Lille,Saône-et-Loire,REP+,CM2,Français,13,22,-19.71,1,79.57,66.94
2023,124,Lille,Saône-et-Loire,REP+,CM2,Mathématiques,18,22,-19.71,1,73.08,63.01
2023,124,Lille,Saône-et-Loire,REP+,6e,Français,26,22,-19.71,0,73.42,68.42
2023,124,Lille,Saône-et-Loire,REP+,6e,Mathématiques,20,22,-19.71,0,73.41,66.14
2023,125,Bordeaux,Ain,REP+,CP,Français,18,20,11.28,1,66.12,55.06
2023,125,Bordeaux,Ain,REP+,CP,Mathématiques,17,20,11.28,1,51.47,52.28
2023,125,Bordeaux,Ain,REP+,CE1,Français,21,20,11.28,0,63.04,52.35
2023,125,Bordeaux,Ain,REP+,CE1,Mathématiques,20,20,11.28,0,56.05,56.8
2023,125,Bordeaux,Ain,REP+,CM1,Français,17,20,11.28,1,74.34,57.78
2023,125,Bordeaux,Ain,REP+,CM1,Mathématiques,17,20,11.28,1,72.87,65.42
2023,125,Bordeaux,Ain,REP+,CM2,Français,15,20,11.28,1,78.55,69.22
2023,125,Bordeaux,Ain,REP+,CM2,Mathématiques,23,20,11.28,0,60.55,58.63
2023,125,Bordeaux,Ain,REP+,6e,Français,18,20,11.28,1,83.85,67.63
2023,125,Bordeaux,Ain,REP+,6e,Mathématiques,16,20,11.28,1,80.72,75.13
2023,126,Nantes,Bas-Rhin,Hors EP,CP,Français,21,20,0.06,0,75.95,61.6
2023,126,Nantes,Bas-Rhin,Hors EP,CP,Mathématiques,19,20,0.06,0,78.05,67.34
2023,126,Nantes,Bas-Rhin,Hors EP,CE1,Français,22,20,0.06,0,83.42,75.95
2023,126,Nantes,Bas-Rhin,Hors EP,CE1,Mathématiques,18,20,0.06,0,77.98,73.23
2023,126,Nantes,Bas-Rhin,Hors EP,CM1,Français,22,20,0.06,0,84.74,64.42
2023,126,Nantes,Bas-Rhin,Hors EP,CM1,Mathématiques,19,20,0.06,0,83.92,64.94
2023,126,Nantes,Bas-Rhin,Hors EP,CM2,Français,23,20,0.06,0,87.48,64.59
2023,126,Nantes,Bas-Rhin,Hors EP,CM2,Mathématiques,20,20,0.06,0,86.42,73.12
2023,126,Nantes,Bas-Rhin,Hors EP,6e,Français,25,20,0.06,0,93.81,71.96
2023,126,Nantes,Bas-Rhin,Hors EP,6e,Mathématiques,17,20,0.06,0,93.31,79.08
2023,127,Paris,Bouches-du-Rhône,REP,CP,Français,27,23,-5.31,0,56.68,48.09
2023,127,Paris,Bouches-du-Rhône,REP,CP,Mathématiques,20,23,-5.31,0,58.71,47.45
2023,127,Paris,Bouches-du-Rhône,REP,CE1,Français,23,23,-5.31,0,59.28,56.41
2023,127,Paris,Bouches-du-Rhône,REP,CE1,Mathématiques,28,23,-5.31,0,54.92,49.65
2023,127,Paris,Bouches-du-Rhône,REP,CM1,Français,20,23,-5.31,0,73.13,64.87
2023,127,Paris,Bouches-du-Rhône,REP,CM1,Mathématiques,24,23,-5.31,0,69.71,56.45
2023,127,Paris,Bouches-du-Rhône,REP,CM2,Français,23,23,-5.31,0,72.26,61.33
2023,127,Paris,Bouches-du-Rhône,REP,CM2,Mathématiques,26,23,-5.31,0,69.75,67.69
2023,127,Paris,Bouches-du-Rhône,REP,6e,Français,26,23,-5.31,0,75.14,64.4
2023,127,Paris,Bouches-du-Rhône,REP,6e,Mathématiques,26,23,-5.31,0,71.81,64.06
2023,128,Lyon,Gironde,Hors EP,CP,Français,25,27,-10.59,0,66.37,66.88
2023,128,Lyon,Gironde,Hors EP,CP,Mathématiques,21,27,-10.59,0,72.51,61.87
2023,128,Lyon,Gironde,Hors EP,CE1,Français,27,27,-10.59,0,76.11,66.74
2023,128,Lyon,Gironde,Hors EP,CE1,Mathématiques,28,27,-10.59,0,67.39,65.23
2023,128,Lyon,Gironde,Hors EP,CM1,Français,22,27,-10.59,0,84.45,67.76
2023,128,Lyon,Gironde,Hors EP,CM1,Mathématiques,24,27,-10.59,0,77.6,72.16
2023,128,Lyon,Gironde,Hors EP,CM2,Français,22,27,-10.59,0,100.0,76.09
2023,128,Lyon,Gironde,Hors EP,CM2,Mathématiques,25,27,-10.59,0,83.22,74.28
2023,128,Lyon,Gironde,Hors EP,6e,Français,23,27,-10.59,0,92.82,75.29
2023,128,Lyon,Gironde,Hors EP,6e,Mathématiques,29,27,-10.59,0,80.47,68.98
2023,129,Lille,Hérault,Hors EP,CP,Français,20,20,8.06,0,73.08,59.88
2023,129,Lille,Hérault,Hors EP,CP,Mathématiques,23,20,8.06,0,71.07,63.46
2023,129,Lille,Hérault,Hors EP,CE1,Français,20,20,8.06,0,82.63,67.87
2023,129,Lille,Hérault,Hors EP,CE1,Mathématiques,22,20,8.06,0,75.24,57.72
2023,129,Lille,Hérault,Hors EP,CM1,Français,27,20,8.06,0,82.95,72.31
2023,129,Lille,Hérault,Hors EP,CM1,Mathématiques,23,20,8.06,0,90.2,82.02
2023,129,Lille,Hérault,Hors EP,CM2,Français,23,20,8.06,0,85.78,70.58
2023,129,Lille,Hérault,Hors EP,CM2,Mathématiques,17,20,8.06,0,88.81,78.7
2023,129,Lille,Hérault,Hors EP,6e,Français,24,20,8.06,0,95.84,77.59
2023,129,Lille,Hérault,Hors EP,6e,Mathématiques,23,20,8.06,0,94.68,68.25
2023,130,Bordeaux,Loire,REP,CP,Français,24,24,-30.26,0,46.3,43.31
2023,130,Bordeaux,Loire,REP,CP,Mathématiques,23,24,-30.26,0,56.56,57.35
2023,130,Bordeaux,Loire,REP,CE1,Français,27,24,-30.26,0,61.29,53.85
2023,130,Bordeaux,Loire,REP,CE1,Mathématiques,26,24,-30.26,0,63.54,61.14
2023,130,Bordeaux,Loire,REP,CM1,Français,27,24,-30.26,0,58.31,52.57
2023,130,Bordeaux,Loire,REP,CM1,Mathématiques,23,24,-30.26,0,69.93,54.76
2023,130,Bordeaux,Loire,REP,CM2,Français,28,24,-30.26,0,68.48,53.55
2023,130,Bordeaux,Loire,REP,CM2,Mathématiques,29,24,-30.26,0,60.8,49.74
2023,130,Bordeaux,Loire,REP,6e,Français,27,24,-30.26,0,68.07,60.26
2023,130,Bordeaux,Loire,REP,6e,Mathématiques,25,24,-30.26,0,66.61,54.35
2023,131,Nantes,Maine-et-Loire,Hors EP,CP,Français,25,25,-4.37,0,67.36,57.04
2023,131,Nantes,Maine-et-Loire,Hors EP,CP,Mathématiques,29,25,-4.37,0,68.06,58.47
2023,131,Nantes,Maine-et-Loire,Hors EP,CE1,Français,21,25,-4.37,0,70.62,59.85
2023,131,Nantes,Maine-et-Loire,Hors EP,CE1,Mathématiques,25,25,-4.37,0,72.21,64.84
2023,131,Nantes,Maine-et-Loire,Hors EP,CM1,Français,26,25,-4.37,0,75.1,73.61
2023,131,Nantes,Maine-et-Loire,Hors EP,CM1,Mathématiques,25,25,-4.37,0,79.0,65.44
2023,131,Nantes,Maine-et-Loire,Hors EP,CM2,Français,26,25,-4.37,0,94.12,74.06
2023,131,Nantes,Maine-et-Loire,Hors EP,CM2,Mathématiques,22,25,-4.37,0,81.49,68.74
2023,131,Nantes,Maine-et-Loire,Hors EP,6e,Français,24,25,-4.37,0,86.89,73.84
2023,131,Nantes,Maine-et-Loire,Hors EP,6e,Mathématiques,29,25,-4.37,0,83.4,71.23
2023,132,Paris,Moselle,REP+,CP,Français,19,22,2.88,0,50.48,53.03
2023,132,Paris,Moselle,REP+,CP,Mathématiques,17,22,2.88,1,57.91,55.34
2023,132,Paris,Moselle,REP+,CE1,Français,23,22,2.88,0,58.61,54.67
2023,132,Paris,Moselle,REP+,CE1,Mathématiques,17,22,2.88,1,72.7,64.15
2023,132,Paris,Moselle,REP+,CM1,Français,18,22,2.88,1,77.34,65.35
2023,132,Paris,Moselle,REP+,CM1,Mathématiques,17,22,2.88,1,68.89,58.55
2023,132,Paris,Moselle,REP+,CM2,Français,16,22,2.88,1,74.27,70.36
2023,132,Paris,Moselle,REP+,CM2,Mathématiques,21,22,2.88,0,61.44,61.22
2023,132,Paris,Moselle,REP+,6e,Français,20,22,2.88,0,72.59,58.23
2023,132,Paris,Moselle,REP+,6e,Mathématiques,20,22,2.88,0,79.44,69.09
2023,133,Lyon,Nord,REP,CP,Français,13,19,-1.8,1,69.04,62.61
2023,133,Lyon,Nord,REP,CP,Mathématiques,22,19,-1.8,0,55.99,53.22
2023,133,Lyon,Nord,REP,CE1,Français,18,19,-1.8,1,83.31,79.15
2023,133,Lyon,Nord,REP,CE1,Mathématiques,17,19,-1.8,1,66.46,51.16
2023,133,Lyon,Nord,REP,CM1,Français,21,19,-1.8,0,71.19,59.5
2023,133,Lyon,Nord,REP,CM1,Mathématiques,20,19,-1.8,0,62.95,61.78
2023,133,Lyon,Nord,REP,CM2,Français,18,19,-1.8,1,82.42,69.21
2023,133,Lyon,Nord,REP,CM2,Mathématiques,18,19,-1.8,1,85.93,79.26
2023,133,Lyon,Nord,REP,6e,Français,22,19,-1.8,0,80.4,68.74
2023,133,Lyon,Nord,REP,6e,Mathématiques,18,19,-1.8,1,81.33,70.21
2023,134,Lille,Paris,REP+,CP,Français,20,21,8.97,0,51.74,53.2
2023,134,Lille,Paris,REP+,CP,Mathématiques,22,21,8.97,0,51.43,49.5
2023,134,Lille,Paris,REP+,CE1,Français,23,21,8.97,0,58.98,44.22
2023,134,Lille,Paris,REP+,CE1,Mathématiques,20,21,8.97,0,60.34,50.93
2023,134,Lille,Paris,REP+,CM1,Français,17,21,8.97,1,74.95,68.57
2023,134,Lille,Paris,REP+,CM1,Mathématiques,20,21,8.97,0,67.59,70.18
2023,134,Lille,Paris,REP+,CM2,Français,16,21,8.97,1,78.85,57.21
2023,134,Lille,Paris,REP+,CM2,Mathématiques,23,21,8.97,0,61.02,54.11
2023,134,Lille,Paris,REP+,6e,Français,24,21,8.97,0,65.2,51.44
2023,134,Lille,Paris,REP+,6e,Mathématiques,15,21,8.97,1,88.29,80.23
2023,135,Bordeaux,Puy-de-Dôme,Hors EP,CP,Français,19,22,33.06,0,75.15,72.31
2023,135,Bordeaux,Puy-de-Dôme,Hors EP,CP,Mathématiques,17,22,33.06,0,76.82,54.04
2023,135,Bordeaux,Puy-de-Dôme,Hors EP,CE1,Français,19,22,33.06,0,78.81,74.89
2023,135,Bordeaux,Puy-de-Dôme,Hors EP,CE1,Mathématiques,18,22,33.06,0,85.98,72.94
2023,135,Bordeaux,Puy-de-Dôme,Hors EP,CM1,Français,20,22,33.06,0,92.02,77.3
2023,135,Bordeaux,Puy-de-Dôme,Hors EP,CM1,Mathématiques,18,22,33.06,0,84.81,75.22
2023,135,Bordeaux,Puy-de-Dôme,Hors EP,CM2,Français,15,22,33.06,0,100.0,83.66
2023,135,Bordeaux,Puy-de-Dôme,Hors EP,CM2,Mathématiques,19,22,33.06,0,93.76,75.79
2023,135,Bordeaux,Puy-de-Dôme,Hors EP,6e,Français,20,22,33.06,0,94.57,81.19
2023,135,Bordeaux,Puy-de-Dôme,Hors EP,6e,Mathématiques,20,22,33.06,0,97.51,88.72
2023,136,Nantes,Saône-et-Loire,REP,CP,Français,20,19,6.6,0,62.57,56.76
2023,136,Nantes,Saône-et-Loire,REP,CP,Mathématiques,19,19,6.6,0,71.62,63.9
2023,136,Nantes,Saône-et-Loire,REP,CE1,Français,21,19,6.6,0,60.46,60.54
2023,136,Nantes,Saône-et-Loire,REP,CE1,Mathématiques,20,19,6.6,0,65.5,64.05
2023,136,Nantes,Saône-et-Loire,REP,CM1,Français,20,19,6.6,0,69.45,50.58
2023,136,Nantes,Saône-et-Loire,REP,CM1,Mathématiques,19,19,6.6,0,67.32,55.06
2023,136,Nantes,Saône-et-Loire,REP,CM2,Français,24,19,6.6,0,78.31,59.1
2023,136,Nantes,Saône-et-Loire,REP,CM2,Mathématiques,20,19,6.6,0,70.81,64.99
2023,136,Nantes,Saône-et-Loire,REP,6e,Français,18,19,6.6,1,90.87,81.6
2023,136,Nantes,Saône-et-Loire,REP,6e,Mathématiques,22,19,6.6,0,84.48,71.36
2023,137,Paris,Ain,REP+,CP,Français,18,21,7.54,1,60.59,58.88
2023,137,Paris,Ain,REP+,CP,Mathématiques,18,21,7.54,1,61.02,71.03
2023,137,Paris,Ain,REP+,CE1,Français,25,21,7.54,0,57.67,50.91
2023,137,Paris,Ain,REP+,CE1,Mathématiques,18,21,7.54,1,69.63,69.83
2023,137,Paris,Ain,REP+,CM1,Français,19,21,7.54,0,63.45,58.58
2023,137,Paris,Ain,REP+,CM1,Mathématiques,17,21,7.54,1,66.29,54.2
2023,137,Paris,Ain,REP+,CM2,Français,21,21,7.54,0,69.93,68.24
2023,137,Paris,Ain,REP+,CM2,Mathématiques,16,21,7.54,1,70.58,65.27
2023,137,Paris,Ain,REP+,6e,Français,18,21,7.54,1,81.81,75.69
2023,137,Paris,Ain,REP+,6e,Mathématiques,19,21,7.54,0,70.54,61.72
2023,138,Lyon,Bas-Rhin,Hors EP,CP,Français,29,29,-2.26,0,76.93,60.53
2023,138,Lyon,Bas-Rhin,Hors EP,CP,Mathématiques,27,29,-2.26,0,65.27,58.89
2023,138,Lyon,Bas-Rhin,Hors EP,CE1,Français,24,29,-2.26,0,79.23,72.4
2023,138,Lyon,Bas-Rhin,Hors EP,CE1,Mathématiques,32,29,-2.26,0,59.68,46.85
2023,138,Lyon,Bas-Rhin,Hors EP,CM1,Français,31,29,-2.26,0,75.3,63.92
2023,138,Lyon,Bas-Rhin,Hors EP,CM1,Mathématiques,26,29,-2.26,0,70.75,64.99
2023,138,Lyon,Bas-Rhin,Hors EP,CM2,Français,26,29,-2.26,0,89.86,80.39
2023,138,Lyon,Bas-Rhin,Hors EP,CM2,Mathématiques,28,29,-2.26,0,81.09,78.16
2023,138,Lyon,Bas-Rhin,Hors EP,6e,Français,27,29,-2.26,0,86.73,69.93
2023,138,Lyon,Bas-Rhin,Hors EP,6e,Mathématiques,24,29,-2.26,0,91.48,70.55
2023,139,Lille,Bouches-du-Rhône,Hors EP,CP,Français,22,26,-13.1,0,75.76,63.14
2023,139,Lille,Bouches-du-Rhône,Hors EP,CP,Mathématiques,17,26,-13.1,0,87.12,79.83
2023,139,Lille,Bouches-du-Rhône,Hors EP,CE1,Français,24,26,-13.1,0,81.85,71.12
2023,139,Lille,Bouches-du-Rhône,Hors EP,CE1,Mathématiques,22,26,-13.1,0,79.43,75.76
2023,139,Lille,Bouches-du-Rhône,Hors EP,CM1,Français,24,26,-13.1,0,84.5,66.27
2023,139,Lille,Bouches-du-Rhône,Hors EP,CM1,Mathématiques,21,26,-13.1,0,87.9,78.79
2023,139,Lille,Bouches-du-Rhône,Hors EP,CM2,Français,18,26,-13.1,0,88.54,82.91
2023,139,Lille,Bouches-du-Rhône,Hors EP,CM2,Mathématiques,23,26,-13.1,0,84.25,73.35
2023,139,Lille,Bouches-du-Rhône,Hors EP,6e,Français,22,26,-13.1,0,89.97,72.01
2023,139,Lille,Bouches-du-Rhône,Hors EP,6e,Mathématiques,25,26,-13.1,0,87.7,78.17
2023,140,Bordeaux,Gironde,REP,CP,Français,24,25,9.88,0,55.02,51.29
2023,140,Bordeaux,Gironde,REP,CP,Mathématiques,25,25,9.88,0,58.44,61.99
2023,140,Bordeaux,Gironde,REP,CE1,Français,23,25,9.88,0,65.2,58.69
2023,140,Bordeaux,Gironde,REP,CE1,Mathématiques,28,25,9.88,0,58.38,56.68
2023,140,Bordeaux,Gironde,REP,CM1,Français,24,25,9.88,0,68.27,54.18
2023,140,Bordeaux,Gironde,REP,CM1,Mathématiques,21,25,9.88,0,69.79,62.73
2023,140,Bordeaux,Gironde,REP,CM2,Français,24,25,9.88,0,78.52,68.86
2023,140,Bordeaux,Gironde,REP,CM2,Mathématiques,23,25,9.88,0,71.24,64.66
2023,140,Bordeaux,Gironde,REP,6e,Français,23,25,9.88,0,84.98,72.73
2023,140,Bordeaux,Gironde,REP,6e,Mathématiques,25,25,9.88,0,71.71,69.09
2023,141,Nantes,Hérault,REP,CP,Français,17,18,-1.29,1,74.38,54.4
2023,141,Nantes,Hérault,REP,CP,Mathématiques,18,18,-1.29,1,74.35,71.68
2023,141,Nantes,Hérault,REP,CE1,Français,14,18,-1.29,1,76.21,64.12
2023,141,Nantes,Hérault,REP,CE1,Mathématiques,12,18,-1.29,1,70.55,57.55
2023,141,Nantes,Hérault,REP,CM1,Français,17,18,-1.29,1,75.0,61.1
2023,141,Nantes,Hérault,REP,CM1,Mathématiques,15,18,-1.29,1,82.81,85.2
2023,141,Nantes,Hérault,REP,CM2,Français,17,18,-1.29,1,82.7,67.84
2023,141,Nantes,Hérault,REP,CM2,Mathématiques,18,18,-1.29,1,78.29,73.72
2023,141,Nantes,Hérault,REP,6e,Français,17,18,-1.29,1,91.78,68.99
2023,141,Nantes,Hérault,REP,6e,Mathématiques,18,18,-1.29,1,85.92,74.19
2023,142,Paris,Loire,REP,CP,Français,13,14,-14.52,1,72.7,67.95
2023,142,Paris,Loire,REP,CP,Mathématiques,15,14,-14.52,1,63.78,55.13
2023,142,Paris,Loire,REP,CE1,Français,13,14,-14.52,1,65.14,59.66
2023,142,Paris,Loire,REP,CE1,Mathématiques,12,14,-14.52,1,72.1,56.73
2023,142,Paris,Loire,REP,CM1,Français,12,14,-14.52,1,83.77,72.08
2023,142,Paris,Loire,REP,CM1,Mathématiques,12,14,-14.52,1,75.24,67.47
2023,142,Paris,Loire,REP,CM2,Français,13,14,-14.52,1,84.21,73.49
2023,142,Paris,Loire,REP,CM2,Mathématiques,15,14,-14.52,1,78.29,68.35
2023,142,Paris,Loire,REP,6e,Français,14,14,-14.52,1,98.52,81.48
2023,142,Paris,Loire,REP,6e,Mathématiques,15,14,-14.52,1,88.93,73.86
2023,143,Lyon,Maine-et-Loire,Hors EP,CP,Français,27,27,24.99,0,75.82,70.14
2023,143,Lyon,Maine-et-Loire,Hors EP,CP,Mathématiques,23,27,24.99,0,67.34,55.77
2023,143,Lyon,Maine-et-Loire,Hors EP,CE1,Français,27,27,24.99,0,82.8,74.97
2023,143,Lyon,Maine-et-Loire,Hors EP,CE1,Mathématiques,25,27,24.99,0,82.74,69.05
2023,143,Lyon,Maine-et-Loire,Hors EP,CM1,Français,22,27,24.99,0,88.04,81.32
2023,143,Lyon,Maine-et-Loire,Hors EP,CM1,Mathématiques,23,27,24.99,0,75.33,66.41
2023,143,Lyon,Maine-et-Loire,Hors EP,CM2,Français,27,27,24.99,0,74.06,70.25
2023,143,Lyon,Maine-et-Loire,Hors EP,CM2,Mathématiques,22,27,24.99,0,92.16,67.69
2023,143,Lyon,Maine-et-Loire,Hors EP,6e,Français,21,27,24.99,0,100.0,89.08
2023,143,Lyon,Maine-et-Loire,Hors EP,6e,Mathématiques,25,27,24.99,0,100.0,77.89
2023,144,Lille,Moselle,REP,CP,Français,17,20,3.4,1,75.46,69.03
2023,144,Lille,Moselle,REP,CP,Mathématiques,23,20,3.4,0,54.2,53.54
2023,144,Lille,Moselle,REP,CE1,Français,21,20,3.4,0,65.18,58.26
2023,144,Lille,Moselle,REP,CE1,Mathématiques,14,20,3.4,1,74.28,68.49
2023,144,Lille,Moselle,REP,CM1,Français,19,20,3.4,0,69.49,53.86
2023,144,Lille,Moselle,REP,CM1,Mathématiques,20,20,3.4,0,69.26,69.04
2023,144,Lille,Moselle,REP,CM2,Français,15,20,3.4,1,85.79,66.73
2023,144,Lille,Moselle,REP,CM2,Mathématiques,22,20,3.4,0,77.88,77.57
2023,144,Lille,Moselle,REP,6e,Français,20,20,3.4,0,85.66,75.43
2023,144,Lille,Moselle,REP,6e,Mathématiques,20,20,3.4,0,79.33,72.04
2023,145,Bordeaux,Nord,REP+,CP,Français,18,17,2.38,1,65.89,58.89
2023,145,Bordeaux,Nord,REP+,CP,Mathématiques,21,17,2.38,0,54.78,63.08
2023,145,Bordeaux,Nord,REP+,CE1,Français,18,17,2.38,1,70.08,63.89
2023,145,Bordeaux,Nord,REP+,CE1,Mathématiques,18,17,2.38,1,70.87,55.07
2023,145,Bordeaux,Nord,REP+,CM1,Français,19,17,2.38,0,73.87,72.04
2023,145,Bordeaux,Nord,REP+,CM1,Mathématiques,21,17,2.38,0,63.87,55.46
2023,145,Bordeaux,Nord,REP+,CM2,Français,16,17,2.38,1,76.45,61.29
2023,145,Bordeaux,Nord,REP+,CM2,Mathématiques,20,17,2.38,0,72.59,66.54
2023,145,Bordeaux,Nord,REP+,6e,Français,20,17,2.38,0,75.31,69.05
2023,145,Bordeaux,Nord,REP+,6e,Mathématiques,13,17,2.38,1,83.2,69.45
2023,146,Nantes,Paris,Hors EP,CP,Français,23,26,-12.91,0,64.93,53.38
2023,146,Nantes,Paris,Hors EP,CP,Mathématiques,22,26,-12.91,0,62.89,60.41
2023,146,Nantes,Paris,Hors EP,CE1,Français,23,26,-12.91,0,67.07,58.6
2023,146,Nantes,Paris,Hors EP,CE1,Mathématiques,22,26,-12.91,0,79.92,70.01
2023,146,Nantes,Paris,Hors EP,CM1,Français,21,26,-12.91,0,85.81,73.78
2023,146,Nantes,Paris,Hors EP,CM1,Mathématiques,24,26,-12.91,0,84.64,67.68
2023,146,Nantes,Paris,Hors EP,CM2,Français,28,26,-12.91,0,80.11,69.38
2023,146,Nantes,Paris,Hors EP,CM2,Mathématiques,23,26,-12.91,0,80.36,67.47
2023,146,Nantes,Paris,Hors EP,6e,Français,20,26,-12.91,0,95.71,80.66
2023,146,Nantes,Paris,Hors EP,6e,Mathématiques,21,26,-12.91,0,93.22,85.68
2023,147,Paris,Puy-de-Dôme,Hors EP,CP,Français,22,26,4.84,0,78.15,69.51
2023,147,Paris,Puy-de-Dôme,Hors EP,CP,Mathématiques,26,26,4.84,0,67.81,63.24
2023,147,Paris,Puy-de-Dôme,Hors EP,CE1,Français,25,26,4.84,0,64.77,64.71
2023,147,Paris,Puy-de-Dôme,Hors EP,CE1,Mathématiques,21,26,4.84,0,78.63,76.79
2023,147,Paris,Puy-de-Dôme,Hors EP,CM1,Français,21,26,4.84,0,83.33,71.39
2023,147,Paris,Puy-de-Dôme,Hors EP,CM1,Mathématiques,18,26,4.84,0,94.98,79.37
2023,147,Paris,Puy-de-Dôme,Hors EP,CM2,Français,26,26,4.84,0,84.38,72.55
2023,147,Paris,Puy-de-Dôme,Hors EP,CM2,Mathématiques,24,26,4.84,0,79.72,68.7
2023,147,Paris,Puy-de-Dôme,Hors EP,6e,Français,24,26,4.84,0,91.72,74.96
2023,147,Paris,Puy-de-Dôme,Hors EP,6e,Mathématiques,25,26,4.84,0,95.09,87.46
2023,148,Lyon,Saône-et-Loire,REP,CP,Français,15,18,8.62,1,68.4,57.94
2023,148,Lyon,Saône-et-Loire,REP,CP,Mathématiques,16,18,8.62,1,74.51,69.75
2023,148,Lyon,Saône-et-Loire,REP,CE1,Français,17,18,8.62,1,76.66,54.43
2023,148,Lyon,Saône-et-Loire,REP,CE1,Mathématiques,17,18,8.62,1,80.13,66.93
2023,148,Lyon,Saône-et-Loire,REP,CM1,Français,15,18,8.62,1,89.73,70.44
2023,148,Lyon,Saône-et-Loire,REP,CM1,Mathématiques,22,18,8.62,0,80.93,69.49
2023,148,Lyon,Saône-et-Loire,REP,CM2,Français,21,18,8.62,0,69.32,53.58
2023,148,Lyon,Saône-et-Loire,REP,CM2,Mathématiques,16,18,8.62,1,89.24,75.69
2023,148,Lyon,Saône-et-Loire,REP,6e,Français,18,18,8.62,1,87.73,74.02
2023,148,Lyon,Saône-et-Loire,REP,6e,Mathématiques,16,18,8.62,1,86.38,68.7
2023,149,Lille,Ain,Hors EP,CP,Français,23,24,-21.23,0,71.54,62.49
2023,149,Lille,Ain,Hors EP,CP,Mathématiques,22,24,-21.23,0,72.56,57.09
2023,149,Lille,Ain,Hors EP,CE1,Français,22,24,-21.23,0,69.48,62.68
2023,149,Lille,Ain,Hors EP,CE1,Mathématiques,21,24,-21.23,0,73.14,68.98
2023,149,Lille,Ain,Hors EP,CM1,Français,24,24,-21.23,0,84.44,70.44
2023,149,Lille,Ain,Hors EP,CM1,Mathématiques,24,24,-21.23,0,78.83,66.75
2023,149,Lille,Ain,Hors EP,CM2,Français,22,24,-21.23,0,85.76,80.29
2023,149,Lille,Ain,Hors EP,CM2,Mathématiques,24,24,-21.23,0,80.04,67.4
2023,149,Lille,Ain,Hors EP,6e,Français,24,24,-21.23,0,95.58,81.57
2023,149,Lille,Ain,Hors EP,6e,Mathématiques,24,24,-21.23,0,92.42,76.97
2023,150,Bordeaux,Bas-Rhin,Hors EP,CP,Français,24,24,20.39,0,74.82,75.46
2023,150,Bordeaux,Bas-Rhin,Hors EP,CP,Mathématiques,20,24,20.39,0,76.12,63.46
2023,150,Bordeaux,Bas-Rhin,Hors EP,CE1,Français,25,24,20.39,0,72.22,62.26
2023,150,Bordeaux,Bas-Rhin,Hors EP,CE1,Mathématiques,25,24,20.39,0,75.72,70.97
2023,150,Bordeaux,Bas-Rhin,Hors EP,CM1,Français,19,24,20.39,0,88.48,74.29
2023,150,Bordeaux,Bas-Rhin,Hors EP,CM1,Mathématiques,25,24,20.39,0,80.79,65.79
2023,150,Bordeaux,Bas-Rhin,Hors EP,CM2,Français,21,24,20.39,0,93.22,73.42
2023,150,Bordeaux,Bas-Rhin,Hors EP,CM2,Mathématiques,26,24,20.39,0,80.53,73.22
2023,150,Bordeaux,Bas-Rhin,Hors EP,6e,Français,25,24,20.39,0,93.71,77.49
2023,150,Bordeaux,Bas-Rhin,Hors EP,6e,Mathématiques,24,24,20.39,0,90.5,82.45
2023,151,Nantes,Bouches-du-Rhône,Hors EP,CP,Français,25,24,9.84,0,72.11,57.45
2023,151,Nantes,Bouches-du-Rhône,Hors EP,CP,Mathématiques,19,24,9.84,0,73.44,68.74
2023,151,Nantes,Bouches-du-Rhône,Hors EP,CE1,Français,21,24,9.84,0,78.49,70.36
2023,151,Nantes,Bouches-du-Rhône,Hors EP,CE1,Mathématiques,22,24,9.84,0,74.1,60.38
2023,151,Nantes,Bouches-du-Rhône,Hors EP,CM1,Français,24,24,9.84,0,88.0,69.55
2023,151,Nantes,Bouches-du-Rhône,Hors EP,CM1,Mathématiques,21,24,9.84,0,85.98,67.78
2023,151,Nantes,Bouches-du-Rhône,Hors EP,CM2,Français,23,24,9.84,0,87.71,68.56
2023,151,Nantes,Bouches-du-Rhône,Hors EP,CM2,Mathématiques,26,24,9.84,0,81.94,73.34
2023,151,Nantes,Bouches-du-Rhône,Hors EP,6e,Français,19,24,9.84,0,100.0,92.74
2023,151,Nantes,Bouches-du-Rhône,Hors EP,6e,Mathématiques,18,24,9.84,0,94.94,86.2
2023,152,Paris,Gironde,Hors EP,CP,Français,26,29,-9.46,0,66.51,58.43
2023,152,Paris,Gironde,Hors EP,CP,Mathématiques,21,29,-9.46,0,73.61,58.36
2023,152,Paris,Gironde,Hors EP,CE1,Français,29,29,-9.46,0,67.39,64.83
2023,152,Paris,Gironde,Hors EP,CE1,Mathématiques,27,29,-9.46,0,64.83,56.21
2023,152,Paris,Gironde,Hors EP,CM1,Français,24,29,-9.46,0,79.21,62.38
2023,152,Paris,Gironde,Hors EP,CM1,Mathématiques,26,29,-9.46,0,73.07,64.11
2023,152,Paris,Gironde,Hors EP,CM2,Français,28,29,-9.46,0,84.94,69.65
2023,152,Paris,Gironde,Hors EP,CM2,Mathématiques,28,29,-9.46,0,82.36,67.48
2023,152,Paris,Gironde,Hors EP,6e,Français,24,29,-9.46,0,95.47,83.81
2023,152,Paris,Gironde,Hors EP,6e,Mathématiques,21,29,-9.46,0,86.14,77.05
2023,153,Lyon,Hérault,Hors EP,CP,Français,24,28,4.48,0,73.43,70.11
2023,153,Lyon,Hérault,Hors EP,CP,Mathématiques,26,28,4.48,0,70.01,58.61
2023,153,Lyon,Hérault,Hors EP,CE1,Français,24,28,4.48,0,80.71,66.33
2023,153,Lyon,Hérault,Hors EP,CE1,Mathématiques,20,28,4.48,0,75.86,68.16
2023,153,Lyon,Hérault,Hors EP,CM1,Français,29,28,4.48,0,85.54,73.59
2023,153,Lyon,Hérault,Hors EP,CM1,Mathématiques,28,28,4.48,0,76.58,68.84
2023,153,Lyon,Hérault,Hors EP,CM2,Français,26,28,4.48,0,87.58,70.9
2023,153,Lyon,Hérault,Hors EP,CM2,Mathématiques,31,28,4.48,0,67.58,63.81
2023,153,Lyon,Hérault,Hors EP,6e,Français,27,28,4.48,0,91.61,71.38
2023,153,Lyon,Hérault,Hors EP,6e,Mathématiques,22,28,4.48,0,94.16,85.74
2023,154,Lille,Loire,Hors EP,CP,Français,29,28,3.98,0,66.67,66.26
2023,154,Lille,Loire,Hors EP,CP,Mathématiques,22,28,3.98,0,68.62,64.39
2023,154,Lille,Loire,Hors EP,CE1,Français,31,28,3.98,0,70.34,57.66
2023,154,Lille,Loire,Hors EP,CE1,Mathématiques,31,28,3.98,0,66.71,63.69
2023,154,Lille,Loire,Hors EP,CM1,Français,25,28,3.98,0,82.32,68.17
2023,154,Lille,Loire,Hors EP,CM1,Mathématiques,32,28,3.98,0,77.74,76.7
2023,154,Lille,Loire,Hors EP,CM2,Français,24,28,3.98,0,79.36,67.5
2023,154,Lille,Loire,Hors EP,CM2,Mathématiques,32,28,3.98,0,75.93,71.89
2023,154,Lille,Loire,Hors EP,6e,Français,23,28,3.98,0,89.75,75.63
2023,154,Lille,Loire,Hors EP,6e,Mathématiques,31,28,3.98,0,88.23,64.73
2023,155,Bordeaux,Maine-et-Loire,Hors EP,CP,Français,24,22,6.12,0,78.91,70.31
2023,155,Bordeaux,Maine-et-Loire,Hors EP,CP,Mathématiques,22,22,6.12,0,77.69,59.95
2023,155,Bordeaux,Maine-et-Loire,Hors EP,CE1,Français,26,22,6.12,0,71.72,65.07
2023,155,Bordeaux,Maine-et-Loire,Hors EP,CE1,Mathématiques,20,22,6.12,0,72.23,66.43
2023,155,Bordeaux,Maine-et-Loire,Hors EP,CM1,Français,22,22,6.12,0,84.16,71.47
2023,155,Bordeaux,Maine-et-Loire,Hors EP,CM1,Mathématiques,25,22,6.12,0,88.8,81.65
2023,155,Bordeaux,Maine-et-Loire,Hors EP,CM2,Français,22,22,6.12,0,82.27,74.08
2023,155,Bordeaux,Maine-et-Loire,Hors EP,CM2,Mathématiques,23,22,6.12,0,89.21,69.96
2023,155,Bordeaux,Maine-et-Loire,Hors EP,6e,Français,23,22,6.12,0,100.0,78.09
2023,155,Bordeaux,Maine-et-Loire,Hors EP,6e,Mathématiques,23,22,6.12,0,87.08,73.69
2023,156,Nantes,Moselle,Hors EP,CP,Français,25,26,4.95,0,77.27,64.28
2023,156,Nantes,Moselle,Hors EP,CP,Mathématiques,24,26,4.95,0,64.75,58.48
2023,156,Nantes,Moselle,Hors EP,CE1,Français,23,26,4.95,0,73.44,67.74
2023,156,Nantes,Moselle,Hors EP,CE1,Mathématiques,23,26,4.95,0,75.29,72.32
2023,156,Nantes,Moselle,Hors EP,CM1,Français,22,26,4.95,0,88.32,82.27
2023,156,Nantes,Moselle,Hors EP,CM1,Mathématiques,26,26,4.95,0,77.05,62.53
2023,156,Nantes,Moselle,Hors EP,CM2,Français,21,26,4.95,0,83.25,75.04
2023,156,Nantes,Moselle,Hors EP,CM2,Mathématiques,25,26,4.95,0,84.32,65.46
2023,156,Nantes,Moselle,Hors EP,6e,Français,22,26,4.95,0,100.0,86.05
2023,156,Nantes,Moselle,Hors EP,6e,Mathématiques,25,26,4.95,0,100.0,84.64
2023,157,Paris,Nord,REP,CP,Français,17,19,0.22,1,71.83,59.92
2023,157,Paris,Nord,REP,CP,Mathématiques,18,19,0.22,1,75.8,75.21
2023,157,Paris,Nord,REP,CE1,Français,21,19,0.22,0,60.53,56.06
2023,157,Paris,Nord,REP,CE1,Mathématiques,16,19,0.22,1,76.19,66.4
2023,157,Paris,Nord,REP,CM1,Français,16,19,0.22,1,89.07,76.06
2023,157,Paris,Nord,REP,CM1,Mathématiques,17,19,0.22,1,81.39,73.72
2023,157,Paris,Nord,REP,CM2,Français,19,19,0.22,0,84.61,66.11
2023,157,Paris,Nord,REP,CM2,Mathématiques,18,19,0.22,1,84.07,70.66
2023,157,Paris,Nord,REP,6e,Français,19,19,0.22,0,88.46,72.19
2023,157,Paris,Nord,REP,6e,Mathématiques,21,19,0.22,0,71.38,66.49
2023,158,Lyon,Paris,REP+,CP,Français,12,14,-4.79,1,66.68,64.24
2023,158,Lyon,Paris,REP+,CP,Mathématiques,15,14,-4.79,1,59.85,53.83
2023,158,Lyon,Paris,REP+,CE1,Français,12,14,-4.79,1,59.75,59.65
2023,158,Lyon,Paris,REP+,CE1,Mathématiques,18,14,-4.79,1,67.61,62.87
2023,158,Lyon,Paris,REP+,CM1,Français,17,14,-4.79,1,77.15,63.53
2023,158,Lyon,Paris,REP+,CM1,Mathématiques,16,14,-4.79,1,69.59,60.91
2023,158,Lyon,Paris,REP+,CM2,Français,18,14,-4.79,1,86.01,61.76
2023,158,Lyon,Paris,REP+,CM2,Mathématiques,14,14,-4.79,1,74.54,71.5
2023,158,Lyon,Paris,REP+,6e,Français,12,14,-4.79,1,70.47,67.03
2023,158,Lyon,Paris,REP+,6e,Mathématiques,17,14,-4.79,1,72.9,63.95
2023,159,Lille,Puy-de-Dôme,REP+,CP,Français,12,13,6.1,1,62.69,49.18
2023,159,Lille,Puy-de-Dôme,REP+,CP,Mathématiques,14,13,6.1,1,58.67,55.94
2023,159,Lille,Puy-de-Dôme,REP+,CE1,Français,16,13,6.1,1,75.48,77.99
2023,159,Lille,Puy-de-Dôme,REP+,CE1,Mathématiques,15,13,6.1,1,64.81,57.2
2023,159,Lille,Puy-de-Dôme,REP+,CM1,Français,12,13,6.1,1,77.25,65.05
2023,159,Lille,Puy-de-Dôme,REP+,CM1,Mathématiques,15,13,6.1,1,68.03,58.93
2023,159,Lille,Puy-de-Dôme,REP+,CM2,Français,15,13,6.1,1,79.67,59.57
2023,159,Lille,Puy-de-Dôme,REP+,CM2,Mathématiques,14,13,6.1,1,73.62,70.97
2023,159,Lille,Puy-de-Dôme,REP+,6e,Français,16,13,6.1,1,74.96,69.98
2023,159,Lille,Puy-de-Dôme,REP+,6e,Mathématiques,15,13,6.1,1,75.55,70.77
2023,160,Bordeaux,Saône-et-Loire,Hors EP,CP,Français,32,32,-18.22,0,55.76,48.88
2023,160,Bordeaux,Saône-et-Loire,Hors EP,CP,Mathématiques,25,32,-18.22,0,63.96,61.99
2023,160,Bordeaux,Saône-et-Loire,Hors EP,CE1,Français,27,32,-18.22,0,75.73,68.36
2023,160,Bordeaux,Saône-et-Loire,Hors EP,CE1,Mathématiques,23,32,-18.22,0,74.29,66.69
2023,160,Bordeaux,Saône-et-Loire,Hors EP,CM1,Français,25,32,-18.22,0,88.35,78.12
2023,160,Bordeaux,Saône-et-Loire,Hors EP,CM1,Mathématiques,29,32,-18.22,0,76.81,65.13
2023,160,Bordeaux,Saône-et-Loire,Hors EP,CM2,Français,29,32,-18.22,0,81.84,67.86
2023,160,Bordeaux,Saône-et-Loire,Hors EP,CM2,Mathématiques,24,32,-18.22,0,82.02,73.71
2023,160,Bordeaux,Saône-et-Loire,Hors EP,6e,Français,27,32,-18.22,0,86.39,73.88
2023,160,Bordeaux,Saône-et-Loire,Hors EP,6e,Mathématiques,26,32,-18.22,0,92.09,78.97
2023,161,Nantes,Ain,Hors EP,CP,Français,17,18,-6.92,0,80.91,70.42
2023,161,Nantes,Ain,Hors EP,CP,Mathématiques,15,18,-6.92,0,76.45,59.08
2023,161,Nantes,Ain,Hors EP,CE1,Français,21,18,-6.92,0,75.83,67.0
2023,161,Nantes,Ain,Hors EP,CE1,Mathématiques,19,18,-6.92,0,76.1,67.8
2023,161,Nantes,Ain,Hors EP,CM1,Français,19,18,-6.92,0,94.18,80.16
2023,161,Nantes,Ain,Hors EP,CM1,Mathématiques,20,18,-6.92,0,78.68,70.4
2023,161,Nantes,Ain,Hors EP,CM2,Français,16,18,-6.92,0,96.84,73.43
2023,161,Nantes,Ain,Hors EP,CM2,Mathématiques,17,18,-6.92,0,81.34,72.41
2023,161,Nantes,Ain,Hors EP,6e,Français,18,18,-6.92,0,99.76,77.96
2023,161,Nantes,Ain,Hors EP,6e,Mathématiques,20,18,-6.92,0,94.48,80.3
2023,162,Paris,Bas-Rhin,Hors EP,CP,Français,25,29,-12.9,0,67.99,63.5
2023,162,Paris,Bas-Rhin,Hors EP,CP,Mathématiques,28,29,-12.9,0,61.89,54.09
2023,162,Paris,Bas-Rhin,Hors EP,CE1,Français,23,29,-12.9,0,75.63,69.5
2023,162,Paris,Bas-Rhin,Hors EP,CE1,Mathématiques,24,29,-12.9,0,80.91,72.12
2023,162,Paris,Bas-Rhin,Hors EP,CM1,Français,26,29,-12.9,0,78.59,73.5
2023,162,Paris,Bas-Rhin,Hors EP,CM1,Mathématiques,23,29,-12.9,0,75.55,70.9
2023,162,Paris,Bas-Rhin,Hors EP,CM2,Français,24,29,-12.9,0,86.66,78.84
2023,162,Paris,Bas-Rhin,Hors EP,CM2,Mathématiques,24,29,-12.9,0,81.88,68.0
2023,162,Paris,Bas-Rhin,Hors EP,6e,Français,27,29,-12.9,0,86.31,73.44
2023,162,Paris,Bas-Rhin,Hors EP,6e,Mathématiques,25,29,-12.9,0,87.92,79.86
2023,163,Lyon,Bouches-du-Rhône,Hors EP,CP,Français,28,26,4.45,0,78.45,66.59
2023,163,Lyon,Bouches-du-Rhône,Hors EP,CP,Mathématiques,27,26,4.45,0,67.45,59.53
2023,163,Lyon,Bouches-du-Rhône,Hors EP,CE1,Français,29,26,4.45,0,77.66,68.55
2023,163,Lyon,Bouches-du-Rhône,Hors EP,CE1,Mathématiques,28,26,4.45,0,69.0,59.4
2023,163,Lyon,Bouches-du-Rhône,Hors EP,CM1,Français,28,26,4.45,0,79.07,74.63
2023,163,Lyon,Bouches-du-Rhône,Hors EP,CM1,Mathématiques,26,26,4.45,0,84.38,71.64
2023,163,Lyon,Bouches-du-Rhône,Hors EP,CM2,Français,28,26,4.45,0,79.24,71.69
2023,163,Lyon,Bouches-du-Rhône,Hors EP,CM2,Mathématiques,26,26,4.45,0,84.51,73.85
2023,163,Lyon,Bouches-du-Rhône,Hors EP,6e,Français,27,26,4.45,0,80.64,80.64
2023,163,Lyon,Bouches-du-Rhône,Hors EP,6e,Mathématiques,25,26,4.45,0,89.96,72.52
2023,164,Lille,Gironde,REP,CP,Français,16,20,7.14,1,71.5,67.07
2023,164,Lille,Gironde,REP,CP,Mathématiques,23,20,7.14,0,52.53,47.66
2023,164,Lille,Gironde,REP,CE1,Français,20,20,7.14,0,57.57,60.93
2023,164,Lille,Gironde,REP,CE1,Mathématiques,17,20,7.14,1,72.39,65.53
2023,164,Lille,Gironde,REP,CM1,Français,19,20,7.14,0,69.12,70.61
2023,164,Lille,Gironde,REP,CM1,Mathématiques,13,20,7.14,1,75.31,63.03
2023,164,Lille,Gironde,REP,CM2,Français,17,20,7.14,1,93.85,70.52
2023,164,Lille,Gironde,REP,CM2,Mathématiques,23,20,7.14,0,70.61,56.21
2023,164,Lille,Gironde,REP,6e,Français,14,20,7.14,1,92.39,74.31
2023,164,Lille,Gironde,REP,6e,Mathématiques,20,20,7.14,0,77.53,72.5
2023,165,Bordeaux,Hérault,Hors EP,CP,Français,25,22,2.74,0,76.7,65.69
2023,165,Bordeaux,Hérault,Hors EP,CP,Mathématiques,23,22,2.74,0,74.13,53.15
2023,165,Bordeaux,Hérault,Hors EP,CE1,Français,23,22,2.74,0,76.32,68.77
2023,165,Bordeaux,Hérault,Hors EP,CE1,Mathématiques,21,22,2.74,0,81.06,66.43
2023,165,Bordeaux,Hérault,Hors EP,CM1,Français,22,22,2.74,0,81.24,76.39
2023,165,Bordeaux,Hérault,Hors EP,CM1,Mathématiques,18,22,2.74,0,92.87,85.52
2023,165,Bordeaux,Hérault,Hors EP,CM2,Français,22,22,2.74,0,93.85,79.47
2023,165,Bordeaux,Hérault,Hors EP,CM2,Mathématiques,27,22,2.74,0,86.01,84.45
2023,165,Bordeaux,Hérault,Hors EP,6e,Français,19,22,2.74,0,97.79,72.88
2023,165,Bordeaux,Hérault,Hors EP,6e,Mathématiques,22,22,2.74,0,100.0,85.34
2023,166,Nantes,Loire,Hors EP,CP,Français,24,27,-6.27,0,68.88,48.18
2023,166,Nantes,Loire,Hors EP,CP,Mathématiques,26,27,-6.27,0,67.63,57.89
2023,166,Nantes,Loire,Hors EP,CE1,Français,26,27,-6.27,0,75.91,71.04
2023,166,Nantes,Loire,Hors EP,CE1,Mathématiques,23,27,-6.27,0,69.67,66.14
2023,166,Nantes,Loire,Hors EP,CM1,Français,27,27,-6.27,0,84.7,79.11
2023,166,Nantes,Loire,Hors EP,CM1,Mathématiques,32,27,-6.27,0,69.83,70.38
2023,166,Nantes,Loire,Hors EP,CM2,Français,24,27,-6.27,0,97.12,83.32
2023,166,Nantes,Loire,Hors EP,CM2,Mathématiques,27,27,-6.27,0,85.1,66.09
2023,166,Nantes,Loire,Hors EP,6e,Français,23,27,-6.27,0,92.77,79.81
2023,166,Nantes,Loire,Hors EP,6e,Mathématiques,31,27,-6.27,0,77.78,75.59
2023,167,Paris,Maine-et-Loire,Hors EP,CP,Français,22,22,-22.7,0,73.37,62.91
2023,167,Paris,Maine-et-Loire,Hors EP,CP,Mathématiques,19,22,-22.7,0,69.67,64.66
2023,167,Paris,Maine-et-Loire,Hors EP,CE1,Français,19,22,-22.7,0,80.49,75.64
2023,167,Paris,Maine-et-Loire,Hors EP,CE1,Mathématiques,27,22,-22.7,0,69.2,53.03
2023,167,Paris,Maine-et-Loire,Hors EP,CM1,Français,25,22,-22.7,0,82.83,67.84
2023,167,Paris,Maine-et-Loire,Hors EP,CM1,Mathématiques,23,22,-22.7,0,79.45,77.96
2023,167,Paris,Maine-et-Loire,Hors EP,CM2,Français,22,22,-22.7,0,90.19,77.91
2023,167,Paris,Maine-et-Loire,Hors EP,CM2,Mathématiques,23,22,-22.7,0,88.26,70.86
2023,167,Paris,Maine-et-Loire,Hors EP,6e,Français,24,22,-22.7,0,89.5,68.32
2023,167,Paris,Maine-et-Loire,Hors EP,6e,Mathématiques,26,22,-22.7,0,88.31,75.22
2023,168,Lyon,Moselle,Hors EP,CP,Français,22,26,0.63,0,71.65,63.66
2023,168,Lyon,Moselle,Hors EP,CP,Mathématiques,22,26,0.63,0,72.48,60.32
2023,168,Lyon,Moselle,Hors EP,CE1,Français,22,26,0.63,0,92.35,87.49
2023,168,Lyon,Moselle,Hors EP,CE1,Mathématiques,24,26,0.63,0,77.01,72.47
2023,168,Lyon,Moselle,Hors EP,CM1,Français,24,26,0.63,0,83.45,70.43
2023,168,Lyon,Moselle,Hors EP,CM1,Mathématiques,27,26,0.63,0,82.19,78.7
2023,168,Lyon,Moselle,Hors EP,CM2,Français,25,26,0.63,0,96.03,79.92
2023,168,Lyon,Moselle,Hors EP,CM2,Mathématiques,29,26,0.63,0,77.59,61.27
2023,168,Lyon,Moselle,Hors EP,6e,Français,29,26,0.63,0,90.65,79.24
2023,168,Lyon,Moselle,Hors EP,6e,Mathématiques,23,26,0.63,0,86.27,69.91
2023,169,Lille,Nord,REP,CP,Français,19,22,20.33,0,70.61,59.49
2023,169,Lille,Nord,REP,CP,Mathématiques,20,22,20.33,0,65.51,63.72
2023,169,Lille,Nord,REP,CE1,Français,19,22,20.33,0,71.33,66.88
2023,169,Lille,Nord,REP,CE1,Mathématiques,20,22,20.33,0,60.13,52.76
2023,169,Lille,Nord,REP,CM1,Français,19,22,20.33,0,75.16,74.07
2023,169,Lille,Nord,REP,CM1,Mathématiques,22,22,20.33,0,65.67,68.84
2023,169,Lille,Nord,REP,CM2,Français,20,22,20.33,0,82.16,66.18
2023,169,Lille,Nord,REP,CM2,Mathématiques,19,22,20.33,0,81.71,66.17
2023,169,Lille,Nord,REP,6e,Français,20,22,20.33,0,86.26,68.54
2023,169,Lille,Nord,REP,6e,Mathématiques,16,22,20.33,1,96.02,94.61
2023,170,Bordeaux,Paris,Hors EP,CP,Français,25,30,17.64,0,78.55,71.45
2023,170,Bordeaux,Paris,Hors EP,CP,Mathématiques,28,30,17.64,0,70.29,65.6
2023,170,Bordeaux,Paris,Hors EP,CE1,Français,27,30,17.64,0,79.88,65.69
2023,170,Bordeaux,Paris,Hors EP,CE1,Mathématiques,25,30,17.64,0,80.92,70.89
2023,170,Bordeaux,Paris,Hors EP,CM1,Français,25,30,17.64,0,87.97,79.01
2023,170,Bordeaux,Paris,Hors EP,CM1,Mathématiques,23,30,17.64,0,85.4,73.76
2023,170,Bordeaux,Paris,Hors EP,CM2,Français,28,30,17.64,0,85.66,75.57
2023,170,Bordeaux,Paris,Hors EP,CM2,Mathématiques,21,30,17.64,0,84.89,76.43
2023,170,Bordeaux,Paris,Hors EP,6e,Français,33,30,17.64,0,87.77,71.22
2023,170,Bordeaux,Paris,Hors EP,6e,Mathématiques,26,30,17.64,0,85.4,79.32
2023,171,Nantes,Puy-de-Dôme,REP+,CP,Français,16,22,13.7,1,66.25,62.75
2023,171,Nantes,Puy-de-Dôme,REP+,CP,Mathématiques,19,22,13.7,0,54.86,54.02
2023,171,Nantes,Puy-de-Dôme,REP+,CE1,Français,23,22,13.7,0,59.44,57.38
2023,171,Nantes,Puy-de-Dôme,REP+,CE1,Mathématiques,22,22,13.7,0,48.46,44.19
2023,171,Nantes,Puy-de-Dôme,REP+,CM1,Français,17,22,13.7,1,78.61,70.53
2023,171,Nantes,Puy-de-Dôme,REP+,CM1,Mathématiques,23,22,13.7,0,61.23,53.48
2023,171,Nantes,Puy-de-Dôme,REP+,CM2,Français,20,22,13.7,0,61.91,55.05
2023,171,Nantes,Puy-de-Dôme,REP+,CM2,Mathématiques,14,22,13.7,1,79.62,67.75
2023,171,Nantes,Puy-de-Dôme,REP+,6e,Français,20,22,13.7,0,71.15,60.04
2023,171,Nantes,Puy-de-Dôme,REP+,6e,Mathématiques,22,22,13.7,0,64.08,61.1
2023,172,Paris,Saône-et-Loire,Hors EP,CP,Français,18,21,15.95,0,76.94,66.07
2023,172,Paris,Saône-et-Loire,Hors EP,CP,Mathématiques,17,21,15.95,0,73.56,67.27
2023,172,Paris,Saône-et-Loire,Hors EP,CE1,Français,24,21,15.95,0,76.42,72.08
2023,172,Paris,Saône-et-Loire,Hors EP,CE1,Mathématiques,20,21,15.95,0,71.09,63.22
2023,172,Paris,Saône-et-Loire,Hors EP,CM1,Français,19,21,15.95,0,95.1,87.2
2023,172,Paris,Saône-et-Loire,Hors EP,CM1,Mathématiques,20,21,15.95,0,90.08,75.52
2023,172,Paris,Saône-et-Loire,Hors EP,CM2,Français,22,21,15.95,0,91.27,82.55
2023,172,Paris,Saône-et-Loire,Hors EP,CM2,Mathématiques,22,21,15.95,0,91.04,73.2
2023,172,Paris,Saône-et-Loire,Hors EP,6e,Français,18,21,15.95,0,100.0,87.47
2023,172,Paris,Saône-et-Loire,Hors EP,6e,Mathématiques,19,21,15.95,0,94.11,79.95
2023,173,Lyon,Ain,Hors EP,CP,Français,26,22,-3.27,0,67.77,63.62
2023,173,Lyon,Ain,Hors EP,CP,Mathématiques,21,22,-3.27,0,65.89,53.5
2023,173,Lyon,Ain,Hors EP,CE1,Français,21,22,-3.27,0,69.62,71.49
2023,173,Lyon,Ain,Hors EP,CE1,Mathématiques,20,22,-3.27,0,74.31,71.65
2023,173,Lyon,Ain,Hors EP,CM1,Français,21,22,-3.27,0,87.34,71.53
2023,173,Lyon,Ain,Hors EP,CM1,Mathématiques,21,22,-3.27,0,85.77,69.01
2023,173,Lyon,Ain,Hors EP,CM2,Français,22,22,-3.27,0,77.63,74.12
2023,173,Lyon,Ain,Hors EP,CM2,Mathématiques,20,22,-3.27,0,86.92,73.62
2023,173,Lyon,Ain,Hors EP,6e,Français,19,22,-3.27,0,91.47,79.81
2023,173,Lyon,Ain,Hors EP,6e,Mathématiques,22,22,-3.27,0,86.52,76.54
2023,174,Lille,Bas-Rhin,Hors EP,CP,Français,24,22,-0.45,0,71.78,60.85
2023,174,Lille,Bas-Rhin,Hors EP,CP,Mathématiques,24,22,-0.45,0,74.74,61.97
2023,174,Lille,Bas-Rhin,Hors EP,CE1,Français,22,22,-0.45,0,90.19,77.78
2023,174,Lille,Bas-Rhin,Hors EP,CE1,Mathématiques,20,22,-0.45,0,74.5,61.87
2023,174,Lille,Bas-Rhin,Hors EP,CM1,Français,24,22,-0.45,0,83.43,68.55
2023,174,Lille,Bas-Rhin,Hors EP,CM1,Mathématiques,28,22,-0.45,0,75.83,64.29
2023,174,Lille,Bas-Rhin,Hors EP,CM2,Français,20,22,-0.45,0,86.62,67.67
2023,174,Lille,Bas-Rhin,Hors EP,CM2,Mathématiques,23,22,-0.45,0,80.96,73.98
2023,174,Lille,Bas-Rhin,Hors EP,6e,Français,22,22,-0.45,0,97.63,83.84
2023,174,Lille,Bas-Rhin,Hors EP,6e,Mathématiques,25,22,-0.45,0,92.18,87.65
2023,175,Bordeaux,Bouches-du-Rhône,REP,CP,Français,23,26,12.76,0,65.82,53.3
2023,175,Bordeaux,Bouches-du-Rhône,REP,CP,Mathématiques,20,26,12.76,0,57.67,53.84
2023,175,Bordeaux,Bouches-du-Rhône,REP,CE1,Français,23,26,12.76,0,61.2,51.66
2023,175,Bordeaux,Bouches-du-Rhône,REP,CE1,Mathématiques,21,26,12.76,0,55.64,51.39
2023,175,Bordeaux,Bouches-du-Rhône,REP,CM1,Français,23,26,12.76,0,72.52,65.15
2023,175,Bordeaux,Bouches-du-Rhône,REP,CM1,Mathématiques,27,26,12.76,0,67.59,64.65
2023,175,Bordeaux,Bouches-du-Rhône,REP,CM2,Français,24,26,12.76,0,77.04,66.28
2023,175,Bordeaux,Bouches-du-Rhône,REP,CM2,Mathématiques,23,26,12.76,0,81.18,69.85
2023,175,Bordeaux,Bouches-du-Rhône,REP,6e,Français,20,26,12.76,0,86.37,78.11
2023,175,Bordeaux,Bouches-du-Rhône,REP,6e,Mathématiques,23,26,12.76,0,69.08,68.41
2023,176,Nantes,Gironde,Hors EP,CP,Français,23,25,-24.3,0,67.65,68.46
2023,176,Nantes,Gironde,Hors EP,CP,Mathématiques,24,25,-24.3,0,62.29,63.05
2023,176,Nantes,Gironde,Hors EP,CE1,Français,17,25,-24.3,0,80.87,63.68
2023,176,Nantes,Gironde,Hors EP,CE1,Mathématiques,22,25,-24.3,0,70.9,67.76
2023,176,Nantes,Gironde,Hors EP,CM1,Français,29,25,-24.3,0,66.68,62.57
2023,176,Nantes,Gironde,Hors EP,CM1,Mathématiques,29,25,-24.3,0,69.11,58.82
2023,176,Nantes,Gironde,Hors EP,CM2,Français,24,25,-24.3,0,87.91,78.07
2023,176,Nantes,Gironde,Hors EP,CM2,Mathématiques,22,25,-24.3,0,79.37,75.55
2023,176,Nantes,Gironde,Hors EP,6e,Français,21,25,-24.3,0,83.26,64.35
2023,176,Nantes,Gironde,Hors EP,6e,Mathématiques,22,25,-24.3,0,94.7,73.45
2023,177,Paris,Hérault,REP,CP,Français,21,28,-30.59,0,54.28,60.56
2023,177,Paris,Hérault,REP,CP,Mathématiques,23,28,-30.59,0,48.85,49.16
2023,177,Paris,Hérault,REP,CE1,Français,20,28,-30.59,0,61.92,53.11
2023,177,Paris,Hérault,REP,CE1,Mathématiques,31,28,-30.59,0,45.0,55.25
2023,177,Paris,Hérault,REP,CM1,Français,21,28,-30.59,0,68.31,63.95
2023,177,Paris,Hérault,REP,CM1,Mathématiques,24,28,-30.59,0,61.79,61.33
2023,177,Paris,Hérault,REP,CM2,Français,25,28,-30.59,0,67.75,57.7
2023,177,Paris,Hérault,REP,CM2,Mathématiques,24,28,-30.59,0,65.63,58.64
2023,177,Paris,Hérault,REP,6e,Français,24,28,-30.59,0,68.09,56.16
2023,177,Paris,Hérault,REP,6e,Mathématiques,26,28,-30.59,0,59.5,61.45
2023,178,Lyon,Loire,REP,CP,Français,24,23,-3.93,0,64.8,65.43
2023,178,Lyon,Loire,REP,CP,Mathématiques,27,23,-3.93,0,57.08,48.38
2023,178,Lyon,Loire,REP,CE1,Français,26,23,-3.93,0,56.36,47.76
2023,178,Lyon,Loire,REP,CE1,Mathématiques,25,23,-3.93,0,55.87,52.16
2023,178,Lyon,Loire,REP,CM1,Français,24,23,-3.93,0,61.98,65.63
2023,178,Lyon,Loire,REP,CM1,Mathématiques,25,23,-3.93,0,57.24,54.83
2023,178,Lyon,Loire,REP,CM2,Français,29,23,-3.93,0,72.44,61.67
2023,178,Lyon,Loire,REP,CM2,Mathématiques,24,23,-3.93,0,65.32,55.71
2023,178,Lyon,Loire,REP,6e,Français,23,23,-3.93,0,71.92,61.69
2023,178,Lyon,Loire,REP,6e,Mathématiques,26,23,-3.93,0,70.97,64.34
2023,179,Lille,Maine-et-Loire,Hors EP,CP,Français,30,28,10.56,0,65.77,54.14
2023,179,Lille,Maine-et-Loire,Hors EP,CP,Mathématiques,30,28,10.56,0,69.85,56.12
2023,179,Lille,Maine-et-Loire,Hors EP,CE1,Français,29,28,10.56,0,71.36,64.76
2023,179,Lille,Maine-et-Loire,Hors EP,CE1,Mathématiques,31,28,10.56,0,70.49,72.41
2023,179,Lille,Maine-et-Loire,Hors EP,CM1,Français,28,28,10.56,0,75.6,67.65
2023,179,Lille,Maine-et-Loire,Hors EP,CM1,Mathématiques,34,28,10.56,0,64.79,60.71
2023,179,Lille,Maine-et-Loire,Hors EP,CM2,Français,29,28,10.56,0,87.71,77.78
2023,179,Lille,Maine-et-Loire,Hors EP,CM2,Mathématiques,30,28,10.56,0,82.16,67.58
2023,179,Lille,Maine-et-Loire,Hors EP,6e,Français,32,28,10.56,0,92.41,78.34
2023,179,Lille,Maine-et-Loire,Hors EP,6e,Mathématiques,29,28,10.56,0,85.21,76.89
2023,180,Bordeaux,Moselle,Hors EP,CP,Français,21,21,-11.79,0,64.99,59.73
2023,180,Bordeaux,Moselle,Hors EP,CP,Mathématiques,20,21,-11.79,0,62.43,59.12
2023,180,Bordeaux,Moselle,Hors EP,CE1,Français,17,21,-11.79,0,80.47,67.66
2023,180,Bordeaux,Moselle,Hors EP,CE1,Mathématiques,16,21,-11.79,0,72.38,59.39
2023,180,Bordeaux,Moselle,Hors EP,CM1,Français,22,21,-11.79,0,86.25,84.62
2023,180,Bordeaux,Moselle,Hors EP,CM1,Mathématiques,19,21,-11.79,0,79.74,69.9
2023,180,Bordeaux,Moselle,Hors EP,CM2,Français,19,21,-11.79,0,87.56,74.82
2023,180,Bordeaux,Moselle,Hors EP,CM2,Mathématiques,22,21,-11.79,0,74.98,63.13
2023,180,Bordeaux,Moselle,Hors EP,6e,Français,16,21,-11.79,0,95.39,82.03
2023,180,Bordeaux,Moselle,Hors EP,6e,Mathématiques,23,21,-11.79,0,86.63,74.44
2024,1,Paris,Paris,REP,CP,Français,20,19,-16.31,0,63.2,53.45
2024,1,Paris,Paris,REP,CP,Mathématiques,13,19,-16.31,1,65.41,54.98
2024,1,Paris,Paris,REP,CE1,Français,14,19,-16.31,1,69.31,60.98
2024,1,Paris,Paris,REP,CE1,Mathématiques,19,19,-16.31,0,59.54,57.71
2024,1,Paris,Paris,REP,CM1,Français,16,19,-16.31,1,84.4,68.46
2024,1,Paris,Paris,REP,CM1,Mathématiques,18,19,-16.31,1,79.18,75.66
2024,1,Paris,Paris,REP,CM2,Français,18,19,-16.31,1,87.8,67.35
2024,1,Paris,Paris,REP,CM2,Mathématiques,16,19,-16.31,1,80.04,65.32
2024,1,Paris,Paris,REP,6e,Français,17,19,-16.31,1,92.73,79.45
2024,1,Paris,Paris,REP,6e,Mathématiques,20,19,-16.31,0,80.02,63.27
2024,2,Lyon,Puy-de-Dôme,Hors EP,CP,Français,26,26,-1.85,0,76.03,67.6
2024,2,Lyon,Puy-de-Dôme,Hors EP,CP,Mathématiques,22,26,-1.85,0,63.62,67.47
2024,2,Lyon,Puy-de-Dôme,Hors EP,CE1,Français,22,26,-1.85,0,78.03,72.47
2024,2,Lyon,Puy-de-Dôme,Hors EP,CE1,Mathématiques,22,26,-1.85,0,70.91,56.99
2024,2,Lyon,Puy-de-Dôme,Hors EP,CM1,Français,31,26,-1.85,0,85.76,69.65
2024,2,Lyon,Puy-de-Dôme,Hors EP,CM1,Mathématiques,27,26,-1.85,0,78.66,67.09
2024,2,Lyon,Puy-de-Dôme,Hors EP,CM2,Français,22,26,-1.85,0,100.0,73.92
2024,2,Lyon,Puy-de-Dôme,Hors EP,CM2,Mathématiques,27,26,-1.85,0,79.36,74.01
2024,2,Lyon,Puy-de-Dôme,Hors EP,6e,Français,28,26,-1.85,0,84.97,68.83
2024,2,Lyon,Puy-de-Dôme,Hors EP,6e,Mathématiques,22,26,-1.85,0,92.65,81.56
2024,3,Lille,Saône-et-Loire,Hors EP,CP,Français,26,23,11.23,0,62.66,60.34
2024,3,Lille,Saône-et-Loire,Hors EP,CP,Mathématiques,24,23,11.23,0,65.91,54.6
2024,3,Lille,Saône-et-Loire,Hors EP,CE1,Français,22,23,11.23,0,74.31,61.54
2024,3,Lille,Saône-et-Loire,Hors EP,CE1,Mathématiques,22,23,11.23,0,79.93,65.82
2024,3,Lille,Saône-et-Loire,Hors EP,CM1,Français,22,23,11.23,0,90.96,68.03
2024,3,Lille,Saône-et-Loire,Hors EP,CM1,Mathématiques,24,23,11.23,0,83.3,73.73
2024,3,Lille,Saône-et-Loire,Hors EP,CM2,Français,22,23,11.23,0,86.56,81.46
2024,3,Lille,Saône-et-Loire,Hors EP,CM2,Mathématiques,21,23,11.23,0,84.22,72.37
2024,3,Lille,Saône-et-Loire,Hors EP,6e,Français,21,23,11.23,0,100.0,81.67
2024,3,Lille,Saône-et-Loire,Hors EP,6e,Mathématiques,26,23,11.23,0,91.77,75.46
2024,4,Bordeaux,Ain,Hors EP,CP,Français,23,21,6.35,0,71.83,56.16
2024,4,Bordeaux,Ain,Hors EP,CP,Mathématiques,22,21,6.35,0,69.49,62.4
2024,4,Bordeaux,Ain,Hors EP,CE1,Français,21,21,6.35,0,77.43,66.31
2024,4,Bordeaux,Ain,Hors EP,CE1,Mathématiques,22,21,6.35,0,79.89,71.44
2024,4,Bordeaux,Ain,Hors EP,CM1,Français,27,21,6.35,0,81.9,67.33
2024,4,Bordeaux,Ain,Hors EP,CM1,Mathématiques,22,21,6.35,0,85.32,78.03
2024,4,Bordeaux,Ain,Hors EP,CM2,Français,25,21,6.35,0,83.49,78.17
2024,4,Bordeaux,Ain,Hors EP,CM2,Mathématiques,22,21,6.35,0,83.59,70.82
2024,4,Bordeaux,Ain,Hors EP,6e,Français,25,21,6.35,0,95.12,73.62
2024,4,Bordeaux,Ain,Hors EP,6e,Mathématiques,19,21,6.35,0,89.92,72.49
2024,5,Nantes,Bas-Rhin,REP+,CP,Français,18,15,16.82,1,74.6,56.75
2024,5,Nantes,Bas-Rhin,REP+,CP,Mathématiques,18,15,16.82,1,65.03,59.61
2024,5,Nantes,Bas-Rhin,REP+,CE1,Français,17,15,16.82,1,74.78,56.51
2024,5,Nantes,Bas-Rhin,REP+,CE1,Mathématiques,12,15,16.82,1,66.97,53.89
2024,5,Nantes,Bas-Rhin,REP+,CM1,Français,16,15,16.82,1,84.09,72.13
2024,5,Nantes,Bas-Rhin,REP+,CM1,Mathématiques,15,15,16.82,1,74.57,66.2
2024,5,Nantes,Bas-Rhin,REP+,CM2,Français,17,15,16.82,1,74.67,68.21
2024,5,Nantes,Bas-Rhin,REP+,CM2,Mathématiques,14,15,16.82,1,76.41,64.44
2024,5,Nantes,Bas-Rhin,REP+,6e,Français,19,15,16.82,0,71.75,62.94
2024,5,Nantes,Bas-Rhin,REP+,6e,Mathématiques,18,15,16.82,1,78.9,66.37
2024,6,Paris,Bouches-du-Rhône,Hors EP,CP,Français,26,27,-10.74,0,69.66,65.51
2024,6,Paris,Bouches-du-Rhône,Hors EP,CP,Mathématiques,27,27,-10.74,0,59.52,60.64
2024,6,Paris,Bouches-du-Rhône,Hors EP,CE1,Français,24,27,-10.74,0,79.62,71.61
2024,6,Paris,Bouches-du-Rhône,Hors EP,CE1,Mathématiques,30,27,-10.74,0,67.54,58.91
2024,6,Paris,Bouches-du-Rhône,Hors EP,CM1,Français,24,27,-10.74,0,77.24,71.57
2024,6,Paris,Bouches-du-Rhône,Hors EP,CM1,Mathématiques,22,27,-10.74,0,84.31,71.21
2024,6,Paris,Bouches-du-Rhône,Hors EP,CM2,Français,21,27,-10.74,0,96.31,63.61
2024,6,Paris,Bouches-du-Rhône,Hors EP,CM2,Mathématiques,25,27,-10.74,0,84.06,60.63
2024,6,Paris,Bouches-du-Rhône,Hors EP,6e,Français,26,27,-10.74,0,87.1,72.98
2024,6,Paris,Bouches-du-Rhône,Hors EP,6e,Mathématiques,28,27,-10.74,0,85.95,71.7
2024,7,Lyon,Gironde,REP+,CP,Français,21,26,-10.61,0,47.27,44.89
2024,7,Lyon,Gironde,REP+,CP,Mathématiques,26,26,-10.61,0,44.38,38.49
2024,7,Lyon,Gironde,REP+,CE1,Français,23,26,-10.61,0,53.06,53.89
2024,7,Lyon,Gironde,REP+,CE1,Mathématiques,21,26,-10.61,0,60.13,51.34
2024,7,Lyon,Gironde,REP+,CM1,Français,19,26,-10.61,0,68.65,51.66
2024,7,Lyon,Gironde,REP+,CM1,Mathématiques,22,26,-10.61,0,62.33,46.41
2024,7,Lyon,Gironde,REP+,CM2,Français,22,26,-10.61,0,60.0,46.57
2024,7,Lyon,Gironde,REP+,CM2,Mathématiques,19,26,-10.61,0,65.6,56.08
2024,7,Lyon,Gironde,REP+,6e,Français,25,26,-10.61,0,69.4,59.75
2024,7,Lyon,Gironde,REP+,6e,Mathématiques,19,26,-10.61,0,72.44,74.55
2024,8,Lille,Hérault,Hors EP,CP,Français,24,23,14.21,0,72.9,61.57
2024,8,Lille,Hérault,Hors EP,CP,Mathématiques,20,23,14.21,0,74.2,70.56
2024,8,Lille,Hérault,Hors EP,CE1,Français,22,23,14.21,0,86.5,70.22
2024,8,Lille,Hérault,Hors EP,CE1,Mathématiques,16,23,14.21,0,93.03,79.33
2024,8,Lille,Hérault,Hors EP,CM1,Français,24,23,14.21,0,81.36,63.51
2024,8,Lille,Hérault,Hors EP,CM1,Mathématiques,22,23,14.21,0,74.74,64.49
2024,8,Lille,Hérault,Hors EP,CM2,Français,25,23,14.21,0,91.02,78.17
2024,8,Lille,Hérault,Hors EP,CM2,Mathématiques,26,23,14.21,0,86.79,64.5
2024,8,Lille,Hérault,Hors EP,6e,Français,22,23,14.21,0,100.0,81.45
2024,8,Lille,Hérault,Hors EP,6e,Mathématiques,27,23,14.21,0,93.81,76.75
2024,9,Bordeaux,Loire,Hors EP,CP,Français,25,27,-18.94,0,60.84,54.67
2024,9,Bordeaux,Loire,Hors EP,CP,Mathématiques,21,27,-18.94,0,73.16,61.3
2024,9,Bordeaux,Loire,Hors EP,CE1,Français,28,27,-18.94,0,68.89,58.69
2024,9,Bordeaux,Loire,Hors EP,CE1,Mathématiques,21,27,-18.94,0,76.39,69.4
2024,9,Bordeaux,Loire,Hors EP,CM1,Français,27,27,-18.94,0,81.18,72.21
2024,9,Bordeaux,Loire,Hors EP,CM1,Mathématiques,26,27,-18.94,0,79.26,73.44
2024,9,Bordeaux,Loire,Hors EP,CM2,Français,21,27,-18.94,0,86.55,65.74
2024,9,Bordeaux,Loire,Hors EP,CM2,Mathématiques,26,27,-18.94,0,88.46,79.64
2024,9,Bordeaux,Loire,Hors EP,6e,Français,23,27,-18.94,0,94.1,80.73
2024,9,Bordeaux,Loire,Hors EP,6e,Mathématiques,26,27,-18.94,0,80.26,76.15
2024,10,Nantes,Maine-et-Loire,REP,CP,Français,19,23,-4.48,0,63.7,58.65
2024,10,Nantes,Maine-et-Loire,REP,CP,Mathématiques,19,23,-4.48,0,61.12,56.94
2024,10,Nantes,Maine-et-Loire,REP,CE1,Français,17,23,-4.48,1,70.09,67.65
2024,10,Nantes,Maine-et-Loire,REP,CE1,Mathématiques,22,23,-4.48,0,62.98,59.47
2024,10,Nantes,Maine-et-Loire,REP,CM1,Français,17,23,-4.48,1,72.09,62.78
2024,10,Nantes,Maine-et-Loire,REP,CM1,Mathématiques,14,23,-4.48,1,80.89,76.53
2024,10,Nantes,Maine-et-Loire,REP,CM2,Français,17,23,-4.48,1,85.55,68.14
2024,10,Nantes,Maine-et-Loire,REP,CM2,Mathématiques,19,23,-4.48,0,75.01,60.91
2024,10,Nantes,Maine-et-Loire,REP,6e,Français,21,23,-4.48,0,93.52,84.54
2024,10,Nantes,Maine-et-Loire,REP,6e,Mathématiques,19,23,-4.48,0,79.61,66.57
2024,11,Paris,Moselle,Hors EP,CP,Français,28,29,-14.03,0,72.92,62.83
2024,11,Paris,Moselle,Hors EP,CP,Mathématiques,26,29,-14.03,0,69.85,66.12
2024,11,Paris,Moselle,Hors EP,CE1,Français,28,29,-14.03,0,73.06,66.62
2024,11,Paris,Moselle,Hors EP,CE1,Mathématiques,26,29,-14.03,0,65.69,51.88
2024,11,Paris,Moselle,Hors EP,CM1,Français,28,29,-14.03,0,78.4,70.59
2024,11,Paris,Moselle,Hors EP,CM1,Mathématiques,25,29,-14.03,0,78.08,68.49
2024,11,Paris,Moselle,Hors EP,CM2,Français,30,29,-14.03,0,84.95,69.07
2024,11,Paris,Moselle,Hors EP,CM2,Mathématiques,28,29,-14.03,0,76.55,53.99
2024,11,Paris,Moselle,Hors EP,6e,Français,31,29,-14.03,0,83.53,77.0
2024,11,Paris,Moselle,Hors EP,6e,Mathématiques,25,29,-14.03,0,83.98,69.38
2024,12,Lyon,Nord,Hors EP,CP,Français,25,24,-5.96,0,67.79,68.44
2024,12,Lyon,Nord,Hors EP,CP,Mathématiques,22,24,-5.96,0,67.59,58.84
2024,12,Lyon,Nord,Hors EP,CE1,Français,31,24,-5.96,0,73.64,60.8
2024,12,Lyon,Nord,Hors EP,CE1,Mathématiques,27,24,-5.96,0,73.11,66.08
2024,12,Lyon,Nord,Hors EP,CM1,Français,27,24,-5.96,0,80.05,70.29
2024,12,Lyon,Nord,Hors EP,CM1,Mathématiques,21,24,-5.96,0,88.68,73.06
2024,12,Lyon,Nord,Hors EP,CM2,Français,22,24,-5.96,0,87.02,71.85
2024,12,Lyon,Nord,Hors EP,CM2,Mathématiques,23,24,-5.96,0,88.88,80.31
2024,12,Lyon,Nord,Hors EP,6e,Français,20,24,-5.96,0,93.77,76.55
2024,12,Lyon,Nord,Hors EP,6e,Mathématiques,25,24,-5.96,0,96.26,76.39
2024,13,Lille,Paris,REP+,CP,Français,16,20,-3.73,1,65.05,65.7
2024,13,Lille,Paris,REP+,CP,Mathématiques,17,20,-3.73,1,63.09,61.09
2024,13,Lille,Paris,REP+,CE1,Français,15,20,-3.73,1,70.67,59.91
2024,13,Lille,Paris,REP+,CE1,Mathématiques,21,20,-3.73,0,56.34,56.77
2024,13,Lille,Paris,REP+,CM1,Français,12,20,-3.73,1,78.33,67.38
2024,13,Lille,Paris,REP+,CM1,Mathématiques,13,20,-3.73,1,72.58,56.76
2024,13,Lille,Paris,REP+,CM2,Français,19,20,-3.73,0,76.71,58.21
2024,13,Lille,Paris,REP+,CM2,Mathématiques,17,20,-3.73,1,76.41,57.01
2024,13,Lille,Paris,REP+,6e,Français,19,20,-3.73,0,78.07,78.22
2024,13,Lille,Paris,REP+,6e,Mathématiques,18,20,-3.73,1,78.2,70.75
2024,14,Bordeaux,Puy-de-Dôme,REP,CP,Français,23,23,-28.26,0,60.31,43.29
2024,14,Bordeaux,Puy-de-Dôme,REP,CP,Mathématiques,20,23,-28.26,0,47.47,44.22
2024,14,Bordeaux,Puy-de-Dôme,REP,CE1,Français,21,23,-28.26,0,61.9,63.37
2024,14,Bordeaux,Puy-de-Dôme,REP,CE1,Mathématiques,19,23,-28.26,0,61.14,62.07
2024,14,Bordeaux,Puy-de-Dôme,REP,CM1,Français,18,23,-28.26,1,80.1,70.0
2024,14,Bordeaux,Puy-de-Dôme,REP,CM1,Mathématiques,19,23,-28.26,0,72.53,60.99
2024,14,Bordeaux,Puy-de-Dôme,REP,CM2,Français,17,23,-28.26,1,80.43,58.98
2024,14,Bordeaux,Puy-de-Dôme,REP,CM2,Mathématiques,23,23,-28.26,0,64.66,57.77
2024,14,Bordeaux,Puy-de-Dôme,REP,6e,Français,23,23,-28.26,0,76.07,69.3
2024,14,Bordeaux,Puy-de-Dôme,REP,6e,Mathématiques,15,23,-28.26,1,93.5,77.97
2024,15,Nantes,Saône-et-Loire,REP,CP,Français,15,18,-7.03,1,70.81,63.38
2024,15,Nantes,Saône-et-Loire,REP,CP,Mathématiques,17,18,-7.03,1,71.76,64.97
2024,15,Nantes,Saône-et-Loire,REP,CE1,Français,19,18,-7.03,0,65.63,69.99
2024,15,Nantes,Saône-et-Loire,REP,CE1,Mathématiques,16,18,-7.03,1,79.84,66.3
2024,15,Nantes,Saône-et-Loire,REP,CM1,Français,13,18,-7.03,1,75.25,67.69
2024,15,Nantes,Saône-et-Loire,REP,CM1,Mathématiques,20,18,-7.03,0,63.78,53.98
2024,15,Nantes,Saône-et-Loire,REP,CM2,Français,18,18,-7.03,1,87.74,71.74
2024,15,Nantes,Saône-et-Loire,REP,CM2,Mathématiques,14,18,-7.03,1,86.15,76.84
2024,15,Nantes,Saône-et-Loire,REP,6e,Français,18,18,-7.03,1,92.88,72.88
2024,15,Nantes,Saône-et-Loire,REP,6e,Mathématiques,18,18,-7.03,1,90.84,70.2
2024,16,Paris,Ain,Hors EP,CP,Français,23,23,-23.53,0,68.1,64.1
2024,16,Paris,Ain,Hors EP,CP,Mathématiques,31,23,-23.53,0,61.68,50.95
2024,16,Paris,Ain,Hors EP,CE1,Français,25,23,-23.53,0,73.52,68.78
2024,16,Paris,Ain,Hors EP,CE1,Mathématiques,28,23,-23.53,0,74.04,68.03
2024,16,Paris,Ain,Hors EP,CM1,Français,25,23,-23.53,0,86.15,71.85
2024,16,Paris,Ain,Hors EP,CM1,Mathématiques,25,23,-23.53,0,75.38,55.6
2024,16,Paris,Ain,Hors EP,CM2,Français,28,23,-23.53,0,84.82,60.83
2024,16,Paris,Ain,Hors EP,CM2,Mathématiques,28,23,-23.53,0,77.41,72.58
2024,16,Paris,Ain,Hors EP,6e,Français,25,23,-23.53,0,83.37,71.82
2024,16,Paris,Ain,Hors EP,6e,Mathématiques,23,23,-23.53,0,82.77,75.62
2024,17,Lyon,Bas-Rhin,Hors EP,CP,Français,30,27,-11.55,0,62.66,56.06
2024,17,Lyon,Bas-Rhin,Hors EP,CP,Mathématiques,29,27,-11.55,0,63.75,55.9
2024,17,Lyon,Bas-Rhin,Hors EP,CE1,Français,24,27,-11.55,0,80.03,67.58
2024,17,Lyon,Bas-Rhin,Hors EP,CE1,Mathématiques,30,27,-11.55,0,69.6,67.78
2024,17,Lyon,Bas-Rhin,Hors EP,CM1,Français,27,27,-11.55,0,77.55,62.19
2024,17,Lyon,Bas-Rhin,Hors EP,CM1,Mathématiques,27,27,-11.55,0,77.65,63.72
2024,17,Lyon,Bas-Rhin,Hors EP,CM2,Français,29,27,-11.55,0,88.92,73.24
2024,17,Lyon,Bas-Rhin,Hors EP,CM2,Mathématiques,25,27,-11.55,0,81.05,63.0
2024,17,Lyon,Bas-Rhin,Hors EP,6e,Français,31,27,-11.55,0,85.9,69.77
2024,17,Lyon,Bas-Rhin,Hors EP,6e,Mathématiques,27,27,-11.55,0,80.79,75.0
2024,18,Lille,Bouches-du-Rhône,REP,CP,Français,19,17,-2.95,0,55.09,53.59
2024,18,Lille,Bouches-du-Rhône,REP,CP,Mathématiques,15,17,-2.95,1,73.21,65.09
2024,18,Lille,Bouches-du-Rhône,REP,CE1,Français,16,17,-2.95,1,76.77,75.01
2024,18,Lille,Bouches-du-Rhône,REP,CE1,Mathématiques,16,17,-2.95,1,78.14,71.27
2024,18,Lille,Bouches-du-Rhône,REP,CM1,Français,18,17,-2.95,1,78.68,72.04
2024,18,Lille,Bouches-du-Rhône,REP,CM1,Mathématiques,17,17,-2.95,1,74.89,64.87
2024,18,Lille,Bouches-du-Rhône,REP,CM2,Français,22,17,-2.95,0,73.88,63.4
2024,18,Lille,Bouches-du-Rhône,REP,CM2,Mathématiques,17,17,-2.95,1,82.81,72.01
2024,18,Lille,Bouches-du-Rhône,REP,6e,Français,15,17,-2.95,1,95.06,79.33
2024,18,Lille,Bouches-du-Rhône,REP,6e,Mathématiques,21,17,-2.95,0,78.75,67.44
2024,19,Bordeaux,Gironde,REP,CP,Français,19,19,-11.86,0,68.83,59.18
2024,19,Bordeaux,Gironde,REP,CP,Mathématiques,15,19,-11.86,1,68.69,64.81
2024,19,Bordeaux,Gironde,REP,CE1,Français,14,19,-11.86,1,75.69,64.9
2024,19,Bordeaux,Gironde,REP,CE1,Mathématiques,13,19,-11.86,1,68.47,62.2
2024,19,Bordeaux,Gironde,REP,CM1,Français,16,19,-11.86,1,78.74,68.94
2024,19,Bordeaux,Gironde,REP,CM1,Mathématiques,14,19,-11.86,1,85.06,72.32
2024,19,Bordeaux,Gironde,REP,CM2,Français,19,19,-11.86,0,69.66,63.98
2024,19,Bordeaux,Gironde,REP,CM2,Mathématiques,17,19,-11.86,1,83.56,69.12
2024,19,Bordeaux,Gironde,REP,6e,Français,16,19,-11.86,1,95.52,73.9
2024,19,Bordeaux,Gironde,REP,6e,Mathématiques,18,19,-11.86,1,90.61,75.31
2024,20,Nantes,Hérault,Hors EP,CP,Français,22,24,4.18,0,73.54,59.29
2024,20,Nantes,Hérault,Hors EP,CP,Mathématiques,19,24,4.18,0,69.97,63.18
2024,20,Nantes,Hérault,Hors EP,CE1,Français,27,24,4.18,0,79.48,63.27
2024,20,Nantes,Hérault,Hors EP,CE1,Mathématiques,22,24,4.18,0,72.28,51.24
2024,20,Nantes,Hérault,Hors EP,CM1,Français,24,24,4.18,0,87.32,73.11
2024,20,Nantes,Hérault,Hors EP,CM1,Mathématiques,21,24,4.18,0,79.6,67.48
2024,20,Nantes,Hérault,Hors EP,CM2,Français,26,24,4.18,0,86.08,76.71
2024,20,Nantes,Hérault,Hors EP,CM2,Mathématiques,24,24,4.18,0,86.77,69.3
2024,20,Nantes,Hérault,Hors EP,6e,Français,22,24,4.18,0,89.85,79.11
2024,20,Nantes,Hérault,Hors EP,6e,Mathématiques,23,24,4.18,0,75.41,68.69
2024,21,Paris,Loire,Hors EP,CP,Français,17,26,-2.52,0,87.09,73.2
2024,21,Paris,Loire,Hors EP,CP,Mathématiques,23,26,-2.52,0,67.99,59.75
2024,21,Paris,Loire,Hors EP,CE1,Français,22,26,-2.52,0,74.01,73.79
2024,21,Paris,Loire,Hors EP,CE1,Mathématiques,24,26,-2.52,0,76.22,66.12
2024,21,Paris,Loire,Hors EP,CM1,Français,20,26,-2.52,0,91.13,80.02
2024,21,Paris,Loire,Hors EP,CM1,Mathématiques,21,26,-2.52,0,77.72,59.97
2024,21,Paris,Loire,Hors EP,CM2,Français,22,26,-2.52,0,88.58,81.16
2024,21,Paris,Loire,Hors EP,CM2,Mathématiques,24,26,-2.52,0,85.07,72.44
2024,21,Paris,Loire,Hors EP,6e,Français,19,26,-2.52,0,100.0,82.72
2024,21,Paris,Loire,Hors EP,6e,Mathématiques,24,26,-2.52,0,95.19,76.9
2024,22,Lyon,Maine-et-Loire,REP,CP,Français,30,31,-3.34,0,52.01,52.0
2024,22,Lyon,Maine-et-Loire,REP,CP,Mathématiques,26,31,-3.34,0,53.92,50.3
2024,22,Lyon,Maine-et-Loire,REP,CE1,Français,25,31,-3.34,0,62.99,54.64
2024,22,Lyon,Maine-et-Loire,REP,CE1,Mathématiques,28,31,-3.34,0,54.83,43.68
2024,22,Lyon,Maine-et-Loire,REP,CM1,Français,29,31,-3.34,0,67.17,71.94
2024,22,Lyon,Maine-et-Loire,REP,CM1,Mathématiques,27,31,-3.34,0,63.92,60.86
2024,22,Lyon,Maine-et-Loire,REP,CM2,Français,30,31,-3.34,0,72.71,66.03
2024,22,Lyon,Maine-et-Loire,REP,CM2,Mathématiques,27,31,-3.34,0,71.89,63.51
2024,22,Lyon,Maine-et-Loire,REP,6e,Français,24,31,-3.34,0,72.04,62.52
2024,22,Lyon,Maine-et-Loire,REP,6e,Mathématiques,27,31,-3.34,0,84.22,71.67
2024,23,Lille,Moselle,REP,CP,Français,17,21,3.36,1,69.45,60.22
2024,23,Lille,Moselle,REP,CP,Mathématiques,17,21,3.36,1,69.96,63.28
2024,23,Lille,Moselle,REP,CE1,Français,18,21,3.36,1,84.55,78.29
2024,23,Lille,Moselle,REP,CE1,Mathématiques,18,21,3.36,1,70.66,62.9
2024,23,Lille,Moselle,REP,CM1,Français,19,21,3.36,0,73.82,63.21
2024,23,Lille,Moselle,REP,CM1,Mathématiques,16,21,3.36,1,81.16,68.43
2024,23,Lille,Moselle,REP,CM2,Français,18,21,3.36,1,89.43,75.46
2024,23,Lille,Moselle,REP,CM2,Mathématiques,19,21,3.36,0,74.32,67.34
2024,23,Lille,Moselle,REP,6e,Français,17,21,3.36,1,89.11,71.14
2024,23,Lille,Moselle,REP,6e,Mathématiques,17,21,3.36,1,85.21,64.48
2024,24,Bordeaux,Nord,REP,CP,Français,20,24,-5.8,0,62.97,49.78
2024,24,Bordeaux,Nord,REP,CP,Mathématiques,24,24,-5.8,0,51.91,38.89
2024,24,Bordeaux,Nord,REP,CE1,Français,28,24,-5.8,0,53.25,49.43
2024,24,Bordeaux,Nord,REP,CE1,Mathématiques,24,24,-5.8,0,57.39,56.35
2024,24,Bordeaux,Nord,REP,CM1,Français,22,24,-5.8,0,72.02,65.57
2024,24,Bordeaux,Nord,REP,CM1,Mathématiques,21,24,-5.8,0,69.27,56.83
2024,24,Bordeaux,Nord,REP,CM2,Français,21,24,-5.8,0,77.51,65.67
2024,24,Bordeaux,Nord,REP,CM2,Mathématiques,25,24,-5.8,0,71.32,56.36
2024,24,Bordeaux,Nord,REP,6e,Français,26,24,-5.8,0,77.99,65.1
2024,24,Bordeaux,Nord,REP,6e,Mathématiques,24,24,-5.8,0,78.97,67.1
2024,25,Nantes,Paris,REP,CP,Français,24,26,-2.74,0,56.17,53.82
2024,25,Nantes,Paris,REP,CP,Mathématiques,26,26,-2.74,0,48.0,50.85
2024,25,Nantes,Paris,REP,CE1,Français,26,26,-2.74,0,63.65,57.63
2024,25,Nantes,Paris,REP,CE1,Mathématiques,25,26,-2.74,0,64.82,58.79
2024,25,Nantes,Paris,REP,CM1,Français,24,26,-2.74,0,78.47,69.89
2024,25,Nantes,Paris,REP,CM1,Mathématiques,21,26,-2.74,0,72.5,66.31
2024,25,Nantes,Paris,REP,CM2,Français,22,26,-2.74,0,70.7,64.27
2024,25,Nantes,Paris,REP,CM2,Mathématiques,24,26,-2.74,0,65.27,58.94
2024,25,Nantes,Paris,REP,6e,Français,24,26,-2.74,0,78.59,70.9
2024,25,Nantes,Paris,REP,6e,Mathématiques,20,26,-2.74,0,74.47,63.2
2024,26,Paris,Puy-de-Dôme,Hors EP,CP,Français,25,35,0.55,0,76.44,69.22
2024,26,Paris,Puy-de-Dôme,Hors EP,CP,Mathématiques,32,35,0.55,0,57.46,63.97
2024,26,Paris,Puy-de-Dôme,Hors EP,CE1,Français,34,35,0.55,0,69.59,67.28
2024,26,Paris,Puy-de-Dôme,Hors EP,CE1,Mathématiques,31,35,0.55,0,71.66,57.19
2024,26,Paris,Puy-de-Dôme,Hors EP,CM1,Français,25,35,0.55,0,76.65,63.09
2024,26,Paris,Puy-de-Dôme,Hors EP,CM1,Mathématiques,29,35,0.55,0,77.78,66.61
2024,26,Paris,Puy-de-Dôme,Hors EP,CM2,Français,31,35,0.55,0,76.63,60.76
2024,26,Paris,Puy-de-Dôme,Hors EP,CM2,Mathématiques,31,35,0.55,0,76.53,67.06
2024,26,Paris,Puy-de-Dôme,Hors EP,6e,Français,32,35,0.55,0,93.44,78.44
2024,26,Paris,Puy-de-Dôme,Hors EP,6e,Mathématiques,34,35,0.55,0,83.09,74.95
2024,27,Lyon,Saône-et-Loire,Hors EP,CP,Français,25,30,13.0,0,75.22,66.81
2024,27,Lyon,Saône-et-Loire,Hors EP,CP,Mathématiques,29,30,13.0,0,69.03,55.01
2024,27,Lyon,Saône-et-Loire,Hors EP,CE1,Français,31,30,13.0,0,76.22,64.07
2024,27,Lyon,Saône-et-Loire,Hors EP,CE1,Mathématiques,23,30,13.0,0,80.93,64.94
2024,27,Lyon,Saône-et-Loire,Hors EP,CM1,Français,28,30,13.0,0,85.97,70.21
2024,27,Lyon,Saône-et-Loire,Hors EP,CM1,Mathématiques,24,30,13.0,0,79.64,64.21
2024,27,Lyon,Saône-et-Loire,Hors EP,CM2,Français,27,30,13.0,0,88.73,78.98
2024,27,Lyon,Saône-et-Loire,Hors EP,CM2,Mathématiques,24,30,13.0,0,90.54,71.63
2024,27,Lyon,Saône-et-Loire,Hors EP,6e,Français,28,30,13.0,0,84.47,80.28
2024,27,Lyon,Saône-et-Loire,Hors EP,6e,Mathématiques,25,30,13.0,0,93.56,82.01
2024,28,Lille,Ain,REP+,CP,Français,18,19,-3.67,1,72.42,58.4
2024,28,Lille,Ain,REP+,CP,Mathématiques,21,19,-3.67,0,47.65,52.86
2024,28,Lille,Ain,REP+,CE1,Français,26,19,-3.67,0,50.12,49.78
2024,28,Lille,Ain,REP+,CE1,Mathématiques,19,19,-3.67,0,60.93,55.19
2024,28,Lille,Ain,REP+,CM1,Français,22,19,-3.67,0,60.77,67.54
2024,28,Lille,Ain,REP+,CM1,Mathématiques,15,19,-3.67,1,73.86,65.17
2024,28,Lille,Ain,REP+,CM2,Français,20,19,-3.67,0,70.64,63.33
2024,28,Lille,Ain,REP+,CM2,Mathématiques,21,19,-3.67,0,67.3,69.51
2024,28,Lille,Ain,REP+,6e,Français,13,19,-3.67,1,93.47,91.36
2024,28,Lille,Ain,REP+,6e,Mathématiques,16,19,-3.67,1,82.37,77.87
2024,29,Bordeaux,Bas-Rhin,Hors EP,CP,Français,32,29,-24.39,0,65.93,67.17
2024,29,Bordeaux,Bas-Rhin,Hors EP,CP,Mathématiques,25,29,-24.39,0,60.9,56.49
2024,29,Bordeaux,Bas-Rhin,Hors EP,CE1,Français,32,29,-24.39,0,74.32,61.91
2024,29,Bordeaux,Bas-Rhin,Hors EP,CE1,Mathématiques,28,29,-24.39,0,80.6,67.04
2024,29,Bordeaux,Bas-Rhin,Hors EP,CM1,Français,31,29,-24.39,0,71.94,66.29
2024,29,Bordeaux,Bas-Rhin,Hors EP,CM1,Mathématiques,27,29,-24.39,0,70.8,61.29
2024,29,Bordeaux,Bas-Rhin,Hors EP,CM2,Français,28,29,-24.39,0,80.3,72.24
2024,29,Bordeaux,Bas-Rhin,Hors EP,CM2,Mathématiques,34,29,-24.39,0,70.62,58.08
2024,29,Bordeaux,Bas-Rhin,Hors EP,6e,Français,29,29,-24.39,0,81.94,62.54
2024,29,Bordeaux,Bas-Rhin,Hors EP,6e,Mathématiques,32,29,-24.39,0,80.44,70.59
2024,30,Nantes,Bouches-du-Rhône,REP+,CP,Français,15,14,-0.25,1,66.17,56.66
2024,30,Nantes,Bouches-du-Rhône,REP+,CP,Mathématiques,13,14,-0.25,1,61.7,58.74
2024,30,Nantes,Bouches-du-Rhône,REP+,CE1,Français,14,14,-0.25,1,65.35,54.97
2024,30,Nantes,Bouches-du-Rhône,REP+,CE1,Mathématiques,13,14,-0.25,1,64.53,53.39
2024,30,Nantes,Bouches-du-Rhône,REP+,CM1,Français,14,14,-0.25,1,81.13,68.7
2024,30,Nantes,Bouches-du-Rhône,REP+,CM1,Mathématiques,12,14,-0.25,1,62.41,66.62
2024,30,Nantes,Bouches-du-Rhône,REP+,CM2,Français,18,14,-0.25,1,81.85,76.47
2024,30,Nantes,Bouches-du-Rhône,REP+,CM2,Mathématiques,16,14,-0.25,1,77.23,61.32
2024,30,Nantes,Bouches-du-Rhône,REP+,6e,Français,20,14,-0.25,0,72.8,62.59
2024,30,Nantes,Bouches-du-Rhône,REP+,6e,Mathématiques,15,14,-0.25,1,82.82,74.19
2024,31,Paris,Gironde,REP,CP,Français,16,18,6.52,1,80.89,69.91
2024,31,Paris,Gironde,REP,CP,Mathématiques,22,18,6.52,0,52.52,53.98
2024,31,Paris,Gironde,REP,CE1,Français,16,18,6.52,1,75.53,70.88
2024,31,Paris,Gironde,REP,CE1,Mathématiques,17,18,6.52,1,87.07,76.8
2024,31,Paris,Gironde,REP,CM1,Français,16,18,6.52,1,86.72,72.78
2024,31,Paris,Gironde,REP,CM1,Mathématiques,20,18,6.52,0,69.25,64.12
2024,31,Paris,Gironde,REP,CM2,Français,18,18,6.52,1,89.73,81.23
2024,31,Paris,Gironde,REP,CM2,Mathématiques,13,18,6.52,1,86.82,70.53
2024,31,Paris,Gironde,REP,6e,Français,15,18,6.52,1,90.61,73.52
2024,31,Paris,Gironde,REP,6e,Mathématiques,17,18,6.52,1,92.9,80.88
2024,32,Lyon,Hérault,Hors EP,CP,Français,28,32,-23.36,0,67.01,44.2
2024,32,Lyon,Hérault,Hors EP,CP,Mathématiques,32,32,-23.36,0,59.75,49.87
2024,32,Lyon,Hérault,Hors EP,CE1,Français,27,32,-23.36,0,75.12,70.5
2024,32,Lyon,Hérault,Hors EP,CE1,Mathématiques,27,32,-23.36,0,62.6,58.22
2024,32,Lyon,Hérault,Hors EP,CM1,Français,30,32,-23.36,0,77.54,64.91
2024,32,Lyon,Hérault,Hors EP,CM1,Mathématiques,29,32,-23.36,0,72.99,69.47
2024,32,Lyon,Hérault,Hors EP,CM2,Français,32,32,-23.36,0,85.4,79.58
2024,32,Lyon,Hérault,Hors EP,CM2,Mathématiques,34,32,-23.36,0,77.96,65.06
2024,32,Lyon,Hérault,Hors EP,6e,Français,33,32,-23.36,0,76.1,78.57
2024,32,Lyon,Hérault,Hors EP,6e,Mathématiques,27,32,-23.36,0,88.69,82.53
2024,33,Lille,Loire,REP,CP,Français,16,17,4.28,1,73.31,65.22
2024,33,Lille,Loire,REP,CP,Mathématiques,12,17,4.28,1,79.1,66.9
2024,33,Lille,Loire,REP,CE1,Français,16,17,4.28,1,84.43,66.64
2024,33,Lille,Loire,REP,CE1,Mathématiques,14,17,4.28,1,76.36,65.64
2024,33,Lille,Loire,REP,CM1,Français,16,17,4.28,1,81.11,70.43
2024,33,Lille,Loire,REP,CM1,Mathématiques,13,17,4.28,1,91.58,73.96
2024,33,Lille,Loire,REP,CM2,Français,16,17,4.28,1,97.2,76.5
2024,33,Lille,Loire,REP,CM2,Mathématiques,14,17,4.28,1,81.67,60.47
2024,33,Lille,Loire,REP,6e,Français,12,17,4.28,1,91.55,74.7
2024,33,Lille,Loire,REP,6e,Mathématiques,13,17,4.28,1,91.14,70.99
2024,34,Bordeaux,Maine-et-Loire,Hors EP,CP,Français,30,33,-3.12,0,64.36,57.05
2024,34,Bordeaux,Maine-et-Loire,Hors EP,CP,Mathématiques,29,33,-3.12,0,63.82,52.08
2024,34,Bordeaux,Maine-et-Loire,Hors EP,CE1,Français,30,33,-3.12,0,67.7,58.43
2024,34,Bordeaux,Maine-et-Loire,Hors EP,CE1,Mathématiques,31,33,-3.12,0,69.94,63.44
2024,34,Bordeaux,Maine-et-Loire,Hors EP,CM1,Français,24,33,-3.12,0,77.59,69.75
2024,34,Bordeaux,Maine-et-Loire,Hors EP,CM1,Mathématiques,30,33,-3.12,0,75.56,64.01
2024,34,Bordeaux,Maine-et-Loire,Hors EP,CM2,Français,27,33,-3.12,0,86.1,67.29
2024,34,Bordeaux,Maine-et-Loire,Hors EP,CM2,Mathématiques,28,33,-3.12,0,74.98,60.72
2024,34,Bordeaux,Maine-et-Loire,Hors EP,6e,Français,28,33,-3.12,0,91.85,79.17
2024,34,Bordeaux,Maine-et-Loire,Hors EP,6e,Mathématiques,25,33,-3.12,0,80.51,69.7
2024,35,Nantes,Moselle,Hors EP,CP,Français,25,27,26.81,0,77.6,64.09
2024,35,Nantes,Moselle,Hors EP,CP,Mathématiques,27,27,26.81,0,71.55,67.95
2024,35,Nantes,Moselle,Hors EP,CE1,Français,30,27,26.81,0,78.29,73.43
2024,35,Nantes,Moselle,Hors EP,CE1,Mathématiques,25,27,26.81,0,79.44,67.31
2024,35,Nantes,Moselle,Hors EP,CM1,Français,29,27,26.81,0,82.44,74.16
2024,35,Nantes,Moselle,Hors EP,CM1,Mathématiques,28,27,26.81,0,83.24,67.56
2024,35,Nantes,Moselle,Hors EP,CM2,Français,23,27,26.81,0,96.77,87.53
2024,35,Nantes,Moselle,Hors EP,CM2,Mathématiques,27,27,26.81,0,89.37,67.62
2024,35,Nantes,Moselle,Hors EP,6e,Français,25,27,26.81,0,95.89,71.53
2024,35,Nantes,Moselle,Hors EP,6e,Mathématiques,23,27,26.81,0,95.03,76.59
2024,36,Paris,Nord,Hors EP,CP,Français,23,26,-2.61,0,71.16,60.88
2024,36,Paris,Nord,Hors EP,CP,Mathématiques,22,26,-2.61,0,75.38,65.78
2024,36,Paris,Nord,Hors EP,CE1,Français,18,26,-2.61,0,76.91,71.96
2024,36,Paris,Nord,Hors EP,CE1,Mathématiques,21,26,-2.61,0,76.19,76.43
2024,36,Paris,Nord,Hors EP,CM1,Français,25,26,-2.61,0,72.32,71.4
2024,36,Paris,Nord,Hors EP,CM1,Mathématiques,23,26,-2.61,0,82.45,72.59
2024,36,Paris,Nord,Hors EP,CM2,Français,25,26,-2.61,0,86.63,66.5
2024,36,Paris,Nord,Hors EP,CM2,Mathématiques,24,26,-2.61,0,78.67,77.58
2024,36,Paris,Nord,Hors EP,6e,Français,22,26,-2.61,0,94.45,75.85
2024,36,Paris,Nord,Hors EP,6e,Mathématiques,24,26,-2.61,0,91.93,74.12
2024,37,Lyon,Paris,Hors EP,CP,Français,30,24,-9.02,0,72.04,67.63
2024,37,Lyon,Paris,Hors EP,CP,Mathématiques,27,24,-9.02,0,67.77,59.34
2024,37,Lyon,Paris,Hors EP,CE1,Français,17,24,-9.02,0,76.03,77.53
2024,37,Lyon,Paris,Hors EP,CE1,Mathématiques,27,24,-9.02,0,71.33,55.62
2024,37,Lyon,Paris,Hors EP,CM1,Français,26,24,-9.02,0,79.07,72.26
2024,37,Lyon,Paris,Hors EP,CM1,Mathématiques,21,24,-9.02,0,79.61,73.56
2024,37,Lyon,Paris,Hors EP,CM2,Français,29,24,-9.02,0,79.65,64.17
2024,37,Lyon,Paris,Hors EP,CM2,Mathématiques,27,24,-9.02,0,75.75,60.57
2024,37,Lyon,Paris,Hors EP,6e,Français,25,24,-9.02,0,100.0,78.76
2024,37,Lyon,Paris,Hors EP,6e,Mathématiques,23,24,-9.02,0,90.52,74.19
2024,38,Lille,Puy-de-Dôme,Hors EP,CP,Français,26,28,4.4,0,78.74,66.02
2024,38,Lille,Puy-de-Dôme,Hors EP,CP,Mathématiques,23,28,4.4,0,79.11,57.81
2024,38,Lille,Puy-de-Dôme,Hors EP,CE1,Français,26,28,4.4,0,75.59,65.83
2024,38,Lille,Puy-de-Dôme,Hors EP,CE1,Mathématiques,22,28,4.4,0,71.2,68.2
2024,38,Lille,Puy-de-Dôme,Hors EP,CM1,Français,29,28,4.4,0,77.35,62.94
2024,38,Lille,Puy-de-Dôme,Hors EP,CM1,Mathématiques,22,28,4.4,0,86.76,79.0
2024,38,Lille,Puy-de-Dôme,Hors EP,CM2,Français,19,28,4.4,0,82.32,71.66
2024,38,Lille,Puy-de-Dôme,Hors EP,CM2,Mathématiques,27,28,4.4,0,80.88,69.83
2024,38,Lille,Puy-de-Dôme,Hors EP,6e,Français,25,28,4.4,0,92.95,73.7
2024,38,Lille,Puy-de-Dôme,Hors EP,6e,Mathématiques,26,28,4.4,0,85.89,69.62
2024,39,Bordeaux,Saône-et-Loire,REP+,CP,Français,15,18,-3.91,1,70.78,68.26
2024,39,Bordeaux,Saône-et-Loire,REP+,CP,Mathématiques,20,18,-3.91,0,61.49,57.11
2024,39,Bordeaux,Saône-et-Loire,REP+,CE1,Français,13,18,-3.91,1,66.79,63.28
2024,39,Bordeaux,Saône-et-Loire,REP+,CE1,Mathématiques,20,18,-3.91,0,50.61,50.69
2024,39,Bordeaux,Saône-et-Loire,REP+,CM1,Français,14,18,-3.91,1,74.47,64.83
2024,39,Bordeaux,Saône-et-Loire,REP+,CM1,Mathématiques,17,18,-3.91,1,81.28,72.64
2024,39,Bordeaux,Saône-et-Loire,REP+,CM2,Français,15,18,-3.91,1,77.45,66.71
2024,39,Bordeaux,Saône-et-Loire,REP+,CM2,Mathématiques,14,18,-3.91,1,77.76,55.82
2024,39,Bordeaux,Saône-et-Loire,REP+,6e,Français,15,18,-3.91,1,84.54,66.68
2024,39,Bordeaux,Saône-et-Loire,REP+,6e,Mathématiques,15,18,-3.91,1,87.17,80.24
2024,40,Nantes,Ain,Hors EP,CP,Français,29,32,-17.98,0,67.58,68.59
2024,40,Nantes,Ain,Hors EP,CP,Mathématiques,33,32,-17.98,0,60.88,51.84
2024,40,Nantes,Ain,Hors EP,CE1,Français,33,32,-17.98,0,65.41,61.72
2024,40,Nantes,Ain,Hors EP,CE1,Mathématiques,30,32,-17.98,0,75.61,63.36
2024,40,Nantes,Ain,Hors EP,CM1,Français,32,32,-17.98,0,73.45,67.79
2024,40,Nantes,Ain,Hors EP,CM1,Mathématiques,34,32,-17.98,0,60.02,55.49
2024,40,Nantes,Ain,Hors EP,CM2,Français,28,32,-17.98,0,84.45,75.88
2024,40,Nantes,Ain,Hors EP,CM2,Mathématiques,29,32,-17.98,0,76.19,67.83
2024,40,Nantes,Ain,Hors EP,6e,Français,27,32,-17.98,0,89.84,72.0
2024,40,Nantes,Ain,Hors EP,6e,Mathématiques,32,32,-17.98,0,74.91,63.1
2024,41,Paris,Bas-Rhin,REP,CP,Français,18,19,10.15,1,72.66,68.83
2024,41,Paris,Bas-Rhin,REP,CP,Mathématiques,16,19,10.15,1,71.92,60.88
2024,41,Paris,Bas-Rhin,REP,CE1,Français,19,19,10.15,0,72.56,60.99
2024,41,Paris,Bas-Rhin,REP,CE1,Mathématiques,21,19,10.15,0,74.02,68.35
2024,41,Paris,Bas-Rhin,REP,CM1,Français,19,19,10.15,0,80.13,63.94
2024,41,Paris,Bas-Rhin,REP,CM1,Mathématiques,23,19,10.15,0,64.93,69.99
2024,41,Paris,Bas-Rhin,REP,CM2,Français,17,19,10.15,1,92.8,70.3
2024,41,Paris,Bas-Rhin,REP,CM2,Mathématiques,18,19,10.15,1,81.96,63.52
2024,41,Paris,Bas-Rhin,REP,6e,Français,22,19,10.15,0,76.69,63.48
2024,41,Paris,Bas-Rhin,REP,6e,Mathématiques,17,19,10.15,1,96.95,86.01
2024,42,Lyon,Bouches-du-Rhône,Hors EP,CP,Français,20,23,-9.54,0,72.51,61.0
2024,42,Lyon,Bouches-du-Rhône,Hors EP,CP,Mathématiques,22,23,-9.54,0,67.08,61.77
2024,42,Lyon,Bouches-du-Rhône,Hors EP,CE1,Français,15,23,-9.54,0,82.48,65.64
2024,42,Lyon,Bouches-du-Rhône,Hors EP,CE1,Mathématiques,20,23,-9.54,0,73.75,69.87
2024,42,Lyon,Bouches-du-Rhône,Hors EP,CM1,Français,23,23,-9.54,0,82.21,67.33
2024,42,Lyon,Bouches-du-Rhône,Hors EP,CM1,Mathématiques,24,23,-9.54,0,87.13,74.11
2024,42,Lyon,Bouches-du-Rhône,Hors EP,CM2,Français,18,23,-9.54,0,89.29,78.51
2024,42,Lyon,Bouches-du-Rhône,Hors EP,CM2,Mathématiques,21,23,-9.54,0,82.89,66.86
2024,42,Lyon,Bouches-du-Rhône,Hors EP,6e,Français,22,23,-9.54,0,86.95,73.95
2024,42,Lyon,Bouches-du-Rhône,Hors EP,6e,Mathématiques,22,23,-9.54,0,88.83,70.19
2024,43,Lille,Gironde,Hors EP,CP,Français,20,23,8.73,0,83.39,66.03
2024,43,Lille,Gironde,Hors EP,CP,Mathématiques,18,23,8.73,0,74.57,82.16
2024,43,Lille,Gironde,Hors EP,CE1,Français,21,23,8.73,0,84.08,75.44
2024,43,Lille,Gironde,Hors EP,CE1,Mathématiques,20,23,8.73,0,83.57,62.48
2024,43,Lille,Gironde,Hors EP,CM1,Français,21,23,8.73,0,88.87,80.53
2024,43,Lille,Gironde,Hors EP,CM1,Mathématiques,17,23,8.73,0,81.78,65.52
2024,43,Lille,Gironde,Hors EP,CM2,Français,21,23,8.73,0,94.36,74.42
2024,43,Lille,Gironde,Hors EP,CM2,Mathématiques,25,23,8.73,0,86.64,74.53
2024,43,Lille,Gironde,Hors EP,6e,Français,19,23,8.73,0,100.0,84.95
2024,43,Lille,Gironde,Hors EP,6e,Mathématiques,25,23,8.73,0,84.89,64.99
2024,44,Bordeaux,Hérault,Hors EP,CP,Français,25,29,15.25,0,79.0,64.57
2024,44,Bordeaux,Hérault,Hors EP,CP,Mathématiques,29,29,15.25,0,73.69,62.29
2024,44,Bordeaux,Hérault,Hors EP,CE1,Français,27,29,15.25,0,77.53,70.31
2024,44,Bordeaux,Hérault,Hors EP,CE1,Mathématiques,29,29,15.25,0,75.91,69.19
2024,44,Bordeaux,Hérault,Hors EP,CM1,Français,28,29,15.25,0,75.72,66.28
2024,44,Bordeaux,Hérault,Hors EP,CM1,Mathématiques,23,29,15.25,0,82.85,76.92
2024,44,Bordeaux,Hérault,Hors EP,CM2,Français,26,29,15.25,0,76.96,62.1
2024,44,Bordeaux,Hérault,Hors EP,CM2,Mathématiques,27,29,15.25,0,81.9,74.61
2024,44,Bordeaux,Hérault,Hors EP,6e,Français,23,29,15.25,0,97.65,83.56
2024,44,Bordeaux,Hérault,Hors EP,6e,Mathématiques,28,29,15.25,0,85.48,77.03
2024,45,Nantes,Loire,REP,CP,Français,12,13,-21.68,1,67.5,60.56
2024,45,Nantes,Loire,REP,CP,Mathématiques,14,13,-21.68,1,72.07,65.33
2024,45,Nantes,Loire,REP,CE1,Français,15,13,-21.68,1,70.15,67.98
2024,45,Nantes,Loire,REP,CE1,Mathématiques,12,13,-21.68,1,78.87,75.37
2024,45,Nantes,Loire,REP,CM1,Français,15,13,-21.68,1,91.03,67.88
2024,45,Nantes,Loire,REP,CM1,Mathématiques,15,13,-21.68,1,78.61,69.67
2024,45,Nantes,Loire,REP,CM2,Français,12,13,-21.68,1,87.78,76.43
2024,45,Nantes,Loire,REP,CM2,Mathématiques,12,13,-21.68,1,82.69,64.66
2024,45,Nantes,Loire,REP,6e,Français,12,13,-21.68,1,95.32,84.72
2024,45,Nantes,Loire,REP,6e,Mathématiques,15,13,-21.68,1,92.32,82.65
2024,46,Paris,Maine-et-Loire,Hors EP,CP,Français,22,27,-16.55,0,66.53,51.31
2024,46,Paris,Maine-et-Loire,Hors EP,CP,Mathématiques,22,27,-16.55,0,67.65,68.56
2024,46,Paris,Maine-et-Loire,Hors EP,CE1,Français,24,27,-16.55,0,68.39,62.34
2024,46,Paris,Maine-et-Loire,Hors EP,CE1,Mathématiques,25,27,-16.55,0,67.79,58.16
2024,46,Paris,Maine-et-Loire,Hors EP,CM1,Français,28,27,-16.55,0,71.27,55.13
2024,46,Paris,Maine-et-Loire,Hors EP,CM1,Mathématiques,26,27,-16.55,0,73.65,72.84
2024,46,Paris,Maine-et-Loire,Hors EP,CM2,Français,25,27,-16.55,0,84.86,76.64
2024,46,Paris,Maine-et-Loire,Hors EP,CM2,Mathématiques,21,27,-16.55,0,87.43,72.63
2024,46,Paris,Maine-et-Loire,Hors EP,6e,Français,28,27,-16.55,0,84.7,73.48
2024,46,Paris,Maine-et-Loire,Hors EP,6e,Mathématiques,24,27,-16.55,0,90.07,74.99
2024,47,Lyon,Moselle,Hors EP,CP,Français,34,33,4.83,0,66.53,48.07
2024,47,Lyon,Moselle,Hors EP,CP,Mathématiques,27,33,4.83,0,62.66,62.22
2024,47,Lyon,Moselle,Hors EP,CE1,Français,29,33,4.83,0,78.07,71.14
2024,47,Lyon,Moselle,Hors EP,CE1,Mathématiques,31,33,4.83,0,62.98,60.35
2024,47,Lyon,Moselle,Hors EP,CM1,Français,32,33,4.83,0,70.07,61.06
2024,47,Lyon,Moselle,Hors EP,CM1,Mathématiques,30,33,4.83,0,75.82,73.74
2024,47,Lyon,Moselle,Hors EP,CM2,Français,31,33,4.83,0,84.31,76.42
2024,47,Lyon,Moselle,Hors EP,CM2,Mathématiques,31,33,4.83,0,79.66,67.4
2024,47,Lyon,Moselle,Hors EP,6e,Français,31,33,4.83,0,84.14,71.85
2024,47,Lyon,Moselle,Hors EP,6e,Mathématiques,26,33,4.83,0,92.27,83.91
2024,48,Lille,Nord,Hors EP,CP,Français,28,29,12.9,0,68.99,46.46
2024,48,Lille,Nord,Hors EP,CP,Mathématiques,27,29,12.9,0,69.25,62.34
2024,48,Lille,Nord,Hors EP,CE1,Français,26,29,12.9,0,75.31,63.06
2024,48,Lille,Nord,Hors EP,CE1,Mathématiques,23,29,12.9,0,78.85,73.01
2024,48,Lille,Nord,Hors EP,CM1,Français,28,29,12.9,0,82.96,70.69
2024,48,Lille,Nord,Hors EP,CM1,Mathématiques,26,29,12.9,0,75.58,73.49
2024,48,Lille,Nord,Hors EP,CM2,Français,25,29,12.9,0,87.82,69.88
2024,48,Lille,Nord,Hors EP,CM2,Mathématiques,26,29,12.9,0,83.69,71.43
2024,48,Lille,Nord,Hors EP,6e,Français,20,29,12.9,0,96.39,77.7
2024,48,Lille,Nord,Hors EP,6e,Mathématiques,25,29,12.9,0,89.64,62.71
2024,49,Bordeaux,Paris,REP,CP,Français,12,17,12.05,1,76.37,64.4
2024,49,Bordeaux,Paris,REP,CP,Mathématiques,14,17,12.05,1,67.64,62.59
2024,49,Bordeaux,Paris,REP,CE1,Français,17,17,12.05,1,71.28,69.22
2024,49,Bordeaux,Paris,REP,CE1,Mathématiques,13,17,12.05,1,77.79,62.0
2024,49,Bordeaux,Paris,REP,CM1,Français,15,17,12.05,1,79.29,66.27
2024,49,Bordeaux,Paris,REP,CM1,Mathématiques,15,17,12.05,1,76.87,68.85
2024,49,Bordeaux,Paris,REP,CM2,Français,17,17,12.05,1,100.0,87.64
2024,49,Bordeaux,Paris,REP,CM2,Mathématiques,19,17,12.05,0,69.19,52.25
2024,49,Bordeaux,Paris,REP,6e,Français,15,17,12.05,1,100.0,95.37
2024,49,Bordeaux,Paris,REP,6e,Mathématiques,14,17,12.05,1,89.41,78.52
2024,50,Nantes,Puy-de-Dôme,REP+,CP,Français,19,17,32.59,0,68.02,52.03
2024,50,Nantes,Puy-de-Dôme,REP+,CP,Mathématiques,19,17,32.59,0,52.34,58.97
2024,50,Nantes,Puy-de-Dôme,REP+,CE1,Français,19,17,32.59,0,66.33,56.39
2024,50,Nantes,Puy-de-Dôme,REP+,CE1,Mathématiques,15,17,32.59,1,68.7,65.53
2024,50,Nantes,Puy-de-Dôme,REP+,CM1,Français,17,17,32.59,1,85.9,81.47
2024,50,Nantes,Puy-de-Dôme,REP+,CM1,Mathématiques,14,17,32.59,1,78.65,70.8
2024,50,Nantes,Puy-de-Dôme,REP+,CM2,Français,16,17,32.59,1,88.75,77.8
2024,50,Nantes,Puy-de-Dôme,REP+,CM2,Mathématiques,15,17,32.59,1,80.87,68.25
2024,50,Nantes,Puy-de-Dôme,REP+,6e,Français,14,17,32.59,1,89.13,69.12
2024,50,Nantes,Puy-de-Dôme,REP+,6e,Mathématiques,17,17,32.59,1,92.83,78.38
2024,51,Paris,Saône-et-Loire,Hors EP,CP,Français,18,25,24.08,0,81.54,66.6
2024,51,Paris,Saône-et-Loire,Hors EP,CP,Mathématiques,28,25,24.08,0,70.46,75.69
2024,51,Paris,Saône-et-Loire,Hors EP,CE1,Français,24,25,24.08,0,76.67,58.58
2024,51,Paris,Saône-et-Loire,Hors EP,CE1,Mathématiques,27,25,24.08,0,70.63,60.93
2024,51,Paris,Saône-et-Loire,Hors EP,CM1,Français,27,25,24.08,0,88.13,71.88
2024,51,Paris,Saône-et-Loire,Hors EP,CM1,Mathématiques,23,25,24.08,0,76.09,56.46
2024,51,Paris,Saône-et-Loire,Hors EP,CM2,Français,26,25,24.08,0,93.22,80.18
2024,51,Paris,Saône-et-Loire,Hors EP,CM2,Mathématiques,24,25,24.08,0,84.91,80.08
2024,51,Paris,Saône-et-Loire,Hors EP,6e,Français,20,25,24.08,0,97.58,82.16
2024,51,Paris,Saône-et-Loire,Hors EP,6e,Mathématiques,24,25,24.08,0,93.08,75.7
2024,52,Lyon,Ain,REP,CP,Français,15,18,5.18,1,74.24,66.56
2024,52,Lyon,Ain,REP,CP,Mathématiques,12,18,5.18,1,63.72,59.0
2024,52,Lyon,Ain,REP,CE1,Français,14,18,5.18,1,75.76,69.36
2024,52,Lyon,Ain,REP,CE1,Mathématiques,14,18,5.18,1,64.36,67.05
2024,52,Lyon,Ain,REP,CM1,Français,19,18,5.18,0,79.71,63.6
2024,52,Lyon,Ain,REP,CM1,Mathématiques,16,18,5.18,1,75.51,66.05
2024,52,Lyon,Ain,REP,CM2,Français,15,18,5.18,1,84.37,74.89
2024,52,Lyon,Ain,REP,CM2,Mathématiques,15,18,5.18,1,93.97,79.33
2024,52,Lyon,Ain,REP,6e,Français,12,18,5.18,1,86.07,84.0
2024,52,Lyon,Ain,REP,6e,Mathématiques,15,18,5.18,1,92.3,77.81
2024,53,Lille,Bas-Rhin,REP,CP,Français,14,16,15.12,1,77.27,65.69
2024,53,Lille,Bas-Rhin,REP,CP,Mathématiques,12,16,15.12,1,75.03,67.25
2024,53,Lille,Bas-Rhin,REP,CE1,Français,15,16,15.12,1,81.59,67.46
2024,53,Lille,Bas-Rhin,REP,CE1,Mathématiques,18,16,15.12,1,76.45,69.7
2024,53,Lille,Bas-Rhin,REP,CM1,Français,13,16,15.12,1,90.14,76.82
2024,53,Lille,Bas-Rhin,REP,CM1,Mathématiques,14,16,15.12,1,87.85,66.12
2024,53,Lille,Bas-Rhin,REP,CM2,Français,13,16,15.12,1,87.66,76.48
2024,53,Lille,Bas-Rhin,REP,CM2,Mathématiques,15,16,15.12,1,87.36,70.84
2024,53,Lille,Bas-Rhin,REP,6e,Français,14,16,15.12,1,96.87,79.98
2024,53,Lille,Bas-Rhin,REP,6e,Mathématiques,17,16,15.12,1,95.17,79.81
2024,54,Bordeaux,Bouches-du-Rhône,Hors EP,CP,Français,24,21,-3.35,0,71.79,64.98
2024,54,Bordeaux,Bouches-du-Rhône,Hors EP,CP,Mathématiques,27,21,-3.35,0,70.64,56.56
2024,54,Bordeaux,Bouches-du-Rhône,Hors EP,CE1,Français,19,21,-3.35,0,83.29,77.48
2024,54,Bordeaux,Bouches-du-Rhône,Hors EP,CE1,Mathématiques,19,21,-3.35,0,77.35,79.47
2024,54,Bordeaux,Bouches-du-Rhône,Hors EP,CM1,Français,22,21,-3.35,0,95.96,76.14
2024,54,Bordeaux,Bouches-du-Rhône,Hors EP,CM1,Mathématiques,21,21,-3.35,0,79.33,62.55
2024,54,Bordeaux,Bouches-du-Rhône,Hors EP,CM2,Français,19,21,-3.35,0,91.3,77.81
2024,54,Bordeaux,Bouches-du-Rhône,Hors EP,CM2,Mathématiques,21,21,-3.35,0,85.35,80.27
2024,54,Bordeaux,Bouches-du-Rhône,Hors EP,6e,Français,25,21,-3.35,0,90.73,78.85
2024,54,Bordeaux,Bouches-du-Rhône,Hors EP,6e,Mathématiques,19,21,-3.35,0,95.51,79.64
2024,55,Nantes,Gironde,Hors EP,CP,Français,28,23,-15.76,0,71.99,62.01
2024,55,Nantes,Gironde,Hors EP,CP,Mathématiques,20,23,-15.76,0,60.86,66.4
2024,55,Nantes,Gironde,Hors EP,CE1,Français,24,23,-15.76,0,78.74,63.8
2024,55,Nantes,Gironde,Hors EP,CE1,Mathématiques,23,23,-15.76,0,72.05,65.2
2024,55,Nantes,Gironde,Hors EP,CM1,Français,24,23,-15.76,0,77.16,62.8
2024,55,Nantes,Gironde,Hors EP,CM1,Mathématiques,24,23,-15.76,0,70.41,58.77
2024,55,Nantes,Gironde,Hors EP,CM2,Français,24,23,-15.76,0,88.1,82.42
2024,55,Nantes,Gironde,Hors EP,CM2,Mathématiques,23,23,-15.76,0,84.37,63.04
2024,55,Nantes,Gironde,Hors EP,6e,Français,25,23,-15.76,0,86.32,72.15
2024,55,Nantes,Gironde,Hors EP,6e,Mathématiques,25,23,-15.76,0,89.74,68.75
2024,56,Paris,Hérault,REP,CP,Français,24,21,17.54,0,54.89,54.34
2024,56,Paris,Hérault,REP,CP,Mathématiques,16,21,17.54,1,78.56,75.64
2024,56,Paris,Hérault,REP,CE1,Français,22,21,17.54,0,65.19,62.05
2024,56,Paris,Hérault,REP,CE1,Mathématiques,19,21,17.54,0,66.87,60.01
2024,56,Paris,Hérault,REP,CM1,Français,15,21,17.54,1,82.06,82.16
2024,56,Paris,Hérault,REP,CM1,Mathématiques,20,21,17.54,0,72.63,64.34
2024,56,Paris,Hérault,REP,CM2,Français,19,21,17.54,0,80.97,68.02
2024,56,Paris,Hérault,REP,CM2,Mathématiques,14,21,17.54,1,91.24,85.11
2024,56,Paris,Hérault,REP,6e,Français,17,21,17.54,1,93.85,86.32
2024,56,Paris,Hérault,REP,6e,Mathématiques,18,21,17.54,1,94.45,100.0
2024,57,Lyon,Loire,REP,CP,Français,18,21,9.32,1,66.9,63.46
2024,57,Lyon,Loire,REP,CP,Mathématiques,22,21,9.32,0,57.78,62.52
2024,57,Lyon,Loire,REP,CE1,Français,24,21,9.32,0,67.8,59.71
2024,57,Lyon,Loire,REP,CE1,Mathématiques,15,21,9.32,1,74.93,56.77
2024,57,Lyon,Loire,REP,CM1,Français,14,21,9.32,1,87.63,80.45
2024,57,Lyon,Loire,REP,CM1,Mathématiques,15,21,9.32,1,80.56,69.7
2024,57,Lyon,Loire,REP,CM2,Français,19,21,9.32,0,73.62,71.71
2024,57,Lyon,Loire,REP,CM2,Mathématiques,17,21,9.32,1,77.95,61.13
2024,57,Lyon,Loire,REP,6e,Français,21,21,9.32,0,81.82,66.78
2024,57,Lyon,Loire,REP,6e,Mathématiques,21,21,9.32,0,81.52,58.89
2024,58,Lille,Maine-et-Loire,REP,CP,Français,29,25,-2.82,0,51.17,48.97
2024,58,Lille,Maine-et-Loire,REP,CP,Mathématiques,25,25,-2.82,0,55.18,51.16
2024,58,Lille,Maine-et-Loire,REP,CE1,Français,24,25,-2.82,0,69.92,66.59
2024,58,Lille,Maine-et-Loire,REP,CE1,Mathématiques,24,25,-2.82,0,55.97,49.41
2024,58,Lille,Maine-et-Loire,REP,CM1,Français,26,25,-2.82,0,59.89,67.74
2024,58,Lille,Maine-et-Loire,REP,CM1,Mathématiques,24,25,-2.82,0,59.66,56.48
2024,58,Lille,Maine-et-Loire,REP,CM2,Français,22,25,-2.82,0,73.78,57.61
2024,58,Lille,Maine-et-Loire,REP,CM2,Mathématiques,23,25,-2.82,0,62.21,54.3
2024,58,Lille,Maine-et-Loire,REP,6e,Français,22,25,-2.82,0,78.4,64.49
2024,58,Lille,Maine-et-Loire,REP,6e,Mathématiques,24,25,-2.82,0,79.86,71.11
2024,59,Bordeaux,Moselle,REP,CP,Français,22,21,4.37,0,58.24,58.55
2024,59,Bordeaux,Moselle,REP,CP,Mathématiques,17,21,4.37,1,68.56,59.83
2024,59,Bordeaux,Moselle,REP,CE1,Français,20,21,4.37,0,62.43,52.72
2024,59,Bordeaux,Moselle,REP,CE1,Mathématiques,17,21,4.37,1,75.34,61.55
2024,59,Bordeaux,Moselle,REP,CM1,Français,20,21,4.37,0,71.71,67.06
2024,59,Bordeaux,Moselle,REP,CM1,Mathématiques,19,21,4.37,0,79.11,69.4
2024,59,Bordeaux,Moselle,REP,CM2,Français,16,21,4.37,1,88.17,75.06
2024,59,Bordeaux,Moselle,REP,CM2,Mathématiques,17,21,4.37,1,92.95,76.66
2024,59,Bordeaux,Moselle,REP,6e,Français,17,21,4.37,1,94.94,75.03
2024,59,Bordeaux,Moselle,REP,6e,Mathématiques,21,21,4.37,0,82.87,72.0
2024,60,Nantes,Nord,Hors EP,CP,Français,22,24,-3.91,0,65.37,54.16
2024,60,Nantes,Nord,Hors EP,CP,Mathématiques,20,24,-3.91,0,68.59,68.31
2024,60,Nantes,Nord,Hors EP,CE1,Français,24,24,-3.91,0,81.07,72.68
2024,60,Nantes,Nord,Hors EP,CE1,Mathématiques,26,24,-3.91,0,72.05,71.57
2024,60,Nantes,Nord,Hors EP,CM1,Français,20,24,-3.91,0,86.03,68.37
2024,60,Nantes,Nord,Hors EP,CM1,Mathématiques,26,24,-3.91,0,79.82,75.21
2024,60,Nantes,Nord,Hors EP,CM2,Français,19,24,-3.91,0,89.52,66.95
2024,60,Nantes,Nord,Hors EP,CM2,Mathématiques,24,24,-3.91,0,82.8,75.09
2024,60,Nantes,Nord,Hors EP,6e,Français,23,24,-3.91,0,84.05,63.85
2024,60,Nantes,Nord,Hors EP,6e,Mathématiques,23,24,-3.91,0,92.73,66.97
2024,61,Paris,Paris,Hors EP,CP,Français,21,24,-7.86,0,71.78,53.88
2024,61,Paris,Paris,Hors EP,CP,Mathématiques,21,24,-7.86,0,70.38,58.17
2024,61,Paris,Paris,Hors EP,CE1,Français,20,24,-7.86,0,78.29,68.46
2024,61,Paris,Paris,Hors EP,CE1,Mathématiques,20,24,-7.86,0,77.6,67.53
2024,61,Paris,Paris,Hors EP,CM1,Français,23,24,-7.86,0,90.29,76.32
2024,61,Paris,Paris,Hors EP,CM1,Mathématiques,19,24,-7.86,0,77.29,70.79
2024,61,Paris,Paris,Hors EP,CM2,Français,19,24,-7.86,0,100.0,96.9
2024,61,Paris,Paris,Hors EP,CM2,Mathématiques,20,24,-7.86,0,80.36,72.92
2024,61,Paris,Paris,Hors EP,6e,Français,26,24,-7.86,0,84.55,81.99
2024,61,Paris,Paris,Hors EP,6e,Mathématiques,16,24,-7.86,0,88.11,76.46
2024,62,Lyon,Puy-de-Dôme,REP,CP,Français,23,21,13.25,0,58.89,50.73
2024,62,Lyon,Puy-de-Dôme,REP,CP,Mathématiques,23,21,13.25,0,60.73,59.24
2024,62,Lyon,Puy-de-Dôme,REP,CE1,Français,18,21,13.25,1,82.06,65.33
2024,62,Lyon,Puy-de-Dôme,REP,CE1,Mathématiques,21,21,13.25,0,64.99,59.79
2024,62,Lyon,Puy-de-Dôme,REP,CM1,Français,22,21,13.25,0,68.0,64.62
2024,62,Lyon,Puy-de-Dôme,REP,CM1,Mathématiques,20,21,13.25,0,67.83,54.51
2024,62,Lyon,Puy-de-Dôme,REP,CM2,Français,25,21,13.25,0,74.58,63.94
2024,62,Lyon,Puy-de-Dôme,REP,CM2,Mathématiques,17,21,13.25,1,92.09,82.68
2024,62,Lyon,Puy-de-Dôme,REP,6e,Français,22,21,13.25,0,82.32,74.73
2024,62,Lyon,Puy-de-Dôme,REP,6e,Mathématiques,18,21,13.25,1,93.17,78.08
2024,63,Lille,Saône-et-Loire,Hors EP,CP,Français,16,21,19.42,0,83.53,64.36
2024,63,Lille,Saône-et-Loire,Hors EP,CP,Mathématiques,19,21,19.42,0,67.15,59.2
2024,63,Lille,Saône-et-Loire,Hors EP,CE1,Français,18,21,19.42,0,90.14,84.63
2024,63,Lille,Saône-et-Loire,Hors EP,CE1,Mathématiques,23,21,19.42,0,82.64,71.61
2024,63,Lille,Saône-et-Loire,Hors EP,CM1,Français,20,21,19.42,0,90.86,70.88
2024,63,Lille,Saône-et-Loire,Hors EP,CM1,Mathématiques,22,21,19.42,0,87.44,78.14
2024,63,Lille,Saône-et-Loire,Hors EP,CM2,Français,13,21,19.42,0,97.97,86.65
2024,63,Lille,Saône-et-Loire,Hors EP,CM2,Mathématiques,19,21,19.42,0,89.78,69.24
2024,63,Lille,Saône-et-Loire,Hors EP,6e,Français,15,21,19.42,0,100.0,81.83
2024,63,Lille,Saône-et-Loire,Hors EP,6e,Mathématiques,18,21,19.42,0,100.0,76.72
2024,64,Bordeaux,Ain,REP,CP,Français,25,25,0.8,0,61.57,46.59
2024,64,Bordeaux,Ain,REP,CP,Mathématiques,24,25,0.8,0,56.54,48.46
2024,64,Bordeaux,Ain,REP,CE1,Français,26,25,0.8,0,65.03,61.48
2024,64,Bordeaux,Ain,REP,CE1,Mathématiques,29,25,0.8,0,53.85,54.11
2024,64,Bordeaux,Ain,REP,CM1,Français,26,25,0.8,0,66.44,65.84
2024,64,Bordeaux,Ain,REP,CM1,Mathématiques,26,25,0.8,0,59.09,58.93
2024,64,Bordeaux,Ain,REP,CM2,Français,24,25,0.8,0,72.84,63.29
2024,64,Bordeaux,Ain,REP,CM2,Mathématiques,27,25,0.8,0,73.45,64.15
2024,64,Bordeaux,Ain,REP,6e,Français,24,25,0.8,0,70.08,59.11
2024,64,Bordeaux,Ain,REP,6e,Mathématiques,23,25,0.8,0,78.6,67.91
2024,65,Nantes,Bas-Rhin,REP+,CP,Français,20,18,-30.49,0,55.69,51.68
2024,65,Nantes,Bas-Rhin,REP+,CP,Mathématiques,18,18,-30.49,1,57.48,46.06
2024,65,Nantes,Bas-Rhin,REP+,CE1,Français,22,18,-30.49,0,56.72,58.27
2024,65,Nantes,Bas-Rhin,REP+,CE1,Mathématiques,16,18,-30.49,1,68.01,54.39
2024,65,Nantes,Bas-Rhin,REP+,CM1,Français,16,18,-30.49,1,75.27,63.05
2024,65,Nantes,Bas-Rhin,REP+,CM1,Mathématiques,19,18,-30.49,0,60.41,57.13
2024,65,Nantes,Bas-Rhin,REP+,CM2,Français,15,18,-30.49,1,78.76,78.22
2024,65,Nantes,Bas-Rhin,REP+,CM2,Mathématiques,17,18,-30.49,1,76.44,70.5
2024,65,Nantes,Bas-Rhin,REP+,6e,Français,14,18,-30.49,1,81.35,69.5
2024,65,Nantes,Bas-Rhin,REP+,6e,Mathématiques,12,18,-30.49,1,82.49,66.44
2024,66,Paris,Bouches-du-Rhône,Hors EP,CP,Français,27,25,-3.34,0,69.32,61.87
2024,66,Paris,Bouches-du-Rhône,Hors EP,CP,Mathématiques,26,25,-3.34,0,63.87,58.68
2024,66,Paris,Bouches-du-Rhône,Hors EP,CE1,Français,23,25,-3.34,0,79.52,69.29
2024,66,Paris,Bouches-du-Rhône,Hors EP,CE1,Mathématiques,22,25,-3.34,0,79.41,69.88
2024,66,Paris,Bouches-du-Rhône,Hors EP,CM1,Français,24,25,-3.34,0,84.56,75.75
2024,66,Paris,Bouches-du-Rhône,Hors EP,CM1,Mathématiques,25,25,-3.34,0,77.5,73.23
2024,66,Paris,Bouches-du-Rhône,Hors EP,CM2,Français,22,25,-3.34,0,83.3,70.0
2024,66,Paris,Bouches-du-Rhône,Hors EP,CM2,Mathématiques,20,25,-3.34,0,90.09,74.83
2024,66,Paris,Bouches-du-Rhône,Hors EP,6e,Français,22,25,-3.34,0,99.16,89.86
2024,66,Paris,Bouches-du-Rhône,Hors EP,6e,Mathématiques,23,25,-3.34,0,95.58,79.11
2024,67,Lyon,Gironde,REP,CP,Français,16,16,9.55,1,80.08,78.61
2024,67,Lyon,Gironde,REP,CP,Mathématiques,14,16,9.55,1,81.31,62.12
2024,67,Lyon,Gironde,REP,CE1,Français,21,16,9.55,0,66.89,59.32
2024,67,Lyon,Gironde,REP,CE1,Mathématiques,16,16,9.55,1,72.15,71.57
2024,67,Lyon,Gironde,REP,CM1,Français,14,16,9.55,1,82.21,64.0
2024,67,Lyon,Gironde,REP,CM1,Mathématiques,14,16,9.55,1,78.59,64.61
2024,67,Lyon,Gironde,REP,CM2,Français,16,16,9.55,1,84.73,80.59
2024,67,Lyon,Gironde,REP,CM2,Mathématiques,16,16,9.55,1,88.43,79.44
2024,67,Lyon,Gironde,REP,6e,Français,21,16,9.55,0,87.14,73.02
2024,67,Lyon,Gironde,REP,6e,Mathématiques,13,16,9.55,1,93.27,83.73
2024,68,Lille,Hérault,REP,CP,Français,20,21,-22.44,0,63.4,57.89
2024,68,Lille,Hérault,REP,CP,Mathématiques,23,21,-22.44,0,59.61,53.02
2024,68,Lille,Hérault,REP,CE1,Français,21,21,-22.44,0,63.4,47.97
2024,68,Lille,Hérault,REP,CE1,Mathématiques,20,21,-22.44,0,56.47,54.07
2024,68,Lille,Hérault,REP,CM1,Français,22,21,-22.44,0,67.33,56.28
2024,68,Lille,Hérault,REP,CM1,Mathématiques,21,21,-22.44,0,77.2,56.64
2024,68,Lille,Hérault,REP,CM2,Français,21,21,-22.44,0,71.76,61.67
2024,68,Lille,Hérault,REP,CM2,Mathématiques,20,21,-22.44,0,70.56,65.99
2024,68,Lille,Hérault,REP,6e,Français,19,21,-22.44,0,71.28,69.87
2024,68,Lille,Hérault,REP,6e,Mathématiques,23,21,-22.44,0,71.68,63.99
2024,69,Bordeaux,Loire,REP,CP,Français,25,22,4.49,0,65.18,57.61
2024,69,Bordeaux,Loire,REP,CP,Mathématiques,24,22,4.49,0,47.08,39.11
2024,69,Bordeaux,Loire,REP,CE1,Français,24,22,4.49,0,66.68,58.4
2024,69,Bordeaux,Loire,REP,CE1,Mathématiques,21,22,4.49,0,61.84,58.01
2024,69,Bordeaux,Loire,REP,CM1,Français,17,22,4.49,1,86.23,73.8
2024,69,Bordeaux,Loire,REP,CM1,Mathématiques,24,22,4.49,0,66.18,53.09
2024,69,Bordeaux,Loire,REP,CM2,Français,20,22,4.49,0,85.19,69.72
2024,69,Bordeaux,Loire,REP,CM2,Mathématiques,25,22,4.49,0,65.97,59.78
2024,69,Bordeaux,Loire,REP,6e,Français,22,22,4.49,0,80.25,67.87
2024,69,Bordeaux,Loire,REP,6e,Mathématiques,27,22,4.49,0,82.71,72.43
2024,70,Nantes,Maine-et-Loire,Hors EP,CP,Français,16,19,17.39,0,78.71,69.3
2024,70,Nantes,Maine-et-Loire,Hors EP,CP,Mathématiques,13,19,17.39,0,72.06,57.31
2024,70,Nantes,Maine-et-Loire,Hors EP,CE1,Français,18,19,17.39,0,85.85,78.52
2024,70,Nantes,Maine-et-Loire,Hors EP,CE1,Mathématiques,18,19,17.39,0,79.61,68.54
2024,70,Nantes,Maine-et-Loire,Hors EP,CM1,Français,18,19,17.39,0,92.57,80.19
2024,70,Nantes,Maine-et-Loire,Hors EP,CM1,Mathématiques,13,19,17.39,0,90.56,77.22
2024,70,Nantes,Maine-et-Loire,Hors EP,CM2,Français,21,19,17.39,0,98.3,72.91
2024,70,Nantes,Maine-et-Loire,Hors EP,CM2,Mathématiques,17,19,17.39,0,92.37,66.21
2024,70,Nantes,Maine-et-Loire,Hors EP,6e,Français,19,19,17.39,0,100.0,84.98
2024,70,Nantes,Maine-et-Loire,Hors EP,6e,Mathématiques,20,19,17.39,0,94.84,77.35
2024,71,Paris,Moselle,Hors EP,CP,Français,23,28,17.56,0,78.72,68.93
2024,71,Paris,Moselle,Hors EP,CP,Mathématiques,22,28,17.56,0,79.92,74.76
2024,71,Paris,Moselle,Hors EP,CE1,Français,21,28,17.56,0,81.68,71.58
2024,71,Paris,Moselle,Hors EP,CE1,Mathématiques,20,28,17.56,0,70.36,58.68
2024,71,Paris,Moselle,Hors EP,CM1,Français,22,28,17.56,0,82.41,64.47
2024,71,Paris,Moselle,Hors EP,CM1,Mathématiques,25,28,17.56,0,77.39,73.2
2024,71,Paris,Moselle,Hors EP,CM2,Français,25,28,17.56,0,92.98,69.79
2024,71,Paris,Moselle,Hors EP,CM2,Mathématiques,23,28,17.56,0,88.82,77.66
2024,71,Paris,Moselle,Hors EP,6e,Français,23,28,17.56,0,93.95,76.93
2024,71,Paris,Moselle,Hors EP,6e,Mathématiques,24,28,17.56,0,100.0,84.57
2024,72,Lyon,Nord,REP,CP,Français,19,17,-2.56,0,62.5,56.72
2024,72,Lyon,Nord,REP,CP,Mathématiques,14,17,-2.56,1,62.46,59.65
2024,72,Lyon,Nord,REP,CE1,Français,15,17,-2.56,1,79.3,69.7
2024,72,Lyon,Nord,REP,CE1,Mathématiques,14,17,-2.56,1,75.31,59.75
2024,72,Lyon,Nord,REP,CM1,Français,17,17,-2.56,1,83.01,79.15
2024,72,Lyon,Nord,REP,CM1,Mathématiques,14,17,-2.56,1,74.32,63.47
2024,72,Lyon,Nord,REP,CM2,Français,18,17,-2.56,1,75.7,70.86
2024,72,Lyon,Nord,REP,CM2,Mathématiques,15,17,-2.56,1,80.15,67.67
2024,72,Lyon,Nord,REP,6e,Français,14,17,-2.56,1,87.78,65.0
2024,72,Lyon,Nord,REP,6e,Mathématiques,18,17,-2.56,1,87.78,72.73
2024,73,Lille,Paris,REP,CP,Français,24,23,8.07,0,62.43,53.13
2024,73,Lille,Paris,REP,CP,Mathématiques,16,23,8.07,1,67.51,61.42
2024,73,Lille,Paris,REP,CE1,Français,24,23,8.07,0,60.75,53.07
2024,73,Lille,Paris,REP,CE1,Mathématiques,23,23,8.07,0,60.12,64.45
2024,73,Lille,Paris,REP,CM1,Français,20,23,8.07,0,79.02,70.65
2024,73,Lille,Paris,REP,CM1,Mathématiques,22,23,8.07,0,68.17,60.8
2024,73,Lille,Paris,REP,CM2,Français,21,23,8.07,0,81.46,73.02
2024,73,Lille,Paris,REP,CM2,Mathématiques,16,23,8.07,1,87.73,71.37
2024,73,Lille,Paris,REP,6e,Français,19,23,8.07,0,86.73,82.46
2024,73,Lille,Paris,REP,6e,Mathématiques,19,23,8.07,0,90.55,71.09
2024,74,Bordeaux,Puy-de-Dôme,REP,CP,Français,19,22,16.6,0,71.44,62.54
2024,74,Bordeaux,Puy-de-Dôme,REP,CP,Mathématiques,19,22,16.6,0,56.72,61.5
2024,74,Bordeaux,Puy-de-Dôme,REP,CE1,Français,24,22,16.6,0,63.04,60.59
2024,74,Bordeaux,Puy-de-Dôme,REP,CE1,Mathématiques,21,22,16.6,0,63.3,62.87
2024,74,Bordeaux,Puy-de-Dôme,REP,CM1,Français,19,22,16.6,0,65.83,61.06
2024,74,Bordeaux,Puy-de-Dôme,REP,CM1,Mathématiques,21,22,16.6,0,68.22,56.93
2024,74,Bordeaux,Puy-de-Dôme,REP,CM2,Français,17,22,16.6,1,88.96,71.12
2024,74,Bordeaux,Puy-de-Dôme,REP,CM2,Mathématiques,23,22,16.6,0,76.42,64.54
2024,74,Bordeaux,Puy-de-Dôme,REP,6e,Français,22,22,16.6,0,82.51,69.76
2024,74,Bordeaux,Puy-de-Dôme,REP,6e,Mathématiques,21,22,16.6,0,88.86,78.65
2024,75,Nantes,Saône-et-Loire,Hors EP,CP,Français,26,26,3.12,0,70.0,57.22
2024,75,Nantes,Saône-et-Loire,Hors EP,CP,Mathématiques,27,26,3.12,0,65.13,57.1
2024,75,Nantes,Saône-et-Loire,Hors EP,CE1,Français,29,26,3.12,0,80.67,71.72
2024,75,Nantes,Saône-et-Loire,Hors EP,CE1,Mathématiques,27,26,3.12,0,71.79,69.51
2024,75,Nantes,Saône-et-Loire,Hors EP,CM1,Français,28,26,3.12,0,80.85,71.3
2024,75,Nantes,Saône-et-Loire,Hors EP,CM1,Mathématiques,23,26,3.12,0,83.23,67.22
2024,75,Nantes,Saône-et-Loire,Hors EP,CM2,Français,28,26,3.12,0,81.67,73.49
2024,75,Nantes,Saône-et-Loire,Hors EP,CM2,Mathématiques,27,26,3.12,0,77.72,66.4
2024,75,Nantes,Saône-et-Loire,Hors EP,6e,Français,33,26,3.12,0,75.25,67.0
2024,75,Nantes,Saône-et-Loire,Hors EP,6e,Mathématiques,24,26,3.12,0,96.77,84.89
2024,76,Paris,Ain,REP+,CP,Français,19,22,0.07,0,54.08,49.46
2024,76,Paris,Ain,REP+,CP,Mathématiques,20,22,0.07,0,43.29,49.59
2024,76,Paris,Ain,REP+,CE1,Français,25,22,0.07,0,52.36,56.48
2024,76,Paris,Ain,REP+,CE1,Mathématiques,20,22,0.07,0,53.1,49.2
2024,76,Paris,Ain,REP+,CM1,Français,20,22,0.07,0,61.56,59.89
2024,76,Paris,Ain,REP+,CM1,Mathématiques,19,22,0.07,0,57.88,54.26
2024,76,Paris,Ain,REP+,CM2,Français,18,22,0.07,1,79.14,68.54
2024,76,Paris,Ain,REP+,CM2,Mathématiques,17,22,0.07,1,84.17,76.3
2024,76,Paris,Ain,REP+,6e,Français,18,22,0.07,1,85.52,76.33
2024,76,Paris,Ain,REP+,6e,Mathématiques,21,22,0.07,0,79.37,67.78
2024,77,Lyon,Bas-Rhin,Hors EP,CP,Français,19,22,20.21,0,74.87,65.67
2024,77,Lyon,Bas-Rhin,Hors EP,CP,Mathématiques,23,22,20.21,0,70.09,62.45
2024,77,Lyon,Bas-Rhin,Hors EP,CE1,Français,15,22,20.21,0,82.92,76.37
2024,77,Lyon,Bas-Rhin,Hors EP,CE1,Mathématiques,18,22,20.21,0,76.3,63.0
2024,77,Lyon,Bas-Rhin,Hors EP,CM1,Français,18,22,20.21,0,94.47,81.14
2024,77,Lyon,Bas-Rhin,Hors EP,CM1,Mathématiques,21,22,20.21,0,85.45,70.01
2024,77,Lyon,Bas-Rhin,Hors EP,CM2,Français,18,22,20.21,0,97.97,89.57
2024,77,Lyon,Bas-Rhin,Hors EP,CM2,Mathématiques,18,22,20.21,0,88.44,69.46
2024,77,Lyon,Bas-Rhin,Hors EP,6e,Français,22,22,20.21,0,97.24,83.9
2024,77,Lyon,Bas-Rhin,Hors EP,6e,Mathématiques,19,22,20.21,0,99.91,81.5
2024,78,Lille,Bouches-du-Rhône,Hors EP,CP,Français,28,25,-3.72,0,62.65,59.76
2024,78,Lille,Bouches-du-Rhône,Hors EP,CP,Mathématiques,26,25,-3.72,0,67.25,66.43
2024,78,Lille,Bouches-du-Rhône,Hors EP,CE1,Français,29,25,-3.72,0,71.46,63.09
2024,78,Lille,Bouches-du-Rhône,Hors EP,CE1,Mathématiques,21,25,-3.72,0,72.75,65.31
2024,78,Lille,Bouches-du-Rhône,Hors EP,CM1,Français,25,25,-3.72,0,75.88,69.0
2024,78,Lille,Bouches-du-Rhône,Hors EP,CM1,Mathématiques,30,25,-3.72,0,71.11,67.73
2024,78,Lille,Bouches-du-Rhône,Hors EP,CM2,Français,29,25,-3.72,0,78.86,64.98
2024,78,Lille,Bouches-du-Rhône,Hors EP,CM2,Mathématiques,32,25,-3.72,0,72.53,61.27
2024,78,Lille,Bouches-du-Rhône,Hors EP,6e,Français,32,25,-3.72,0,82.99,78.2
2024,78,Lille,Bouches-du-Rhône,Hors EP,6e,Mathématiques,24,25,-3.72,0,90.38,81.88
2024,79,Bordeaux,Gironde,Hors EP,CP,Français,26,24,1.2,0,67.48,72.09
2024,79,Bordeaux,Gironde,Hors EP,CP,Mathématiques,27,24,1.2,0,66.04,58.73
2024,79,Bordeaux,Gironde,Hors EP,CE1,Français,29,24,1.2,0,71.25,61.09
2024,79,Bordeaux,Gironde,Hors EP,CE1,Mathématiques,27,24,1.2,0,65.34,59.04
2024,79,Bordeaux,Gironde,Hors EP,CM1,Français,24,24,1.2,0,80.18,61.69
2024,79,Bordeaux,Gironde,Hors EP,CM1,Mathématiques,24,24,1.2,0,83.44,68.34
2024,79,Bordeaux,Gironde,Hors EP,CM2,Français,21,24,1.2,0,96.7,83.39
2024,79,Bordeaux,Gironde,Hors EP,CM2,Mathématiques,23,24,1.2,0,90.39,77.67
2024,79,Bordeaux,Gironde,Hors EP,6e,Français,28,24,1.2,0,92.73,71.11
2024,79,Bordeaux,Gironde,Hors EP,6e,Mathématiques,22,24,1.2,0,89.39,77.34
2024,80,Nantes,Hérault,REP,CP,Français,17,20,12.0,1,75.98,61.83
2024,80,Nantes,Hérault,REP,CP,Mathématiques,16,20,12.0,1,69.87,65.31
2024,80,Nantes,Hérault,REP,CE1,Français,18,20,12.0,1,77.56,65.89
2024,80,Nantes,Hérault,REP,CE1,Mathématiques,12,20,12.0,1,83.27,61.19
2024,80,Nantes,Hérault,REP,CM1,Français,18,20,12.0,1,85.21,71.61
2024,80,Nantes,Hérault,REP,CM1,Mathématiques,17,20,12.0,1,79.06,72.02
2024,80,Nantes,Hérault,REP,CM2,Français,14,20,12.0,1,91.52,73.84
2024,80,Nantes,Hérault,REP,CM2,Mathématiques,16,20,12.0,1,85.24,72.14
2024,80,Nantes,Hérault,REP,6e,Français,18,20,12.0,1,94.88,84.18
2024,80,Nantes,Hérault,REP,6e,Mathématiques,20,20,12.0,0,82.63,74.6
2024,81,Paris,Loire,REP,CP,Français,17,15,18.54,1,84.39,81.26
2024,81,Paris,Loire,REP,CP,Mathématiques,15,15,18.54,1,71.65,66.38
2024,81,Paris,Loire,REP,CE1,Français,14,15,18.54,1,92.03,81.52
2024,81,Paris,Loire,REP,CE1,Mathématiques,16,15,18.54,1,70.48,64.19
2024,81,Paris,Loire,REP,CM1,Français,13,15,18.54,1,89.24,63.18
2024,81,Paris,Loire,REP,CM1,Mathématiques,19,15,18.54,0,71.02,54.83
2024,81,Paris,Loire,REP,CM2,Français,16,15,18.54,1,90.9,76.49
2024,81,Paris,Loire,REP,CM2,Mathématiques,19,15,18.54,0,79.64,73.13
2024,81,Paris,Loire,REP,6e,Français,15,15,18.54,1,97.75,74.92
2024,81,Paris,Loire,REP,6e,Mathématiques,17,15,18.54,1,89.41,82.4
2024,82,Lyon,Maine-et-Loire,Hors EP,CP,Français,22,30,21.68,0,77.09,62.62
2024,82,Lyon,Maine-et-Loire,Hors EP,CP,Mathématiques,21,30,21.68,0,70.89,69.06
2024,82,Lyon,Maine-et-Loire,Hors EP,CE1,Français,26,30,21.68,0,77.01,71.24
2024,82,Lyon,Maine-et-Loire,Hors EP,CE1,Mathématiques,26,30,21.68,0,77.76,69.49
2024,82,Lyon,Maine-et-Loire,Hors EP,CM1,Français,27,30,21.68,0,81.08,75.37
2024,82,Lyon,Maine-et-Loire,Hors EP,CM1,Mathématiques,23,30,21.68,0,83.31,77.14
2024,82,Lyon,Maine-et-Loire,Hors EP,CM2,Français,26,30,21.68,0,87.06,85.64
2024,82,Lyon,Maine-et-Loire,Hors EP,CM2,Mathématiques,30,30,21.68,0,83.04,66.61
2024,82,Lyon,Maine-et-Loire,Hors EP,6e,Français,21,30,21.68,0,100.0,89.33
2024,82,Lyon,Maine-et-Loire,Hors EP,6e,Mathématiques,27,30,21.68,0,82.4,71.84
2024,83,Lille,Moselle,Hors EP,CP,Français,25,29,9.47,0,73.23,66.87
2024,83,Lille,Moselle,Hors EP,CP,Mathématiques,22,29,9.47,0,75.63,65.46
2024,83,Lille,Moselle,Hors EP,CE1,Français,22,29,9.47,0,83.8,60.83
2024,83,Lille,Moselle,Hors EP,CE1,Mathématiques,23,29,9.47,0,79.0,74.84
2024,83,Lille,Moselle,Hors EP,CM1,Français,25,29,9.47,0,80.41,69.43
2024,83,Lille,Moselle,Hors EP,CM1,Mathématiques,25,29,9.47,0,87.46,79.08
2024,83,Lille,Moselle,Hors EP,CM2,Français,26,29,9.47,0,87.83,69.37
2024,83,Lille,Moselle,Hors EP,CM2,Mathématiques,20,29,9.47,0,88.58,78.73
2024,83,Lille,Moselle,Hors EP,6e,Français,23,29,9.47,0,97.81,77.54
2024,83,Lille,Moselle,Hors EP,6e,Mathématiques,22,29,9.47,0,99.47,86.48
2024,84,Bordeaux,Nord,Hors EP,CP,Français,24,21,10.52,0,73.66,59.62
2024,84,Bordeaux,Nord,Hors EP,CP,Mathématiques,22,21,10.52,0,79.6,64.58
2024,84,Bordeaux,Nord,Hors EP,CE1,Français,22,21,10.52,0,87.62,73.06
2024,84,Bordeaux,Nord,Hors EP,CE1,Mathématiques,22,21,10.52,0,71.19,66.52
2024,84,Bordeaux,Nord,Hors EP,CM1,Français,20,21,10.52,0,81.07,65.36
2024,84,Bordeaux,Nord,Hors EP,CM1,Mathématiques,23,21,10.52,0,75.25,59.24
2024,84,Bordeaux,Nord,Hors EP,CM2,Français,23,21,10.52,0,90.04,71.65
2024,84,Bordeaux,Nord,Hors EP,CM2,Mathématiques,21,21,10.52,0,96.98,87.36
2024,84,Bordeaux,Nord,Hors EP,6e,Français,22,21,10.52,0,99.93,83.56
2024,84,Bordeaux,Nord,Hors EP,6e,Mathématiques,18,21,10.52,0,88.07,70.34
2024,85,Nantes,Paris,REP+,CP,Français,19,19,5.1,0,59.42,50.75
2024,85,Nantes,Paris,REP+,CP,Mathématiques,19,19,5.1,0,49.01,51.89
2024,85,Nantes,Paris,REP+,CE1,Français,21,19,5.1,0,61.77,56.12
2024,85,Nantes,Paris,REP+,CE1,Mathématiques,19,19,5.1,0,50.41,40.49
2024,85,Nantes,Paris,REP+,CM1,Français,19,19,5.1,0,72.2,57.94
2024,85,Nantes,Paris,REP+,CM1,Mathématiques,18,19,5.1,1,75.19,63.05
2024,85,Nantes,Paris,REP+,CM2,Français,17,19,5.1,1,83.97,72.64
2024,85,Nantes,Paris,REP+,CM2,Mathématiques,18,19,5.1,1,73.79,65.02
2024,85,Nantes,Paris,REP+,6e,Français,17,19,5.1,1,84.66,69.86
2024,85,Nantes,Paris,REP+,6e,Mathématiques,18,19,5.1,1,79.31,68.99
2024,86,Paris,Puy-de-Dôme,Hors EP,CP,Français,23,23,11.37,0,71.84,67.26
2024,86,Paris,Puy-de-Dôme,Hors EP,CP,Mathématiques,18,23,11.37,0,75.58,63.74
2024,86,Paris,Puy-de-Dôme,Hors EP,CE1,Français,20,23,11.37,0,85.07,70.84
2024,86,Paris,Puy-de-Dôme,Hors EP,CE1,Mathématiques,20,23,11.37,0,82.51,71.41
2024,86,Paris,Puy-de-Dôme,Hors EP,CM1,Français,20,23,11.37,0,89.25,80.65
2024,86,Paris,Puy-de-Dôme,Hors EP,CM1,Mathématiques,24,23,11.37,0,75.6,60.04
2024,86,Paris,Puy-de-Dôme,Hors EP,CM2,Français,23,23,11.37,0,89.17,64.64
2024,86,Paris,Puy-de-Dôme,Hors EP,CM2,Mathématiques,19,23,11.37,0,89.09,74.02
2024,86,Paris,Puy-de-Dôme,Hors EP,6e,Français,23,23,11.37,0,91.28,81.75
2024,86,Paris,Puy-de-Dôme,Hors EP,6e,Mathématiques,22,23,11.37,0,87.57,72.95
2024,87,Lyon,Saône-et-Loire,Hors EP,CP,Français,25,26,-7.05,0,69.66,75.1
2024,87,Lyon,Saône-et-Loire,Hors EP,CP,Mathématiques,21,26,-7.05,0,84.19,67.5
2024,87,Lyon,Saône-et-Loire,Hors EP,CE1,Français,27,26,-7.05,0,77.38,63.07
2024,87,Lyon,Saône-et-Loire,Hors EP,CE1,Mathématiques,25,26,-7.05,0,70.22,64.13
2024,87,Lyon,Saône-et-Loire,Hors EP,CM1,Français,24,26,-7.05,0,80.78,67.77
2024,87,Lyon,Saône-et-Loire,Hors EP,CM1,Mathématiques,25,26,-7.05,0,74.39,61.25
2024,87,Lyon,Saône-et-Loire,Hors EP,CM2,Français,26,26,-7.05,0,87.48,67.95
2024,87,Lyon,Saône-et-Loire,Hors EP,CM2,Mathématiques,21,26,-7.05,0,77.44,72.21
2024,87,Lyon,Saône-et-Loire,Hors EP,6e,Français,26,26,-7.05,0,85.65,76.49
2024,87,Lyon,Saône-et-Loire,Hors EP,6e,Mathématiques,29,26,-7.05,0,77.93,64.91
2024,88,Lille,Ain,REP,CP,Français,24,27,-4.78,0,56.12,51.15
2024,88,Lille,Ain,REP,CP,Mathématiques,24,27,-4.78,0,52.88,48.61
2024,88,Lille,Ain,REP,CE1,Français,23,27,-4.78,0,63.94,61.49
2024,88,Lille,Ain,REP,CE1,Mathématiques,24,27,-4.78,0,52.88,58.0
2024,88,Lille,Ain,REP,CM1,Français,23,27,-4.78,0,68.03,56.75
2024,88,Lille,Ain,REP,CM1,Mathématiques,28,27,-4.78,0,72.65,73.73
2024,88,Lille,Ain,REP,CM2,Français,23,27,-4.78,0,76.08,74.19
2024,88,Lille,Ain,REP,CM2,Mathématiques,22,27,-4.78,0,74.86,67.04
2024,88,Lille,Ain,REP,6e,Français,28,27,-4.78,0,81.49,69.72
2024,88,Lille,Ain,REP,6e,Mathématiques,27,27,-4.78,0,72.91,61.85
2024,89,Bordeaux,Bas-Rhin,Hors EP,CP,Français,20,27,-6.21,0,72.35,65.37
2024,89,Bordeaux,Bas-Rhin,Hors EP,CP,Mathématiques,27,27,-6.21,0,70.87,65.34
2024,89,Bordeaux,Bas-Rhin,Hors EP,CE1,Français,20,27,-6.21,0,76.18,65.82
2024,89,Bordeaux,Bas-Rhin,Hors EP,CE1,Mathématiques,26,27,-6.21,0,69.15,55.92
2024,89,Bordeaux,Bas-Rhin,Hors EP,CM1,Français,28,27,-6.21,0,75.55,60.73
2024,89,Bordeaux,Bas-Rhin,Hors EP,CM1,Mathématiques,25,27,-6.21,0,78.33,65.76
2024,89,Bordeaux,Bas-Rhin,Hors EP,CM2,Français,24,27,-6.21,0,83.29,69.08
2024,89,Bordeaux,Bas-Rhin,Hors EP,CM2,Mathématiques,24,27,-6.21,0,75.29,70.97
2024,89,Bordeaux,Bas-Rhin,Hors EP,6e,Français,21,27,-6.21,0,90.93,81.83
2024,89,Bordeaux,Bas-Rhin,Hors EP,6e,Mathématiques,25,27,-6.21,0,88.95,66.94
2024,90,Nantes,Bouches-du-Rhône,REP,CP,Français,24,20,13.7,0,63.61,55.58
2024,90,Nantes,Bouches-du-Rhône,REP,CP,Mathématiques,22,20,13.7,0,56.99,40.64
2024,90,Nantes,Bouches-du-Rhône,REP,CE1,Français,16,20,13.7,1,68.57,59.71
2024,90,Nantes,Bouches-du-Rhône,REP,CE1,Mathématiques,19,20,13.7,0,59.18,50.97
2024,90,Nantes,Bouches-du-Rhône,REP,CM1,Français,15,20,13.7,1,84.67,68.31
2024,90,Nantes,Bouches-du-Rhône,REP,CM1,Mathématiques,22,20,13.7,0,70.41,70.9
2024,90,Nantes,Bouches-du-Rhône,REP,CM2,Français,18,20,13.7,1,99.89,82.94
2024,90,Nantes,Bouches-du-Rhône,REP,CM2,Mathématiques,18,20,13.7,1,98.08,72.55
2024,90,Nantes,Bouches-du-Rhône,REP,6e,Français,18,20,13.7,1,87.75,65.48
2024,90,Nantes,Bouches-du-Rhône,REP,6e,Mathématiques,14,20,13.7,1,95.02,72.97
2024,91,Paris,Gironde,REP+,CP,Français,23,21,4.97,0,59.94,49.5
2024,91,Paris,Gironde,REP+,CP,Mathématiques,21,21,4.97,0,50.27,48.45
2024,91,Paris,Gironde,REP+,CE1,Français,16,21,4.97,1,67.8,58.99
2024,91,Paris,Gironde,REP+,CE1,Mathématiques,24,21,4.97,0,47.6,35.44
2024,91,Paris,Gironde,REP+,CM1,Français,20,21,4.97,0,59.74,54.93
2024,91,Paris,Gironde,REP+,CM1,Mathématiques,22,21,4.97,0,60.15,53.74
2024,91,Paris,Gironde,REP+,CM2,Français,20,21,4.97,0,74.21,59.69
2024,91,Paris,Gironde,REP+,CM2,Mathématiques,22,21,4.97,0,61.08,59.54
2024,91,Paris,Gironde,REP+,6e,Français,16,21,4.97,1,88.64,74.76
2024,91,Paris,Gironde,REP+,6e,Mathématiques,20,21,4.97,0,76.71,63.06
2024,92,Lyon,Hérault,REP+,CP,Français,19,20,8.6,0,54.12,58.11
2024,92,Lyon,Hérault,REP+,CP,Mathématiques,19,20,8.6,0,49.94,44.7
2024,92,Lyon,Hérault,REP+,CE1,Français,17,20,8.6,1,72.65,53.33
2024,92,Lyon,Hérault,REP+,CE1,Mathématiques,16,20,8.6,1,65.03,52.03
2024,92,Lyon,Hérault,REP+,CM1,Français,15,20,8.6,1,77.25,65.09
2024,92,Lyon,Hérault,REP+,CM1,Mathématiques,17,20,8.6,1,67.43,59.78
2024,92,Lyon,Hérault,REP+,CM2,Français,14,20,8.6,1,88.2,83.69
2024,92,Lyon,Hérault,REP+,CM2,Mathématiques,17,20,8.6,1,73.58,69.31
2024,92,Lyon,Hérault,REP+,6e,Français,19,20,8.6,0,85.17,83.62
2024,92,Lyon,Hérault,REP+,6e,Mathématiques,13,20,8.6,1,88.85,74.3
2024,93,Lille,Loire,Hors EP,CP,Français,25,31,12.0,0,69.45,68.16
2024,93,Lille,Loire,Hors EP,CP,Mathématiques,24,31,12.0,0,80.02,65.59
2024,93,Lille,Loire,Hors EP,CE1,Français,25,31,12.0,0,76.88,59.58
2024,93,Lille,Loire,Hors EP,CE1,Mathématiques,22,31,12.0,0,81.54,61.85
2024,93,Lille,Loire,Hors EP,CM1,Français,32,31,12.0,0,77.02,62.22
2024,93,Lille,Loire,Hors EP,CM1,Mathématiques,27,31,12.0,0,67.86,59.48
2024,93,Lille,Loire,Hors EP,CM2,Français,25,31,12.0,0,83.04,68.31
2024,93,Lille,Loire,Hors EP,CM2,Mathématiques,30,31,12.0,0,82.07,72.8
2024,93,Lille,Loire,Hors EP,6e,Français,24,31,12.0,0,88.69,74.1
2024,93,Lille,Loire,Hors EP,6e,Mathématiques,20,31,12.0,0,90.3,70.14
2024,94,Bordeaux,Maine-et-Loire,REP+,CP,Français,21,21,-7.44,0,45.61,39.3
2024,94,Bordeaux,Maine-et-Loire,REP+,CP,Mathématiques,22,21,-7.44,0,59.37,58.8
2024,94,Bordeaux,Maine-et-Loire,REP+,CE1,Français,20,21,-7.44,0,55.29,49.8
2024,94,Bordeaux,Maine-et-Loire,REP+,CE1,Mathématiques,20,21,-7.44,0,61.09,58.67
2024,94,Bordeaux,Maine-et-Loire,REP+,CM1,Français,21,21,-7.44,0,58.88,58.13
2024,94,Bordeaux,Maine-et-Loire,REP+,CM1,Mathématiques,17,21,-7.44,1,72.34,67.27
2024,94,Bordeaux,Maine-et-Loire,REP+,CM2,Français,18,21,-7.44,1,75.13,67.9
2024,94,Bordeaux,Maine-et-Loire,REP+,CM2,Mathématiques,19,21,-7.44,0,67.42,64.13
2024,94,Bordeaux,Maine-et-Loire,REP+,6e,Français,22,21,-7.44,0,75.09,68.72
2024,94,Bordeaux,Maine-et-Loire,REP+,6e,Mathématiques,18,21,-7.44,1,80.15,71.77
2024,95,Nantes,Moselle,Hors EP,CP,Français,25,26,23.15,0,75.65,64.03
2024,95,Nantes,Moselle,Hors EP,CP,Mathématiques,30,26,23.15,0,61.94,53.6
2024,95,Nantes,Moselle,Hors EP,CE1,Français,27,26,23.15,0,78.36,65.4
2024,95,Nantes,Moselle,Hors EP,CE1,Mathématiques,24,26,23.15,0,75.67,66.97
2024,95,Nantes,Moselle,Hors EP,CM1,Français,29,26,23.15,0,84.2,77.37
2024,95,Nantes,Moselle,Hors EP,CM1,Mathématiques,24,26,23.15,0,85.3,65.23
2024,95,Nantes,Moselle,Hors EP,CM2,Français,25,26,23.15,0,90.61,85.72
2024,95,Nantes,Moselle,Hors EP,CM2,Mathématiques,29,26,23.15,0,82.32,66.89
2024,95,Nantes,Moselle,Hors EP,6e,Français,23,26,23.15,0,95.55,86.48
2024,95,Nantes,Moselle,Hors EP,6e,Mathématiques,26,26,23.15,0,93.51,82.64
2024,96,Paris,Nord,Hors EP,CP,Français,18,23,-9.35,0,72.61,69.64
2024,96,Paris,Nord,Hors EP,CP,Mathématiques,21,23,-9.35,0,72.79,59.34
2024,96,Paris,Nord,Hors EP,CE1,Français,23,23,-9.35,0,75.77,68.75
2024,96,Paris,Nord,Hors EP,CE1,Mathématiques,21,23,-9.35,0,78.05,65.44
2024,96,Paris,Nord,Hors EP,CM1,Français,22,23,-9.35,0,82.66,71.34
2024,96,Paris,Nord,Hors EP,CM1,Mathématiques,23,23,-9.35,0,77.75,67.27
2024,96,Paris,Nord,Hors EP,CM2,Français,22,23,-9.35,0,91.16,76.61
2024,96,Paris,Nord,Hors EP,CM2,Mathématiques,20,23,-9.35,0,88.07,78.24
2024,96,Paris,Nord,Hors EP,6e,Français,19,23,-9.35,0,90.63,73.32
2024,96,Paris,Nord,Hors EP,6e,Mathématiques,22,23,-9.35,0,80.99,72.95
2024,97,Lyon,Paris,REP,CP,Français,12,15,-3.61,1,77.53,68.66
2024,97,Lyon,Paris,REP,CP,Mathématiques,15,15,-3.61,1,65.54,61.62
2024,97,Lyon,Paris,REP,CE1,Français,12,15,-3.61,1,76.3,68.65
2024,97,Lyon,Paris,REP,CE1,Mathématiques,13,15,-3.61,1,77.81,68.6
2024,97,Lyon,Paris,REP,CM1,Français,12,15,-3.61,1,86.96,79.4
2024,97,Lyon,Paris,REP,CM1,Mathématiques,13,15,-3.61,1,86.18,72.42
2024,97,Lyon,Paris,REP,CM2,Français,13,15,-3.61,1,88.19,74.32
2024,97,Lyon,Paris,REP,CM2,Mathématiques,12,15,-3.61,1,81.95,65.76
2024,97,Lyon,Paris,REP,6e,Français,13,15,-3.61,1,98.56,86.09
2024,97,Lyon,Paris,REP,6e,Mathématiques,14,15,-3.61,1,95.79,80.23
2024,98,Lille,Puy-de-Dôme,REP,CP,Français,21,21,-6.15,0,65.37,50.79
2024,98,Lille,Puy-de-Dôme,REP,CP,Mathématiques,19,21,-6.15,0,46.9,46.43
2024,98,Lille,Puy-de-Dôme,REP,CE1,Français,19,21,-6.15,0,74.96,73.35
2024,98,Lille,Puy-de-Dôme,REP,CE1,Mathématiques,21,21,-6.15,0,57.84,49.25
2024,98,Lille,Puy-de-Dôme,REP,CM1,Français,16,21,-6.15,1,89.73,71.47
2024,98,Lille,Puy-de-Dôme,REP,CM1,Mathématiques,18,21,-6.15,1,75.81,60.26
2024,98,Lille,Puy-de-Dôme,REP,CM2,Français,20,21,-6.15,0,77.75,56.75
2024,98,Lille,Puy-de-Dôme,REP,CM2,Mathématiques,16,21,-6.15,1,86.01,73.13
2024,98,Lille,Puy-de-Dôme,REP,6e,Français,18,21,-6.15,1,95.59,72.78
2024,98,Lille,Puy-de-Dôme,REP,6e,Mathématiques,18,21,-6.15,1,92.19,74.44
2024,99,Bordeaux,Saône-et-Loire,Hors EP,CP,Français,16,24,-21.39,0,73.89,67.5
2024,99,Bordeaux,Saône-et-Loire,Hors EP,CP,Mathématiques,21,24,-21.39,0,75.55,64.41
2024,99,Bordeaux,Saône-et-Loire,Hors EP,CE1,Français,16,24,-21.39,0,81.58,65.08
2024,99,Bordeaux,Saône-et-Loire,Hors EP,CE1,Mathématiques,21,24,-21.39,0,64.05,57.18
2024,99,Bordeaux,Saône-et-Loire,Hors EP,CM1,Français,23,24,-21.39,0,84.15,70.97
2024,99,Bordeaux,Saône-et-Loire,Hors EP,CM1,Mathématiques,21,24,-21.39,0,78.1,66.61
2024,99,Bordeaux,Saône-et-Loire,Hors EP,CM2,Français,23,24,-21.39,0,83.16,68.29
2024,99,Bordeaux,Saône-et-Loire,Hors EP,CM2,Mathématiques,17,24,-21.39,0,90.94,75.24
2024,99,Bordeaux,Saône-et-Loire,Hors EP,6e,Français,18,24,-21.39,0,99.73,82.31
2024,99,Bordeaux,Saône-et-Loire,Hors EP,6e,Mathématiques,19,24,-21.39,0,95.91,78.24
2024,100,Nantes,Ain,Hors EP,CP,Français,26,32,35.59,0,66.36,68.62
2024,100,Nantes,Ain,Hors EP,CP,Mathématiques,27,32,35.59,0,72.68,66.06
2024,100,Nantes,Ain,Hors EP,CE1,Français,23,32,35.59,0,72.38,73.71
2024,100,Nantes,Ain,Hors EP,CE1,Mathématiques,23,32,35.59,0,86.5,76.18
2024,100,Nantes,Ain,Hors EP,CM1,Français,27,32,35.59,0,82.42,82.32
2024,100,Nantes,Ain,Hors EP,CM1,Mathématiques,25,32,35.59,0,80.33,72.72
2024,100,Nantes,Ain,Hors EP,CM2,Français,25,32,35.59,0,86.78,73.45
2024,100,Nantes,Ain,Hors EP,CM2,Mathématiques,29,32,35.59,0,93.19,88.52
2024,100,Nantes,Ain,Hors EP,6e,Français,22,32,35.59,0,100.0,77.82
2024,100,Nantes,Ain,Hors EP,6e,Mathématiques,25,32,35.59,0,90.91,73.54
2024,101,Paris,Bas-Rhin,Hors EP,CP,Français,17,20,10.16,0,75.23,72.08
2024,101,Paris,Bas-Rhin,Hors EP,CP,Mathématiques,17,20,10.16,0,74.0,56.84
2024,101,Paris,Bas-Rhin,Hors EP,CE1,Français,18,20,10.16,0,82.09,71.87
2024,101,Paris,Bas-Rhin,Hors EP,CE1,Mathématiques,17,20,10.16,0,83.45,72.58
2024,101,Paris,Bas-Rhin,Hors EP,CM1,Français,16,20,10.16,0,92.09,82.12
2024,101,Paris,Bas-Rhin,Hors EP,CM1,Mathématiques,21,20,10.16,0,78.85,73.93
2024,101,Paris,Bas-Rhin,Hors EP,CM2,Français,13,20,10.16,0,99.16,79.22
2024,101,Paris,Bas-Rhin,Hors EP,CM2,Mathématiques,19,20,10.16,0,97.41,82.14
2024,101,Paris,Bas-Rhin,Hors EP,6e,Français,17,20,10.16,0,99.38,80.22
2024,101,Paris,Bas-Rhin,Hors EP,6e,Mathématiques,20,20,10.16,0,94.53,68.41
2024,102,Lyon,Bouches-du-Rhône,REP+,CP,Français,16,20,-9.46,1,60.93,57.43
2024,102,Lyon,Bouches-du-Rhône,REP+,CP,Mathématiques,14,20,-9.46,1,63.37,58.46
2024,102,Lyon,Bouches-du-Rhône,REP+,CE1,Français,22,20,-9.46,0,59.02,51.52
2024,102,Lyon,Bouches-du-Rhône,REP+,CE1,Mathématiques,15,20,-9.46,1,61.77,63.91
2024,102,Lyon,Bouches-du-Rhône,REP+,CM1,Français,20,20,-9.46,0,66.35,56.97
2024,102,Lyon,Bouches-du-Rhône,REP+,CM1,Mathématiques,20,20,-9.46,0,53.82,56.28
2024,102,Lyon,Bouches-du-Rhône,REP+,CM2,Français,16,20,-9.46,1,70.58,74.31
2024,102,Lyon,Bouches-du-Rhône,REP+,CM2,Mathématiques,19,20,-9.46,0,67.05,51.24
2024,102,Lyon,Bouches-du-Rhône,REP+,6e,Français,21,20,-9.46,0,76.75,66.19
2024,102,Lyon,Bouches-du-Rhône,REP+,6e,Mathématiques,21,20,-9.46,0,75.03,68.65
2024,103,Lille,Gironde,REP,CP,Français,17,16,0.99,1,69.98,59.4
2024,103,Lille,Gironde,REP,CP,Mathématiques,20,16,0.99,0,66.66,64.32
2024,103,Lille,Gironde,REP,CE1,Français,18,16,0.99,1,80.54,69.41
2024,103,Lille,Gironde,REP,CE1,Mathématiques,14,16,0.99,1,68.33,68.04
2024,103,Lille,Gironde,REP,CM1,Français,17,16,0.99,1,85.87,74.44
2024,103,Lille,Gironde,REP,CM1,Mathématiques,18,16,0.99,1,82.27,74.43
2024,103,Lille,Gironde,REP,CM2,Français,15,16,0.99,1,94.04,75.26
2024,103,Lille,Gironde,REP,CM2,Mathématiques,18,16,0.99,1,80.4,68.84
2024,103,Lille,Gironde,REP,6e,Français,15,16,0.99,1,93.83,82.48
2024,103,Lille,Gironde,REP,6e,Mathématiques,17,16,0.99,1,99.54,86.67
2024,104,Bordeaux,Hérault,REP+,CP,Français,14,16,8.45,1,69.48,56.21
2024,104,Bordeaux,Hérault,REP+,CP,Mathématiques,18,16,8.45,1,68.56,63.12
2024,104,Bordeaux,Hérault,REP+,CE1,Français,12,16,8.45,1,62.59,60.38
2024,104,Bordeaux,Hérault,REP+,CE1,Mathématiques,12,16,8.45,1,70.36,67.77
2024,104,Bordeaux,Hérault,REP+,CM1,Français,20,16,8.45,0,64.73,61.21
2024,104,Bordeaux,Hérault,REP+,CM1,Mathématiques,18,16,8.45,1,66.99,64.28
2024,104,Bordeaux,Hérault,REP+,CM2,Français,20,16,8.45,0,73.92,62.75
2024,104,Bordeaux,Hérault,REP+,CM2,Mathématiques,19,16,8.45,0,74.55,71.53
2024,104,Bordeaux,Hérault,REP+,6e,Français,20,16,8.45,0,68.65,63.67
2024,104,Bordeaux,Hérault,REP+,6e,Mathématiques,19,16,8.45,0,78.39,70.88
2024,105,Nantes,Loire,Hors EP,CP,Français,21,22,5.75,0,83.53,67.36
2024,105,Nantes,Loire,Hors EP,CP,Mathématiques,23,22,5.75,0,75.46,65.37
2024,105,Nantes,Loire,Hors EP,CE1,Français,17,22,5.75,0,84.17,73.67
2024,105,Nantes,Loire,Hors EP,CE1,Mathématiques,20,22,5.75,0,75.67,69.5
2024,105,Nantes,Loire,Hors EP,CM1,Français,18,22,5.75,0,94.76,87.99
2024,105,Nantes,Loire,Hors EP,CM1,Mathématiques,17,22,5.75,0,86.56,78.72
2024,105,Nantes,Loire,Hors EP,CM2,Français,20,22,5.75,0,86.4,78.08
2024,105,Nantes,Loire,Hors EP,CM2,Mathématiques,17,22,5.75,0,92.19,72.72
2024,105,Nantes,Loire,Hors EP,6e,Français,21,22,5.75,0,94.7,83.89
2024,105,Nantes,Loire,Hors EP,6e,Mathématiques,18,22,5.75,0,94.12,81.07
2024,106,Paris,Maine-et-Loire,REP,CP,Français,24,23,-6.8,0,58.46,59.73
2024,106,Paris,Maine-et-Loire,REP,CP,Mathématiques,23,23,-6.8,0,54.63,51.9
2024,106,Paris,Maine-et-Loire,REP,CE1,Français,29,23,-6.8,0,62.38,65.37
2024,106,Paris,Maine-et-Loire,REP,CE1,Mathématiques,25,23,-6.8,0,64.93,65.49
2024,106,Paris,Maine-et-Loire,REP,CM1,Français,27,23,-6.8,0,69.18,59.07
2024,106,Paris,Maine-et-Loire,REP,CM1,Mathématiques,30,23,-6.8,0,58.88,57.84
2024,106,Paris,Maine-et-Loire,REP,CM2,Français,27,23,-6.8,0,64.51,58.61
2024,106,Paris,Maine-et-Loire,REP,CM2,Mathématiques,26,23,-6.8,0,68.07,61.09
2024,106,Paris,Maine-et-Loire,REP,6e,Français,29,23,-6.8,0,70.16,56.37
2024,106,Paris,Maine-et-Loire,REP,6e,Mathématiques,24,23,-6.8,0,78.73,72.75
2024,107,Lyon,Moselle,Hors EP,CP,Français,25,27,-6.22,0,65.87,58.66
2024,107,Lyon,Moselle,Hors EP,CP,Mathématiques,29,27,-6.22,0,66.02,60.01
2024,107,Lyon,Moselle,Hors EP,CE1,Français,24,27,-6.22,0,88.06,70.75
2024,107,Lyon,Moselle,Hors EP,CE1,Mathématiques,27,27,-6.22,0,75.27,66.39
2024,107,Lyon,Moselle,Hors EP,CM1,Français,25,27,-6.22,0,85.19,66.23
2024,107,Lyon,Moselle,Hors EP,CM1,Mathématiques,31,27,-6.22,0,74.42,64.34
2024,107,Lyon,Moselle,Hors EP,CM2,Français,23,27,-6.22,0,83.17,71.3
2024,107,Lyon,Moselle,Hors EP,CM2,Mathématiques,32,27,-6.22,0,78.3,69.98
2024,107,Lyon,Moselle,Hors EP,6e,Français,28,27,-6.22,0,99.49,80.45
2024,107,Lyon,Moselle,Hors EP,6e,Mathématiques,31,27,-6.22,0,81.36,66.81
2024,108,Lille,Nord,Hors EP,CP,Français,24,26,-27.89,0,67.16,57.05
2024,108,Lille,Nord,Hors EP,CP,Mathématiques,21,26,-27.89,0,67.91,58.6
2024,108,Lille,Nord,Hors EP,CE1,Français,23,26,-27.89,0,67.38,61.31
2024,108,Lille,Nord,Hors EP,CE1,Mathématiques,22,26,-27.89,0,65.3,56.66
2024,108,Lille,Nord,Hors EP,CM1,Français,22,26,-27.89,0,81.84,67.84
2024,108,Lille,Nord,Hors EP,CM1,Mathématiques,20,26,-27.89,0,76.46,58.36
2024,108,Lille,Nord,Hors EP,CM2,Français,27,26,-27.89,0,87.99,81.93
2024,108,Lille,Nord,Hors EP,CM2,Mathématiques,23,26,-27.89,0,88.59,77.28
2024,108,Lille,Nord,Hors EP,6e,Français,22,26,-27.89,0,88.83,74.54
2024,108,Lille,Nord,Hors EP,6e,Mathématiques,24,26,-27.89,0,88.49,75.16
2024,109,Bordeaux,Paris,Hors EP,CP,Français,27,33,-2.05,0,69.74,55.61
2024,109,Bordeaux,Paris,Hors EP,CP,Mathématiques,25,33,-2.05,0,80.06,61.19
2024,109,Bordeaux,Paris,Hors EP,CE1,Français,29,33,-2.05,0,74.0,70.38
2024,109,Bordeaux,Paris,Hors EP,CE1,Mathématiques,29,33,-2.05,0,77.96,69.21
2024,109,Bordeaux,Paris,Hors EP,CM1,Français,31,33,-2.05,0,81.33,78.02
2024,109,Bordeaux,Paris,Hors EP,CM1,Mathématiques,28,33,-2.05,0,78.14,66.29
2024,109,Bordeaux,Paris,Hors EP,CM2,Français,28,33,-2.05,0,85.32,62.63
2024,109,Bordeaux,Paris,Hors EP,CM2,Mathématiques,28,33,-2.05,0,85.36,66.29
2024,109,Bordeaux,Paris,Hors EP,6e,Français,26,33,-2.05,0,96.35,87.24
2024,109,Bordeaux,Paris,Hors EP,6e,Mathématiques,26,33,-2.05,0,88.94,75.09
2024,110,Nantes,Puy-de-Dôme,Hors EP,CP,Français,19,20,16.09,0,77.39,68.29
2024,110,Nantes,Puy-de-Dôme,Hors EP,CP,Mathématiques,26,20,16.09,0,64.96,55.62
2024,110,Nantes,Puy-de-Dôme,Hors EP,CE1,Français,23,20,16.09,0,83.39,72.76
2024,110,Nantes,Puy-de-Dôme,Hors EP,CE1,Mathématiques,22,20,16.09,0,78.51,60.85
2024,110,Nantes,Puy-de-Dôme,Hors EP,CM1,Français,22,20,16.09,0,93.6,72.05
2024,110,Nantes,Puy-de-Dôme,Hors EP,CM1,Mathématiques,20,20,16.09,0,83.94,70.41
2024,110,Nantes,Puy-de-Dôme,Hors EP,CM2,Français,27,20,16.09,0,83.24,65.94
2024,110,Nantes,Puy-de-Dôme,Hors EP,CM2,Mathématiques,24,20,16.09,0,84.22,76.21
2024,110,Nantes,Puy-de-Dôme,Hors EP,6e,Français,22,20,16.09,0,99.0,74.48
2024,110,Nantes,Puy-de-Dôme,Hors EP,6e,Mathématiques,23,20,16.09,0,94.01,77.65
2024,111,Paris,Saône-et-Loire,Hors EP,CP,Français,24,26,-6.37,0,76.01,75.24
2024,111,Paris,Saône-et-Loire,Hors EP,CP,Mathématiques,27,26,-6.37,0,67.77,59.87
2024,111,Paris,Saône-et-Loire,Hors EP,CE1,Français,25,26,-6.37,0,69.57,61.54
2024,111,Paris,Saône-et-Loire,Hors EP,CE1,Mathématiques,28,26,-6.37,0,70.01,59.48
2024,111,Paris,Saône-et-Loire,Hors EP,CM1,Français,23,26,-6.37,0,83.19,65.4
2024,111,Paris,Saône-et-Loire,Hors EP,CM1,Mathématiques,23,26,-6.37,0,87.23,69.14
2024,111,Paris,Saône-et-Loire,Hors EP,CM2,Français,23,26,-6.37,0,89.65,73.75
2024,111,Paris,Saône-et-Loire,Hors EP,CM2,Mathématiques,25,26,-6.37,0,87.42,66.71
2024,111,Paris,Saône-et-Loire,Hors EP,6e,Français,27,26,-6.37,0,87.11,72.81
2024,111,Paris,Saône-et-Loire,Hors EP,6e,Mathématiques,30,26,-6.37,0,77.72,70.81
2024,112,Lyon,Ain,Hors EP,CP,Français,20,24,-4.42,0,76.57,71.53
2024,112,Lyon,Ain,Hors EP,CP,Mathématiques,21,24,-4.42,0,76.55,74.06
2024,112,Lyon,Ain,Hors EP,CE1,Français,23,24,-4.42,0,79.93,66.39
2024,112,Lyon,Ain,Hors EP,CE1,Mathématiques,15,24,-4.42,0,81.7,74.54
2024,112,Lyon,Ain,Hors EP,CM1,Français,23,24,-4.42,0,87.66,71.87
2024,112,Lyon,Ain,Hors EP,CM1,Mathématiques,23,24,-4.42,0,87.19,77.62
2024,112,Lyon,Ain,Hors EP,CM2,Français,25,24,-4.42,0,92.84,72.02
2024,112,Lyon,Ain,Hors EP,CM2,Mathématiques,24,24,-4.42,0,81.83,65.1
2024,112,Lyon,Ain,Hors EP,6e,Français,21,24,-4.42,0,100.0,80.28
2024,112,Lyon,Ain,Hors EP,6e,Mathématiques,18,24,-4.42,0,88.57,77.62
2024,113,Lille,Bas-Rhin,Hors EP,CP,Français,20,22,2.0,0,75.03,69.27
2024,113,Lille,Bas-Rhin,Hors EP,CP,Mathématiques,20,22,2.0,0,70.51,62.34
2024,113,Lille,Bas-Rhin,Hors EP,CE1,Français,16,22,2.0,0,85.27,69.92
2024,113,Lille,Bas-Rhin,Hors EP,CE1,Mathématiques,15,22,2.0,0,80.08,75.0
2024,113,Lille,Bas-Rhin,Hors EP,CM1,Français,19,22,2.0,0,92.47,82.48
2024,113,Lille,Bas-Rhin,Hors EP,CM1,Mathématiques,18,22,2.0,0,83.15,67.19
2024,113,Lille,Bas-Rhin,Hors EP,CM2,Français,14,22,2.0,0,99.19,80.8
2024,113,Lille,Bas-Rhin,Hors EP,CM2,Mathématiques,14,22,2.0,0,96.39,81.02
2024,113,Lille,Bas-Rhin,Hors EP,6e,Français,20,22,2.0,0,95.86,76.22
2024,113,Lille,Bas-Rhin,Hors EP,6e,Mathématiques,19,22,2.0,0,97.32,79.78
2024,114,Bordeaux,Bouches-du-Rhône,REP+,CP,Français,17,21,-13.32,1,69.4,51.25
2024,114,Bordeaux,Bouches-du-Rhône,REP+,CP,Mathématiques,20,21,-13.32,0,50.86,47.14
2024,114,Bordeaux,Bouches-du-Rhône,REP+,CE1,Français,20,21,-13.32,0,59.09,52.25
2024,114,Bordeaux,Bouches-du-Rhône,REP+,CE1,Mathématiques,22,21,-13.32,0,55.02,51.52
2024,114,Bordeaux,Bouches-du-Rhône,REP+,CM1,Français,18,21,-13.32,1,73.59,75.6
2024,114,Bordeaux,Bouches-du-Rhône,REP+,CM1,Mathématiques,18,21,-13.32,1,77.89,59.19
2024,114,Bordeaux,Bouches-du-Rhône,REP+,CM2,Français,18,21,-13.32,1,76.56,71.81
2024,114,Bordeaux,Bouches-du-Rhône,REP+,CM2,Mathématiques,20,21,-13.32,0,71.1,61.68
2024,114,Bordeaux,Bouches-du-Rhône,REP+,6e,Français,20,21,-13.32,0,71.72,73.9
2024,114,Bordeaux,Bouches-du-Rhône,REP+,6e,Mathématiques,17,21,-13.32,1,78.71,63.64
2024,115,Nantes,Gironde,Hors EP,CP,Français,22,25,0.97,0,77.2,67.4
2024,115,Nantes,Gironde,Hors EP,CP,Mathématiques,21,25,0.97,0,73.4,67.51
2024,115,Nantes,Gironde,Hors EP,CE1,Français,19,25,0.97,0,77.35,71.7
2024,115,Nantes,Gironde,Hors EP,CE1,Mathématiques,21,25,0.97,0,67.99,58.86
2024,115,Nantes,Gironde,Hors EP,CM1,Français,25,25,0.97,0,81.69,67.9
2024,115,Nantes,Gironde,Hors EP,CM1,Mathématiques,17,25,0.97,0,83.16,65.73
2024,115,Nantes,Gironde,Hors EP,CM2,Français,22,25,0.97,0,90.34,74.61
2024,115,Nantes,Gironde,Hors EP,CM2,Mathématiques,19,25,0.97,0,96.69,77.22
2024,115,Nantes,Gironde,Hors EP,6e,Français,19,25,0.97,0,96.72,80.26
2024,115,Nantes,Gironde,Hors EP,6e,Mathématiques,22,25,0.97,0,96.3,84.76
2024,116,Paris,Hérault,Hors EP,CP,Français,24,21,-6.25,0,73.24,54.66
2024,116,Paris,Hérault,Hors EP,CP,Mathématiques,20,21,-6.25,0,74.25,69.28
2024,116,Paris,Hérault,Hors EP,CE1,Français,17,21,-6.25,0,83.33,70.31
2024,116,Paris,Hérault,Hors EP,CE1,Mathématiques,17,21,-6.25,0,80.39,70.43
2024,116,Paris,Hérault,Hors EP,CM1,Français,22,21,-6.25,0,84.37,75.39
2024,116,Paris,Hérault,Hors EP,CM1,Mathématiques,16,21,-6.25,0,91.13,73.08
2024,116,Paris,Hérault,Hors EP,CM2,Français,21,21,-6.25,0,91.33,77.79
2024,116,Paris,Hérault,Hors EP,CM2,Mathématiques,21,21,-6.25,0,77.52,64.85
2024,116,Paris,Hérault,Hors EP,6e,Français,21,21,-6.25,0,100.0,82.88
2024,116,Paris,Hérault,Hors EP,6e,Mathématiques,13,21,-6.25,0,93.42,78.23
2024,117,Lyon,Loire,Hors EP,CP,Français,25,24,11.56,0,70.54,66.57
2024,117,Lyon,Loire,Hors EP,CP,Mathématiques,23,24,11.56,0,71.15,60.73
2024,117,Lyon,Loire,Hors EP,CE1,Français,23,24,11.56,0,83.57,62.9
2024,117,Lyon,Loire,Hors EP,CE1,Mathématiques,27,24,11.56,0,73.68,63.15
2024,117,Lyon,Loire,Hors EP,CM1,Français,24,24,11.56,0,80.5,61.58
2024,117,Lyon,Loire,Hors EP,CM1,Mathématiques,22,24,11.56,0,74.86,59.14
2024,117,Lyon,Loire,Hors EP,CM2,Français,20,24,11.56,0,98.69,75.69
2024,117,Lyon,Loire,Hors EP,CM2,Mathématiques,24,24,11.56,0,91.61,81.55
2024,117,Lyon,Loire,Hors EP,6e,Français,23,24,11.56,0,94.18,79.94
2024,117,Lyon,Loire,Hors EP,6e,Mathématiques,29,24,11.56,0,88.95,78.82
2024,118,Lille,Maine-et-Loire,Hors EP,CP,Français,26,25,5.73,0,67.75,55.43
2024,118,Lille,Maine-et-Loire,Hors EP,CP,Mathématiques,24,25,5.73,0,74.86,70.07
2024,118,Lille,Maine-et-Loire,Hors EP,CE1,Français,28,25,5.73,0,74.24,68.17
2024,118,Lille,Maine-et-Loire,Hors EP,CE1,Mathématiques,26,25,5.73,0,72.6,62.76
2024,118,Lille,Maine-et-Loire,Hors EP,CM1,Français,21,25,5.73,0,85.9,72.89
2024,118,Lille,Maine-et-Loire,Hors EP,CM1,Mathématiques,28,25,5.73,0,82.84,72.06
2024,118,Lille,Maine-et-Loire,Hors EP,CM2,Français,30,25,5.73,0,84.34,77.52
2024,118,Lille,Maine-et-Loire,Hors EP,CM2,Mathématiques,25,25,5.73,0,79.86,67.18
2024,118,Lille,Maine-et-Loire,Hors EP,6e,Français,29,25,5.73,0,88.2,72.64
2024,118,Lille,Maine-et-Loire,Hors EP,6e,Mathématiques,25,25,5.73,0,88.24,80.97
2024,119,Bordeaux,Moselle,Hors EP,CP,Français,24,24,11.66,0,70.65,60.99
2024,119,Bordeaux,Moselle,Hors EP,CP,Mathématiques,25,24,11.66,0,72.47,55.32
2024,119,Bordeaux,Moselle,Hors EP,CE1,Français,23,24,11.66,0,76.18,71.22
2024,119,Bordeaux,Moselle,Hors EP,CE1,Mathématiques,22,24,11.66,0,75.32,63.74
2024,119,Bordeaux,Moselle,Hors EP,CM1,Français,26,24,11.66,0,87.16,76.74
2024,119,Bordeaux,Moselle,Hors EP,CM1,Mathématiques,27,24,11.66,0,84.46,63.38
2024,119,Bordeaux,Moselle,Hors EP,CM2,Français,25,24,11.66,0,87.04,67.9
2024,119,Bordeaux,Moselle,Hors EP,CM2,Mathématiques,23,24,11.66,0,90.79,84.01
2024,119,Bordeaux,Moselle,Hors EP,6e,Français,21,24,11.66,0,100.0,92.83
2024,119,Bordeaux,Moselle,Hors EP,6e,Mathématiques,29,24,11.66,0,71.56,74.55
2024,120,Nantes,Nord,REP,CP,Français,14,12,15.09,1,72.83,64.86
2024,120,Nantes,Nord,REP,CP,Mathématiques,14,12,15.09,1,69.8,61.83
2024,120,Nantes,Nord,REP,CE1,Français,15,12,15.09,1,76.26,60.07
2024,120,Nantes,Nord,REP,CE1,Mathématiques,12,12,15.09,1,72.41,61.22
2024,120,Nantes,Nord,REP,CM1,Français,12,12,15.09,1,86.47,78.14
2024,120,Nantes,Nord,REP,CM1,Mathématiques,12,12,15.09,1,79.48,68.11
2024,120,Nantes,Nord,REP,CM2,Français,12,12,15.09,1,94.84,75.05
2024,120,Nantes,Nord,REP,CM2,Mathématiques,12,12,15.09,1,83.98,77.14
2024,120,Nantes,Nord,REP,6e,Français,12,12,15.09,1,100.0,84.77
2024,120,Nantes,Nord,REP,6e,Mathématiques,16,12,15.09,1,90.95,72.13
2024,121,Paris,Paris,Hors EP,CP,Français,22,23,12.16,0,73.31,66.73
2024,121,Paris,Paris,Hors EP,CP,Mathématiques,22,23,12.16,0,79.8,71.43
2024,121,Paris,Paris,Hors EP,CE1,Français,22,23,12.16,0,83.58,71.65
2024,121,Paris,Paris,Hors EP,CE1,Mathématiques,22,23,12.16,0,82.98,65.58
2024,121,Paris,Paris,Hors EP,CM1,Français,20,23,12.16,0,86.37,72.37
2024,121,Paris,Paris,Hors EP,CM1,Mathématiques,25,23,12.16,0,74.39,65.44
2024,121,Paris,Paris,Hors EP,CM2,Français,21,23,12.16,0,100.0,87.42
2024,121,Paris,Paris,Hors EP,CM2,Mathématiques,23,23,12.16,0,91.92,70.91
2024,121,Paris,Paris,Hors EP,6e,Français,27,23,12.16,0,88.17,81.24
2024,121,Paris,Paris,Hors EP,6e,Mathématiques,23,23,12.16,0,93.75,84.83
2024,122,Lyon,Puy-de-Dôme,REP+,CP,Français,17,17,1.48,1,67.37,65.91
2024,122,Lyon,Puy-de-Dôme,REP+,CP,Mathématiques,18,17,1.48,1,63.61,54.98
2024,122,Lyon,Puy-de-Dôme,REP+,CE1,Français,18,17,1.48,1,62.15,53.27
2024,122,Lyon,Puy-de-Dôme,REP+,CE1,Mathématiques,19,17,1.48,0,60.86,56.28
2024,122,Lyon,Puy-de-Dôme,REP+,CM1,Français,18,17,1.48,1,77.44,71.07
2024,122,Lyon,Puy-de-Dôme,REP+,CM1,Mathématiques,16,17,1.48,1,68.35,63.42
2024,122,Lyon,Puy-de-Dôme,REP+,CM2,Français,22,17,1.48,0,64.03,57.9
2024,122,Lyon,Puy-de-Dôme,REP+,CM2,Mathématiques,16,17,1.48,1,88.64,70.47
2024,122,Lyon,Puy-de-Dôme,REP+,6e,Français,17,17,1.48,1,84.14,65.94
2024,122,Lyon,Puy-de-Dôme,REP+,6e,Mathématiques,14,17,1.48,1,85.33,76.57
2024,123,Lille,Saône-et-Loire,Hors EP,CP,Français,26,33,-15.1,0,69.55,60.04
2024,123,Lille,Saône-et-Loire,Hors EP,CP,Mathématiques,27,33,-15.1,0,67.87,68.44
2024,123,Lille,Saône-et-Loire,Hors EP,CE1,Français,30,33,-15.1,0,70.24,62.36
2024,123,Lille,Saône-et-Loire,Hors EP,CE1,Mathématiques,31,33,-15.1,0,74.57,68.9
2024,123,Lille,Saône-et-Loire,Hors EP,CM1,Français,27,33,-15.1,0,79.85,72.2
2024,123,Lille,Saône-et-Loire,Hors EP,CM1,Mathématiques,27,33,-15.1,0,79.58,70.44
2024,123,Lille,Saône-et-Loire,Hors EP,CM2,Français,31,33,-15.1,0,75.69,57.76
2024,123,Lille,Saône-et-Loire,Hors EP,CM2,Mathématiques,27,33,-15.1,0,80.79,60.94
2024,123,Lille,Saône-et-Loire,Hors EP,6e,Français,26,33,-15.1,0,95.36,82.51
2024,123,Lille,Saône-et-Loire,Hors EP,6e,Mathématiques,28,33,-15.1,0,80.04,75.68
2024,124,Bordeaux,Ain,Hors EP,CP,Français,28,22,2.06,0,72.43,65.95
2024,124,Bordeaux,Ain,Hors EP,CP,Mathématiques,24,22,2.06,0,72.39,63.18
2024,124,Bordeaux,Ain,Hors EP,CE1,Français,24,22,2.06,0,75.91,64.12
2024,124,Bordeaux,Ain,Hors EP,CE1,Mathématiques,22,22,2.06,0,75.03,64.33
2024,124,Bordeaux,Ain,Hors EP,CM1,Français,29,22,2.06,0,83.41,71.05
2024,124,Bordeaux,Ain,Hors EP,CM1,Mathématiques,23,22,2.06,0,84.11,81.91
2024,124,Bordeaux,Ain,Hors EP,CM2,Français,26,22,2.06,0,78.91,72.97
2024,124,Bordeaux,Ain,Hors EP,CM2,Mathématiques,27,22,2.06,0,92.64,76.76
2024,124,Bordeaux,Ain,Hors EP,6e,Français,24,22,2.06,0,95.47,76.1
2024,124,Bordeaux,Ain,Hors EP,6e,Mathématiques,22,22,2.06,0,94.04,71.23
2024,125,Nantes,Bas-Rhin,Hors EP,CP,Français,27,25,15.0,0,72.35,70.64
2024,125,Nantes,Bas-Rhin,Hors EP,CP,Mathématiques,25,25,15.0,0,69.6,62.01
2024,125,Nantes,Bas-Rhin,Hors EP,CE1,Français,27,25,15.0,0,76.0,59.25
2024,125,Nantes,Bas-Rhin,Hors EP,CE1,Mathématiques,25,25,15.0,0,74.96,66.55
2024,125,Nantes,Bas-Rhin,Hors EP,CM1,Français,25,25,15.0,0,86.37,65.68
2024,125,Nantes,Bas-Rhin,Hors EP,CM1,Mathématiques,27,25,15.0,0,87.37,71.38
2024,125,Nantes,Bas-Rhin,Hors EP,CM2,Français,26,25,15.0,0,87.09,73.07
2024,125,Nantes,Bas-Rhin,Hors EP,CM2,Mathématiques,23,25,15.0,0,96.86,82.79
2024,125,Nantes,Bas-Rhin,Hors EP,6e,Français,24,25,15.0,0,91.47,77.51
2024,125,Nantes,Bas-Rhin,Hors EP,6e,Mathématiques,21,25,15.0,0,99.44,80.05
2024,126,Paris,Bouches-du-Rhône,Hors EP,CP,Français,27,30,5.91,0,75.8,64.89
2024,126,Paris,Bouches-du-Rhône,Hors EP,CP,Mathématiques,30,30,5.91,0,67.1,60.49
2024,126,Paris,Bouches-du-Rhône,Hors EP,CE1,Français,23,30,5.91,0,77.88,69.97
2024,126,Paris,Bouches-du-Rhône,Hors EP,CE1,Mathématiques,25,30,5.91,0,82.23,68.97
2024,126,Paris,Bouches-du-Rhône,Hors EP,CM1,Français,27,30,5.91,0,76.14,77.69
2024,126,Paris,Bouches-du-Rhône,Hors EP,CM1,Mathématiques,22,30,5.91,0,92.04,76.91
2024,126,Paris,Bouches-du-Rhône,Hors EP,CM2,Français,19,30,5.91,0,99.49,83.07
2024,126,Paris,Bouches-du-Rhône,Hors EP,CM2,Mathématiques,24,30,5.91,0,88.8,78.7
2024,126,Paris,Bouches-du-Rhône,Hors EP,6e,Français,26,30,5.91,0,97.22,82.37
2024,126,Paris,Bouches-du-Rhône,Hors EP,6e,Mathématiques,27,30,5.91,0,85.86,77.21
2024,127,Lyon,Gironde,REP,CP,Français,19,17,-3.31,0,56.76,59.07
2024,127,Lyon,Gironde,REP,CP,Mathématiques,15,17,-3.31,1,59.11,49.16
2024,127,Lyon,Gironde,REP,CE1,Français,16,17,-3.31,1,79.2,68.19
2024,127,Lyon,Gironde,REP,CE1,Mathématiques,14,17,-3.31,1,70.7,57.11
2024,127,Lyon,Gironde,REP,CM1,Français,18,17,-3.31,1,82.8,74.37
2024,127,Lyon,Gironde,REP,CM1,Mathématiques,13,17,-3.31,1,77.8,78.05
2024,127,Lyon,Gironde,REP,CM2,Français,19,17,-3.31,0,76.97,62.4
2024,127,Lyon,Gironde,REP,CM2,Mathématiques,20,17,-3.31,0,81.3,64.54
2024,127,Lyon,Gironde,REP,6e,Français,14,17,-3.31,1,94.46,81.09
2024,127,Lyon,Gironde,REP,6e,Mathématiques,18,17,-3.31,1,98.5,77.12
2024,128,Lille,Hérault,Hors EP,CP,Français,24,26,-7.77,0,70.2,71.25
2024,128,Lille,Hérault,Hors EP,CP,Mathématiques,24,26,-7.77,0,67.81,64.99
2024,128,Lille,Hérault,Hors EP,CE1,Français,23,26,-7.77,0,78.33,58.77
2024,128,Lille,Hérault,Hors EP,CE1,Mathématiques,26,26,-7.77,0,71.7,64.58
2024,128,Lille,Hérault,Hors EP,CM1,Français,24,26,-7.77,0,83.29,71.44
2024,128,Lille,Hérault,Hors EP,CM1,Mathématiques,29,26,-7.77,0,77.64,60.55
2024,128,Lille,Hérault,Hors EP,CM2,Français,24,26,-7.77,0,84.49,73.36
2024,128,Lille,Hérault,Hors EP,CM2,Mathématiques,26,26,-7.77,0,81.69,84.64
2024,128,Lille,Hérault,Hors EP,6e,Français,25,26,-7.77,0,97.63,80.65
2024,128,Lille,Hérault,Hors EP,6e,Mathématiques,21,26,-7.77,0,92.83,83.72
2024,129,Bordeaux,Loire,REP,CP,Français,23,22,-5.94,0,57.43,50.85
2024,129,Bordeaux,Loire,REP,CP,Mathématiques,22,22,-5.94,0,55.94,59.44
2024,129,Bordeaux,Loire,REP,CE1,Français,22,22,-5.94,0,60.79,50.61
2024,129,Bordeaux,Loire,REP,CE1,Mathématiques,20,22,-5.94,0,73.61,63.87
2024,129,Bordeaux,Loire,REP,CM1,Français,23,22,-5.94,0,63.51,52.77
2024,129,Bordeaux,Loire,REP,CM1,Mathématiques,21,22,-5.94,0,75.84,60.12
2024,129,Bordeaux,Loire,REP,CM2,Français,19,22,-5.94,0,82.05,78.75
2024,129,Bordeaux,Loire,REP,CM2,Mathématiques,22,22,-5.94,0,75.33,61.74
2024,129,Bordeaux,Loire,REP,6e,Français,18,22,-5.94,1,87.73,70.29
2024,129,Bordeaux,Loire,REP,6e,Mathématiques,22,22,-5.94,0,71.8,65.08
2024,130,Nantes,Maine-et-Loire,REP+,CP,Français,19,15,-11.51,0,58.06,49.53
2024,130,Nantes,Maine-et-Loire,REP+,CP,Mathématiques,18,15,-11.51,1,56.23,59.7
2024,130,Nantes,Maine-et-Loire,REP+,CE1,Français,16,15,-11.51,1,61.11,50.08
2024,130,Nantes,Maine-et-Loire,REP+,CE1,Mathématiques,14,15,-11.51,1,69.12,61.15
2024,130,Nantes,Maine-et-Loire,REP+,CM1,Français,15,15,-11.51,1,74.4,55.62
2024,130,Nantes,Maine-et-Loire,REP+,CM1,Mathématiques,17,15,-11.51,1,77.25,71.48
2024,130,Nantes,Maine-et-Loire,REP+,CM2,Français,14,15,-11.51,1,75.24,60.75
2024,130,Nantes,Maine-et-Loire,REP+,CM2,Mathématiques,12,15,-11.51,1,86.41,73.36
2024,130,Nantes,Maine-et-Loire,REP+,6e,Français,17,15,-11.51,1,88.04,75.58
2024,130,Nantes,Maine-et-Loire,REP+,6e,Mathématiques,13,15,-11.51,1,83.55,66.4
2024,131,Paris,Moselle,REP,CP,Français,20,20,-5.25,0,51.22,61.48
2024,131,Paris,Moselle,REP,CP,Mathématiques,15,20,-5.25,1,69.41,64.27
2024,131,Paris,Moselle,REP,CE1,Français,18,20,-5.25,1,80.77,72.97
2024,131,Paris,Moselle,REP,CE1,Mathématiques,22,20,-5.25,0,64.66,58.38
2024,131,Paris,Moselle,REP,CM1,Français,16,20,-5.25,1,80.36,76.11
2024,131,Paris,Moselle,REP,CM1,Mathématiques,21,20,-5.25,0,72.79,48.67
2024,131,Paris,Moselle,REP,CM2,Français,12,20,-5.25,1,87.94,73.96
2024,131,Paris,Moselle,REP,CM2,Mathématiques,17,20,-5.25,1,90.6,82.62
2024,131,Paris,Moselle,REP,6e,Français,17,20,-5.25,1,86.11,67.41
2024,131,Paris,Moselle,REP,6e,Mathématiques,17,20,-5.25,1,91.85,71.37
2024,132,Lyon,Nord,Hors EP,CP,Français,22,20,-10.5,0,80.59,61.83
2024,132,Lyon,Nord,Hors EP,CP,Mathématiques,15,20,-10.5,0,77.76,65.68
2024,132,Lyon,Nord,Hors EP,CE1,Français,22,20,-10.5,0,81.09,74.72
2024,132,Lyon,Nord,Hors EP,CE1,Mathématiques,17,20,-10.5,0,80.34,79.71
2024,132,Lyon,Nord,Hors EP,CM1,Français,19,20,-10.5,0,86.24,71.46
2024,132,Lyon,Nord,Hors EP,CM1,Mathématiques,15,20,-10.5,0,79.39,64.53
2024,132,Lyon,Nord,Hors EP,CM2,Français,15,20,-10.5,0,85.39,60.83
2024,132,Lyon,Nord,Hors EP,CM2,Mathématiques,17,20,-10.5,0,92.38,76.23
2024,132,Lyon,Nord,Hors EP,6e,Français,18,20,-10.5,0,100.0,91.44
2024,132,Lyon,Nord,Hors EP,6e,Mathématiques,25,20,-10.5,0,88.69,73.9
2024,133,Lille,Paris,REP,CP,Français,22,26,-1.83,0,56.54,41.79
2024,133,Lille,Paris,REP,CP,Mathématiques,20,26,-1.83,0,66.14,67.03
2024,133,Lille,Paris,REP,CE1,Français,24,26,-1.83,0,60.76,52.36
2024,133,Lille,Paris,REP,CE1,Mathématiques,26,26,-1.83,0,53.31,51.45
2024,133,Lille,Paris,REP,CM1,Français,26,26,-1.83,0,67.74,59.59
2024,133,Lille,Paris,REP,CM1,Mathématiques,25,26,-1.83,0,65.4,60.46
2024,133,Lille,Paris,REP,CM2,Français,26,26,-1.83,0,60.73,58.09
2024,133,Lille,Paris,REP,CM2,Mathématiques,20,26,-1.83,0,73.65,65.65
2024,133,Lille,Paris,REP,6e,Français,20,26,-1.83,0,83.61,73.78
2024,133,Lille,Paris,REP,6e,Mathématiques,23,26,-1.83,0,77.38,67.03
2024,134,Bordeaux,Puy-de-Dôme,REP,CP,Français,20,22,15.24,0,62.81,59.69
2024,134,Bordeaux,Puy-de-Dôme,REP,CP,Mathématiques,20,22,15.24,0,67.22,65.18
2024,134,Bordeaux,Puy-de-Dôme,REP,CE1,Français,20,22,15.24,0,72.85,65.72
2024,134,Bordeaux,Puy-de-Dôme,REP,CE1,Mathématiques,17,22,15.24,1,80.43,60.19
2024,134,Bordeaux,Puy-de-Dôme,REP,CM1,Français,12,22,15.24,1,88.57,77.45
2024,134,Bordeaux,Puy-de-Dôme,REP,CM1,Mathématiques,21,22,15.24,0,76.98,67.22
2024,134,Bordeaux,Puy-de-Dôme,REP,CM2,Français,19,22,15.24,0,84.11,68.63
2024,134,Bordeaux,Puy-de-Dôme,REP,CM2,Mathématiques,19,22,15.24,0,78.67,70.16
2024,134,Bordeaux,Puy-de-Dôme,REP,6e,Français,19,22,15.24,0,83.32,66.06
2024,134,Bordeaux,Puy-de-Dôme,REP,6e,Mathématiques,18,22,15.24,1,100.0,81.67
2024,135,Nantes,Saône-et-Loire,REP,CP,Français,13,17,-10.34,1,72.08,59.55
2024,135,Nantes,Saône-et-Loire,REP,CP,Mathématiques,17,17,-10.34,1,62.56,63.22
2024,135,Nantes,Saône-et-Loire,REP,CE1,Français,18,17,-10.34,1,75.83,58.28
2024,135,Nantes,Saône-et-Loire,REP,CE1,Mathématiques,14,17,-10.34,1,73.64,59.02
2024,135,Nantes,Saône-et-Loire,REP,CM1,Français,13,17,-10.34,1,87.08,74.99
2024,135,Nantes,Saône-et-Loire,REP,CM1,Mathématiques,16,17,-10.34,1,81.73,69.76
2024,135,Nantes,Saône-et-Loire,REP,CM2,Français,16,17,-10.34,1,89.41,79.84
2024,135,Nantes,Saône-et-Loire,REP,CM2,Mathématiques,17,17,-10.34,1,90.93,76.96
2024,135,Nantes,Saône-et-Loire,REP,6e,Français,13,17,-10.34,1,97.26,79.91
2024,135,Nantes,Saône-et-Loire,REP,6e,Mathématiques,14,17,-10.34,1,92.57,79.8
2024,136,Paris,Ain,REP,CP,Français,21,22,3.88,0,54.85,62.56
2024,136,Paris,Ain,REP,CP,Mathématiques,21,22,3.88,0,53.03,51.61
2024,136,Paris,Ain,REP,CE1,Français,25,22,3.88,0,68.33,58.1
2024,136,Paris,Ain,REP,CE1,Mathématiques,22,22,3.88,0,62.47,62.36
2024,136,Paris,Ain,REP,CM1,Français,23,22,3.88,0,71.78,68.39
2024,136,Paris,Ain,REP,CM1,Mathématiques,19,22,3.88,0,73.06,65.79
2024,136,Paris,Ain,REP,CM2,Français,22,22,3.88,0,75.34,66.9
2024,136,Paris,Ain,REP,CM2,Mathématiques,21,22,3.88,0,86.64,80.71
2024,136,Paris,Ain,REP,6e,Français,25,22,3.88,0,76.38,62.15
2024,136,Paris,Ain,REP,6e,Mathématiques,21,22,3.88,0,79.88,62.08
2024,137,Lyon,Bas-Rhin,Hors EP,CP,Français,30,29,-10.8,0,68.19,57.04
2024,137,Lyon,Bas-Rhin,Hors EP,CP,Mathématiques,29,29,-10.8,0,61.73,55.8
2024,137,Lyon,Bas-Rhin,Hors EP,CE1,Français,24,29,-10.8,0,75.98,71.76
2024,137,Lyon,Bas-Rhin,Hors EP,CE1,Mathématiques,26,29,-10.8,0,74.01,65.08
2024,137,Lyon,Bas-Rhin,Hors EP,CM1,Français,30,29,-10.8,0,74.42,73.38
2024,137,Lyon,Bas-Rhin,Hors EP,CM1,Mathématiques,29,29,-10.8,0,75.5,67.74
2024,137,Lyon,Bas-Rhin,Hors EP,CM2,Français,26,29,-10.8,0,82.72,72.56
2024,137,Lyon,Bas-Rhin,Hors EP,CM2,Mathématiques,24,29,-10.8,0,81.2,65.53
2024,137,Lyon,Bas-Rhin,Hors EP,6e,Français,28,29,-10.8,0,90.95,83.18
2024,137,Lyon,Bas-Rhin,Hors EP,6e,Mathématiques,26,29,-10.8,0,83.47,64.41
2024,138,Lille,Bouches-du-Rhône,REP+,CP,Français,21,19,0.32,0,55.08,57.44
2024,138,Lille,Bouches-du-Rhône,REP+,CP,Mathématiques,26,19,0.32,0,48.68,50.92
2024,138,Lille,Bouches-du-Rhône,REP+,CE1,Français,20,19,0.32,0,58.35,54.07
2024,138,Lille,Bouches-du-Rhône,REP+,CE1,Mathématiques,20,19,0.32,0,56.41,56.48
2024,138,Lille,Bouches-du-Rhône,REP+,CM1,Français,21,19,0.32,0,62.68,58.25
2024,138,Lille,Bouches-du-Rhône,REP+,CM1,Mathématiques,19,19,0.32,0,66.35,58.05
2024,138,Lille,Bouches-du-Rhône,REP+,CM2,Français,18,19,0.32,1,82.72,73.8
2024,138,Lille,Bouches-du-Rhône,REP+,CM2,Mathématiques,19,19,0.32,0,70.54,66.14
2024,138,Lille,Bouches-du-Rhône,REP+,6e,Français,26,19,0.32,0,68.38,61.23
2024,138,Lille,Bouches-du-Rhône,REP+,6e,Mathématiques,19,19,0.32,0,74.96,65.95
2024,139,Bordeaux,Gironde,Hors EP,CP,Français,18,27,-2.85,0,81.08,61.4
2024,139,Bordeaux,Gironde,Hors EP,CP,Mathématiques,23,27,-2.85,0,70.11,62.63
2024,139,Bordeaux,Gironde,Hors EP,CE1,Français,23,27,-2.85,0,77.93,69.81
2024,139,Bordeaux,Gironde,Hors EP,CE1,Mathématiques,23,27,-2.85,0,86.53,72.13
2024,139,Bordeaux,Gironde,Hors EP,CM1,Français,20,27,-2.85,0,80.11,72.77
2024,139,Bordeaux,Gironde,Hors EP,CM1,Mathématiques,19,27,-2.85,0,78.91,61.89
2024,139,Bordeaux,Gironde,Hors EP,CM2,Français,24,27,-2.85,0,93.85,74.1
2024,139,Bordeaux,Gironde,Hors EP,CM2,Mathématiques,24,27,-2.85,0,72.99,60.91
2024,139,Bordeaux,Gironde,Hors EP,6e,Français,25,27,-2.85,0,90.55,81.55
2024,139,Bordeaux,Gironde,Hors EP,6e,Mathématiques,17,27,-2.85,0,91.95,79.79
2024,140,Nantes,Hérault,Hors EP,CP,Français,24,30,-13.73,0,81.98,64.45
2024,140,Nantes,Hérault,Hors EP,CP,Mathématiques,22,30,-13.73,0,73.41,59.62
2024,140,Nantes,Hérault,Hors EP,CE1,Français,30,30,-13.73,0,82.46,69.87
2024,140,Nantes,Hérault,Hors EP,CE1,Mathématiques,27,30,-13.73,0,61.64,62.07
2024,140,Nantes,Hérault,Hors EP,CM1,Français,20,30,-13.73,0,79.12,69.4
2024,140,Nantes,Hérault,Hors EP,CM1,Mathématiques,27,30,-13.73,0,69.17,59.33
2024,140,Nantes,Hérault,Hors EP,CM2,Français,22,30,-13.73,0,86.93,70.11
2024,140,Nantes,Hérault,Hors EP,CM2,Mathématiques,24,30,-13.73,0,86.48,75.22
2024,140,Nantes,Hérault,Hors EP,6e,Français,27,30,-13.73,0,88.27,78.61
2024,140,Nantes,Hérault,Hors EP,6e,Mathématiques,26,30,-13.73,0,84.54,75.34
2024,141,Paris,Loire,Hors EP,CP,Français,22,24,11.69,0,80.33,63.23
2024,141,Paris,Loire,Hors EP,CP,Mathématiques,22,24,11.69,0,70.02,62.6
2024,141,Paris,Loire,Hors EP,CE1,Français,25,24,11.69,0,80.2,71.64
2024,141,Paris,Loire,Hors EP,CE1,Mathématiques,23,24,11.69,0,75.79,72.54
2024,141,Paris,Loire,Hors EP,CM1,Français,19,24,11.69,0,86.1,75.61
2024,141,Paris,Loire,Hors EP,CM1,Mathématiques,27,24,11.69,0,77.35,66.29
2024,141,Paris,Loire,Hors EP,CM2,Français,20,24,11.69,0,90.77,80.26
2024,141,Paris,Loire,Hors EP,CM2,Mathématiques,27,24,11.69,0,82.58,67.16
2024,141,Paris,Loire,Hors EP,6e,Français,23,24,11.69,0,88.24,81.18
2024,141,Paris,Loire,Hors EP,6e,Mathématiques,20,24,11.69,0,96.61,82.19
2024,142,Lyon,Maine-et-Loire,Hors EP,CP,Français,27,25,5.14,0,79.2,63.34
2024,142,Lyon,Maine-et-Loire,Hors EP,CP,Mathématiques,20,25,5.14,0,67.46,51.8
2024,142,Lyon,Maine-et-Loire,Hors EP,CE1,Français,22,25,5.14,0,73.65,63.0
2024,142,Lyon,Maine-et-Loire,Hors EP,CE1,Mathématiques,27,25,5.14,0,74.94,62.85
2024,142,Lyon,Maine-et-Loire,Hors EP,CM1,Français,24,25,5.14,0,92.87,81.12
2024,142,Lyon,Maine-et-Loire,Hors EP,CM1,Mathématiques,25,25,5.14,0,80.46,68.27
2024,142,Lyon,Maine-et-Loire,Hors EP,CM2,Français,30,25,5.14,0,82.56,71.89
2024,142,Lyon,Maine-et-Loire,Hors EP,CM2,Mathématiques,21,25,5.14,0,85.65,70.49
2024,142,Lyon,Maine-et-Loire,Hors EP,6e,Français,26,25,5.14,0,88.53,75.44
2024,142,Lyon,Maine-et-Loire,Hors EP,6e,Mathématiques,23,25,5.14,0,86.76,68.29
2024,143,Lille,Moselle,Hors EP,CP,Français,24,22,-9.99,0,70.55,57.76
2024,143,Lille,Moselle,Hors EP,CP,Mathématiques,24,22,-9.99,0,77.15,66.71
2024,143,Lille,Moselle,Hors EP,CE1,Français,20,22,-9.99,0,86.21,79.91
2024,143,Lille,Moselle,Hors EP,CE1,Mathématiques,28,22,-9.99,0,69.21,58.15
2024,143,Lille,Moselle,Hors EP,CM1,Français,22,22,-9.99,0,88.94,83.51
2024,143,Lille,Moselle,Hors EP,CM1,Mathématiques,22,22,-9.99,0,69.46,62.14
2024,143,Lille,Moselle,Hors EP,CM2,Français,22,22,-9.99,0,85.62,72.03
2024,143,Lille,Moselle,Hors EP,CM2,Mathématiques,25,22,-9.99,0,79.59,69.8
2024,143,Lille,Moselle,Hors EP,6e,Français,24,22,-9.99,0,81.63,73.23
2024,143,Lille,Moselle,Hors EP,6e,Mathématiques,23,22,-9.99,0,84.21,68.64
2024,144,Bordeaux,Nord,REP,CP,Français,17,23,5.24,1,60.93,57.04
2024,144,Bordeaux,Nord,REP,CP,Mathématiques,22,23,5.24,0,57.72,57.55
2024,144,Bordeaux,Nord,REP,CE1,Français,17,23,5.24,1,76.67,62.53
2024,144,Bordeaux,Nord,REP,CE1,Mathématiques,22,23,5.24,0,58.53,65.1
2024,144,Bordeaux,Nord,REP,CM1,Français,19,23,5.24,0,77.92,65.54
2024,144,Bordeaux,Nord,REP,CM1,Mathématiques,23,23,5.24,0,73.58,63.41
2024,144,Bordeaux,Nord,REP,CM2,Français,21,23,5.24,0,83.26,73.14
2024,144,Bordeaux,Nord,REP,CM2,Mathématiques,18,23,5.24,1,86.54,70.11
2024,144,Bordeaux,Nord,REP,6e,Français,20,23,5.24,0,79.89,71.19
2024,144,Bordeaux,Nord,REP,6e,Mathématiques,16,23,5.24,1,86.18,69.64
2024,145,Nantes,Paris,Hors EP,CP,Français,21,20,9.34,0,65.62,56.69
2024,145,Nantes,Paris,Hors EP,CP,Mathématiques,22,20,9.34,0,74.86,67.94
2024,145,Nantes,Paris,Hors EP,CE1,Français,20,20,9.34,0,77.61,68.84
2024,145,Nantes,Paris,Hors EP,CE1,Mathématiques,20,20,9.34,0,79.4,67.03
2024,145,Nantes,Paris,Hors EP,CM1,Français,19,20,9.34,0,83.69,74.98
2024,145,Nantes,Paris,Hors EP,CM1,Mathématiques,15,20,9.34,0,83.05,74.88
2024,145,Nantes,Paris,Hors EP,CM2,Français,20,20,9.34,0,90.74,68.14
2024,145,Nantes,Paris,Hors EP,CM2,Mathématiques,19,20,9.34,0,87.98,77.23
2024,145,Nantes,Paris,Hors EP,6e,Français,18,20,9.34,0,91.84,70.53
2024,145,Nantes,Paris,Hors EP,6e,Mathématiques,18,20,9.34,0,97.21,75.28
2024,146,Paris,Puy-de-Dôme,REP,CP,Français,21,24,3.32,0,59.5,58.16
2024,146,Paris,Puy-de-Dôme,REP,CP,Mathématiques,21,24,3.32,0,63.44,63.0
2024,146,Paris,Puy-de-Dôme,REP,CE1,Français,23,24,3.32,0,62.26,55.23
2024,146,Paris,Puy-de-Dôme,REP,CE1,Mathématiques,18,24,3.32,1,74.76,65.42
2024,146,Paris,Puy-de-Dôme,REP,CM1,Français,19,24,3.32,0,84.74,75.4
2024,146,Paris,Puy-de-Dôme,REP,CM1,Mathématiques,20,24,3.32,0,79.44,66.54
2024,146,Paris,Puy-de-Dôme,REP,CM2,Français,24,24,3.32,0,74.99,63.69
2024,146,Paris,Puy-de-Dôme,REP,CM2,Mathématiques,21,24,3.32,0,80.76,74.3
2024,146,Paris,Puy-de-Dôme,REP,6e,Français,22,24,3.32,0,72.17,65.6
2024,146,Paris,Puy-de-Dôme,REP,6e,Mathématiques,19,24,3.32,0,83.52,68.22
2024,147,Lyon,Saône-et-Loire,REP,CP,Français,20,19,-21.2,0,61.8,56.66
2024,147,Lyon,Saône-et-Loire,REP,CP,Mathématiques,17,19,-21.2,1,70.25,60.57
2024,147,Lyon,Saône-et-Loire,REP,CE1,Français,17,19,-21.2,1,75.34,74.83
2024,147,Lyon,Saône-et-Loire,REP,CE1,Mathématiques,14,19,-21.2,1,74.31,64.82
2024,147,Lyon,Saône-et-Loire,REP,CM1,Français,17,19,-21.2,1,74.19,56.67
2024,147,Lyon,Saône-et-Loire,REP,CM1,Mathématiques,19,19,-21.2,0,62.44,62.54
2024,147,Lyon,Saône-et-Loire,REP,CM2,Français,15,19,-21.2,1,88.54,72.32
2024,147,Lyon,Saône-et-Loire,REP,CM2,Mathématiques,16,19,-21.2,1,78.94,70.87
2024,147,Lyon,Saône-et-Loire,REP,6e,Français,20,19,-21.2,0,78.84,71.56
2024,147,Lyon,Saône-et-Loire,REP,6e,Mathématiques,18,19,-21.2,1,82.05,72.69
2024,148,Lille,Ain,Hors EP,CP,Français,13,16,-20.32,0,75.04,65.65
2024,148,Lille,Ain,Hors EP,CP,Mathématiques,14,16,-20.32,0,75.53,65.79
2024,148,Lille,Ain,Hors EP,CE1,Français,15,16,-20.32,0,80.36,75.67
2024,148,Lille,Ain,Hors EP,CE1,Mathématiques,12,16,-20.32,0,83.01,68.36
2024,148,Lille,Ain,Hors EP,CM1,Français,14,16,-20.32,0,84.35,67.93
2024,148,Lille,Ain,Hors EP,CM1,Mathématiques,13,16,-20.32,0,86.97,74.94
2024,148,Lille,Ain,Hors EP,CM2,Français,12,16,-20.32,0,94.19,81.69
2024,148,Lille,Ain,Hors EP,CM2,Mathématiques,12,16,-20.32,0,88.97,78.6
2024,148,Lille,Ain,Hors EP,6e,Français,12,16,-20.32,0,97.45,77.89
2024,148,Lille,Ain,Hors EP,6e,Mathématiques,17,16,-20.32,0,88.96,80.7
2024,149,Bordeaux,Bas-Rhin,Hors EP,CP,Français,20,26,10.49,0,82.83,72.39
2024,149,Bordeaux,Bas-Rhin,Hors EP,CP,Mathématiques,19,26,10.49,0,76.08,66.97
2024,149,Bordeaux,Bas-Rhin,Hors EP,CE1,Français,18,26,10.49,0,83.9,74.76
2024,149,Bordeaux,Bas-Rhin,Hors EP,CE1,Mathématiques,25,26,10.49,0,79.44,80.96
2024,149,Bordeaux,Bas-Rhin,Hors EP,CM1,Français,22,26,10.49,0,88.75,72.32
2024,149,Bordeaux,Bas-Rhin,Hors EP,CM1,Mathématiques,27,26,10.49,0,74.75,75.03
2024,149,Bordeaux,Bas-Rhin,Hors EP,CM2,Français,26,26,10.49,0,84.13,77.39
2024,149,Bordeaux,Bas-Rhin,Hors EP,CM2,Mathématiques,23,26,10.49,0,85.5,72.46
2024,149,Bordeaux,Bas-Rhin,Hors EP,6e,Français,23,26,10.49,0,96.98,88.42
2024,149,Bordeaux,Bas-Rhin,Hors EP,6e,Mathématiques,23,26,10.49,0,88.89,79.17
2024,150,Nantes,Bouches-du-Rhône,REP+,CP,Français,15,17,-2.65,1,68.24,70.26
2024,150,Nantes,Bouches-du-Rhône,REP+,CP,Mathématiques,17,17,-2.65,1,60.66,52.75
2024,150,Nantes,Bouches-du-Rhône,REP+,CE1,Français,18,17,-2.65,1,68.41,59.0
2024,150,Nantes,Bouches-du-Rhône,REP+,CE1,Mathématiques,18,17,-2.65,1,71.54,58.85
2024,150,Nantes,Bouches-du-Rhône,REP+,CM1,Français,12,17,-2.65,1,74.84,60.19
2024,150,Nantes,Bouches-du-Rhône,REP+,CM1,Mathématiques,13,17,-2.65,1,67.6,66.2
2024,150,Nantes,Bouches-du-Rhône,REP+,CM2,Français,18,17,-2.65,1,91.34,73.9
2024,150,Nantes,Bouches-du-Rhône,REP+,CM2,Mathématiques,19,17,-2.65,0,69.6,59.55
2024,150,Nantes,Bouches-du-Rhône,REP+,6e,Français,16,17,-2.65,1,82.76,72.57
2024,150,Nantes,Bouches-du-Rhône,REP+,6e,Mathématiques,18,17,-2.65,1,80.62,74.07
2024,151,Paris,Gironde,REP,CP,Français,26,29,-0.59,0,52.44,44.11
2024,151,Paris,Gironde,REP,CP,Mathématiques,24,29,-0.59,0,54.27,51.04
2024,151,Paris,Gironde,REP,CE1,Français,23,29,-0.59,0,73.75,62.84
2024,151,Paris,Gironde,REP,CE1,Mathématiques,25,29,-0.59,0,61.56,48.42
2024,151,Paris,Gironde,REP,CM1,Français,28,29,-0.59,0,68.35,62.26
2024,151,Paris,Gironde,REP,CM1,Mathématiques,27,29,-0.59,0,63.21,62.4
2024,151,Paris,Gironde,REP,CM2,Français,19,29,-0.59,0,82.31,71.89
2024,151,Paris,Gironde,REP,CM2,Mathématiques,24,29,-0.59,0,67.34,59.7
2024,151,Paris,Gironde,REP,6e,Français,23,29,-0.59,0,74.9,67.73
2024,151,Paris,Gironde,REP,6e,Mathématiques,28,29,-0.59,0,66.13,62.42
2024,152,Lyon,Hérault,REP,CP,Français,18,16,1.08,1,68.64,67.13
2024,152,Lyon,Hérault,REP,CP,Mathématiques,18,16,1.08,1,73.4,70.99
2024,152,Lyon,Hérault,REP,CE1,Français,13,16,1.08,1,80.57,68.96
2024,152,Lyon,Hérault,REP,CE1,Mathématiques,21,16,1.08,0,59.42,60.08
2024,152,Lyon,Hérault,REP,CM1,Français,15,16,1.08,1,85.54,74.59
2024,152,Lyon,Hérault,REP,CM1,Mathématiques,18,16,1.08,1,76.09,64.89
2024,152,Lyon,Hérault,REP,CM2,Français,20,16,1.08,0,84.62,82.32
2024,152,Lyon,Hérault,REP,CM2,Mathématiques,19,16,1.08,0,76.96,69.58
2024,152,Lyon,Hérault,REP,6e,Français,23,16,1.08,0,82.57,71.59
2024,152,Lyon,Hérault,REP,6e,Mathématiques,17,16,1.08,1,90.01,78.14
2024,153,Lille,Loire,REP+,CP,Français,16,15,-5.42,1,67.98,62.54
2024,153,Lille,Loire,REP+,CP,Mathématiques,16,15,-5.42,1,62.48,38.52
2024,153,Lille,Loire,REP+,CE1,Français,13,15,-5.42,1,72.13,59.86
2024,153,Lille,Loire,REP+,CE1,Mathématiques,17,15,-5.42,1,70.05,61.31
2024,153,Lille,Loire,REP+,CM1,Français,14,15,-5.42,1,74.99,65.77
2024,153,Lille,Loire,REP+,CM1,Mathématiques,17,15,-5.42,1,61.41,53.09
2024,153,Lille,Loire,REP+,CM2,Français,12,15,-5.42,1,68.62,59.19
2024,153,Lille,Loire,REP+,CM2,Mathématiques,12,15,-5.42,1,75.21,63.7
2024,153,Lille,Loire,REP+,6e,Français,16,15,-5.42,1,83.82,63.54
2024,153,Lille,Loire,REP+,6e,Mathématiques,16,15,-5.42,1,92.84,83.51
2024,154,Bordeaux,Maine-et-Loire,REP+,CP,Français,17,16,-6.72,1,59.68,56.69
2024,154,Bordeaux,Maine-et-Loire,REP+,CP,Mathématiques,14,16,-6.72,1,54.08,48.38
2024,154,Bordeaux,Maine-et-Loire,REP+,CE1,Français,19,16,-6.72,0,59.52,37.71
2024,154,Bordeaux,Maine-et-Loire,REP+,CE1,Mathématiques,14,16,-6.72,1,69.86,61.01
2024,154,Bordeaux,Maine-et-Loire,REP+,CM1,Français,17,16,-6.72,1,73.01,65.57
2024,154,Bordeaux,Maine-et-Loire,REP+,CM1,Mathématiques,16,16,-6.72,1,68.89,64.7
2024,154,Bordeaux,Maine-et-Loire,REP+,CM2,Français,20,16,-6.72,0,70.72,63.61
2024,154,Bordeaux,Maine-et-Loire,REP+,CM2,Mathématiques,14,16,-6.72,1,81.02,67.54
2024,154,Bordeaux,Maine-et-Loire,REP+,6e,Français,17,16,-6.72,1,88.22,79.93
2024,154,Bordeaux,Maine-et-Loire,REP+,6e,Mathématiques,19,16,-6.72,0,76.26,60.57
2024,155,Nantes,Moselle,REP,CP,Français,14,17,18.3,1,70.73,62.82
2024,155,Nantes,Moselle,REP,CP,Mathématiques,14,17,18.3,1,82.98,70.06
2024,155,Nantes,Moselle,REP,CE1,Français,17,17,18.3,1,76.28,58.56
2024,155,Nantes,Moselle,REP,CE1,Mathématiques,14,17,18.3,1,73.57,61.4
2024,155,Nantes,Moselle,REP,CM1,Français,12,17,18.3,1,86.41,72.07
2024,155,Nantes,Moselle,REP,CM1,Mathématiques,12,17,18.3,1,83.27,75.44
2024,155,Nantes,Moselle,REP,CM2,Français,19,17,18.3,0,70.01,58.95
2024,155,Nantes,Moselle,REP,CM2,Mathématiques,13,17,18.3,1,84.86,79.65
2024,155,Nantes,Moselle,REP,6e,Français,14,17,18.3,1,93.66,74.54
2024,155,Nantes,Moselle,REP,6e,Mathématiques,20,17,18.3,0,71.65,60.94
2024,156,Paris,Nord,Hors EP,CP,Français,18,20,-21.64,0,75.65,62.69
2024,156,Paris,Nord,Hors EP,CP,Mathématiques,15,20,-21.64,0,72.25,60.32
2024,156,Paris,Nord,Hors EP,CE1,Français,21,20,-21.64,0,79.63,78.87
2024,156,Paris,Nord,Hors EP,CE1,Mathématiques,19,20,-21.64,0,78.76,66.76
2024,156,Paris,Nord,Hors EP,CM1,Français,23,20,-21.64,0,81.55,69.94
2024,156,Paris,Nord,Hors EP,CM1,Mathématiques,20,20,-21.64,0,78.3,65.75
2024,156,Paris,Nord,Hors EP,CM2,Français,20,20,-21.64,0,92.5,80.88
2024,156,Paris,Nord,Hors EP,CM2,Mathématiques,19,20,-21.64,0,88.32,79.86
2024,156,Paris,Nord,Hors EP,6e,Français,16,20,-21.64,0,96.01,65.73
2024,156,Paris,Nord,Hors EP,6e,Mathématiques,21,20,-21.64,0,86.78,70.23
2024,157,Lyon,Paris,Hors EP,CP,Français,24,25,-18.64,0,71.99,60.32
2024,157,Lyon,Paris,Hors EP,CP,Mathématiques,28,25,-18.64,0,63.61,62.68
2024,157,Lyon,Paris,Hors EP,CE1,Français,25,25,-18.64,0,76.52,62.24
2024,157,Lyon,Paris,Hors EP,CE1,Mathématiques,31,25,-18.64,0,58.02,50.91
2024,157,Lyon,Paris,Hors EP,CM1,Français,22,25,-18.64,0,86.36,76.43
2024,157,Lyon,Paris,Hors EP,CM1,Mathématiques,23,25,-18.64,0,83.35,68.19
2024,157,Lyon,Paris,Hors EP,CM2,Français,27,25,-18.64,0,86.06,72.3
2024,157,Lyon,Paris,Hors EP,CM2,Mathématiques,28,25,-18.64,0,78.72,70.22
2024,157,Lyon,Paris,Hors EP,6e,Français,25,25,-18.64,0,81.66,69.91
2024,157,Lyon,Paris,Hors EP,6e,Mathématiques,24,25,-18.64,0,94.23,72.25
2024,158,Lille,Puy-de-Dôme,Hors EP,CP,Français,22,25,-16.56,0,70.02,73.13
2024,158,Lille,Puy-de-Dôme,Hors EP,CP,Mathématiques,21,25,-16.56,0,76.1,72.59
2024,158,Lille,Puy-de-Dôme,Hors EP,CE1,Français,26,25,-16.56,0,70.74,72.13
2024,158,Lille,Puy-de-Dôme,Hors EP,CE1,Mathématiques,28,25,-16.56,0,70.26,60.45
2024,158,Lille,Puy-de-Dôme,Hors EP,CM1,Français,21,25,-16.56,0,86.04,73.83
2024,158,Lille,Puy-de-Dôme,Hors EP,CM1,Mathématiques,23,25,-16.56,0,73.05,64.84
2024,158,Lille,Puy-de-Dôme,Hors EP,CM2,Français,26,25,-16.56,0,88.08,72.82
2024,158,Lille,Puy-de-Dôme,Hors EP,CM2,Mathématiques,23,25,-16.56,0,77.51,64.38
2024,158,Lille,Puy-de-Dôme,Hors EP,6e,Français,22,25,-16.56,0,95.86,76.66
2024,158,Lille,Puy-de-Dôme,Hors EP,6e,Mathématiques,20,25,-16.56,0,95.22,77.64
2024,159,Bordeaux,Saône-et-Loire,Hors EP,CP,Français,25,27,-2.49,0,73.71,67.82
2024,159,Bordeaux,Saône-et-Loire,Hors EP,CP,Mathématiques,27,27,-2.49,0,67.74,58.03
2024,159,Bordeaux,Saône-et-Loire,Hors EP,CE1,Français,25,27,-2.49,0,75.23,61.35
2024,159,Bordeaux,Saône-et-Loire,Hors EP,CE1,Mathématiques,23,27,-2.49,0,74.4,70.54
2024,159,Bordeaux,Saône-et-Loire,Hors EP,CM1,Français,21,27,-2.49,0,83.84,73.37
2024,159,Bordeaux,Saône-et-Loire,Hors EP,CM1,Mathématiques,29,27,-2.49,0,83.5,70.49
2024,159,Bordeaux,Saône-et-Loire,Hors EP,CM2,Français,31,27,-2.49,0,83.65,75.95
2024,159,Bordeaux,Saône-et-Loire,Hors EP,CM2,Mathématiques,23,27,-2.49,0,87.84,79.24
2024,159,Bordeaux,Saône-et-Loire,Hors EP,6e,Français,24,27,-2.49,0,81.18,70.94
2024,159,Bordeaux,Saône-et-Loire,Hors EP,6e,Mathématiques,25,27,-2.49,0,95.05,76.94
2024,160,Nantes,Ain,Hors EP,CP,Français,16,23,32.0,0,76.43,66.7
2024,160,Nantes,Ain,Hors EP,CP,Mathématiques,25,23,32.0,0,76.48,74.77
2024,160,Nantes,Ain,Hors EP,CE1,Français,19,23,32.0,0,79.28,66.67
2024,160,Nantes,Ain,Hors EP,CE1,Mathématiques,20,23,32.0,0,81.69,69.48
2024,160,Nantes,Ain,Hors EP,CM1,Français,21,23,32.0,0,86.54,69.21
2024,160,Nantes,Ain,Hors EP,CM1,Mathématiques,17,23,32.0,0,90.36,76.98
2024,160,Nantes,Ain,Hors EP,CM2,Français,23,23,32.0,0,99.9,76.9
2024,160,Nantes,Ain,Hors EP,CM2,Mathématiques,20,23,32.0,0,91.72,69.68
2024,160,Nantes,Ain,Hors EP,6e,Français,19,23,32.0,0,100.0,79.84
2024,160,Nantes,Ain,Hors EP,6e,Mathématiques,18,23,32.0,0,99.21,87.02
2024,161,Paris,Bas-Rhin,Hors EP,CP,Français,25,24,6.87,0,77.11,58.09
2024,161,Paris,Bas-Rhin,Hors EP,CP,Mathématiques,23,24,6.87,0,76.26,64.07
2024,161,Paris,Bas-Rhin,Hors EP,CE1,Français,24,24,6.87,0,76.18,64.88
2024,161,Paris,Bas-Rhin,Hors EP,CE1,Mathématiques,27,24,6.87,0,65.92,59.57
2024,161,Paris,Bas-Rhin,Hors EP,CM1,Français,25,24,6.87,0,87.35,73.79
2024,161,Paris,Bas-Rhin,Hors EP,CM1,Mathématiques,26,24,6.87,0,78.98,69.3
2024,161,Paris,Bas-Rhin,Hors EP,CM2,Français,24,24,6.87,0,91.97,80.25
2024,161,Paris,Bas-Rhin,Hors EP,CM2,Mathématiques,21,24,6.87,0,89.7,78.7
2024,161,Paris,Bas-Rhin,Hors EP,6e,Français,28,24,6.87,0,85.89,76.09
2024,161,Paris,Bas-Rhin,Hors EP,6e,Mathématiques,23,24,6.87,0,92.79,72.73
2024,162,Lyon,Bouches-du-Rhône,REP,CP,Français,17,22,17.39,1,78.11,55.97
2024,162,Lyon,Bouches-du-Rhône,REP,CP,Mathématiques,20,22,17.39,0,64.04,62.11
2024,162,Lyon,Bouches-du-Rhône,REP,CE1,Français,21,22,17.39,0,66.9,63.33
2024,162,Lyon,Bouches-du-Rhône,REP,CE1,Mathématiques,23,22,17.39,0,69.39,55.73
2024,162,Lyon,Bouches-du-Rhône,REP,CM1,Français,20,22,17.39,0,65.02,52.37
2024,162,Lyon,Bouches-du-Rhône,REP,CM1,Mathématiques,19,22,17.39,0,76.68,64.74
2024,162,Lyon,Bouches-du-Rhône,REP,CM2,Français,20,22,17.39,0,81.24,66.89
2024,162,Lyon,Bouches-du-Rhône,REP,CM2,Mathématiques,16,22,17.39,1,84.33,71.74
2024,162,Lyon,Bouches-du-Rhône,REP,6e,Français,22,22,17.39,0,82.16,73.13
2024,162,Lyon,Bouches-du-Rhône,REP,6e,Mathématiques,23,22,17.39,0,84.23,73.14
2024,163,Lille,Gironde,REP,CP,Français,16,16,-12.9,1,80.55,70.83
2024,163,Lille,Gironde,REP,CP,Mathématiques,16,16,-12.9,1,73.38,60.76
2024,163,Lille,Gironde,REP,CE1,Français,19,16,-12.9,0,70.51,63.24
2024,163,Lille,Gironde,REP,CE1,Mathématiques,21,16,-12.9,0,66.37,60.36
2024,163,Lille,Gironde,REP,CM1,Français,16,16,-12.9,1,80.11,68.82
2024,163,Lille,Gironde,REP,CM1,Mathématiques,16,16,-12.9,1,77.61,66.71
2024,163,Lille,Gironde,REP,CM2,Français,13,16,-12.9,1,84.5,64.47
2024,163,Lille,Gironde,REP,CM2,Mathématiques,17,16,-12.9,1,84.41,71.79
2024,163,Lille,Gironde,REP,6e,Français,18,16,-12.9,1,88.17,71.4
2024,163,Lille,Gironde,REP,6e,Mathématiques,12,16,-12.9,1,93.66,81.71
2024,164,Bordeaux,Hérault,Hors EP,CP,Français,25,32,-8.53,0,66.34,58.48
2024,164,Bordeaux,Hérault,Hors EP,CP,Mathématiques,24,32,-8.53,0,64.33,58.33
2024,164,Bordeaux,Hérault,Hors EP,CE1,Français,31,32,-8.53,0,66.65,60.96
2024,164,Bordeaux,Hérault,Hors EP,CE1,Mathématiques,34,32,-8.53,0,56.05,58.54
2024,164,Bordeaux,Hérault,Hors EP,CM1,Français,30,32,-8.53,0,82.48,75.92
2024,164,Bordeaux,Hérault,Hors EP,CM1,Mathématiques,27,32,-8.53,0,76.48,59.71
2024,164,Bordeaux,Hérault,Hors EP,CM2,Français,28,32,-8.53,0,83.71,73.44
2024,164,Bordeaux,Hérault,Hors EP,CM2,Mathématiques,31,32,-8.53,0,85.0,70.62
2024,164,Bordeaux,Hérault,Hors EP,6e,Français,32,32,-8.53,0,86.18,67.06
2024,164,Bordeaux,Hérault,Hors EP,6e,Mathématiques,29,32,-8.53,0,85.2,68.75
2024,165,Nantes,Loire,REP,CP,Français,20,16,-10.38,0,50.52,49.91
2024,165,Nantes,Loire,REP,CP,Mathématiques,18,16,-10.38,1,65.02,58.06
2024,165,Nantes,Loire,REP,CE1,Français,16,16,-10.38,1,76.01,70.0
2024,165,Nantes,Loire,REP,CE1,Mathématiques,18,16,-10.38,1,70.66,55.52
2024,165,Nantes,Loire,REP,CM1,Français,17,16,-10.38,1,79.4,66.35
2024,165,Nantes,Loire,REP,CM1,Mathématiques,18,16,-10.38,1,77.4,69.16
2024,165,Nantes,Loire,REP,CM2,Français,23,16,-10.38,0,76.94,74.04
2024,165,Nantes,Loire,REP,CM2,Mathématiques,18,16,-10.38,1,84.7,75.23
2024,165,Nantes,Loire,REP,6e,Français,18,16,-10.38,1,96.24,80.74
2024,165,Nantes,Loire,REP,6e,Mathématiques,14,16,-10.38,1,82.75,73.58
2024,166,Paris,Maine-et-Loire,REP,CP,Français,25,21,-2.65,0,59.15,55.35
2024,166,Paris,Maine-et-Loire,REP,CP,Mathématiques,22,21,-2.65,0,53.94,46.89
2024,166,Paris,Maine-et-Loire,REP,CE1,Français,18,21,-2.65,1,73.98,76.01
2024,166,Paris,Maine-et-Loire,REP,CE1,Mathématiques,18,21,-2.65,1,68.99,57.88
2024,166,Paris,Maine-et-Loire,REP,CM1,Français,20,21,-2.65,0,73.69,62.05
2024,166,Paris,Maine-et-Loire,REP,CM1,Mathématiques,22,21,-2.65,0,63.86,56.05
2024,166,Paris,Maine-et-Loire,REP,CM2,Français,22,21,-2.65,0,75.08,75.96
2024,166,Paris,Maine-et-Loire,REP,CM2,Mathématiques,22,21,-2.65,0,71.74,51.3
2024,166,Paris,Maine-et-Loire,REP,6e,Français,23,21,-2.65,0,70.89,65.97
2024,166,Paris,Maine-et-Loire,REP,6e,Mathématiques,22,21,-2.65,0,81.27,67.09
2024,167,Lyon,Moselle,Hors EP,CP,Français,27,25,7.32,0,70.77,71.02
2024,167,Lyon,Moselle,Hors EP,CP,Mathématiques,27,25,7.32,0,60.84,61.32
2024,167,Lyon,Moselle,Hors EP,CE1,Français,24,25,7.32,0,81.67,72.01
2024,167,Lyon,Moselle,Hors EP,CE1,Mathématiques,19,25,7.32,0,82.3,69.86
2024,167,Lyon,Moselle,Hors EP,CM1,Français,25,25,7.32,0,81.28,74.21
2024,167,Lyon,Moselle,Hors EP,CM1,Mathématiques,24,25,7.32,0,86.09,65.94
2024,167,Lyon,Moselle,Hors EP,CM2,Français,27,25,7.32,0,89.85,79.84
2024,167,Lyon,Moselle,Hors EP,CM2,Mathématiques,26,25,7.32,0,83.35,68.93
2024,167,Lyon,Moselle,Hors EP,6e,Français,23,25,7.32,0,91.89,72.68
2024,167,Lyon,Moselle,Hors EP,6e,Mathématiques,23,25,7.32,0,100.0,74.4
2024,168,Lille,Nord,Hors EP,CP,Français,17,19,-12.46,0,81.26,73.2
2024,168,Lille,Nord,Hors EP,CP,Mathématiques,19,19,-12.46,0,85.39,72.98
2024,168,Lille,Nord,Hors EP,CE1,Français,20,19,-12.46,0,76.22,62.81
2024,168,Lille,Nord,Hors EP,CE1,Mathématiques,19,19,-12.46,0,81.04,72.96
2024,168,Lille,Nord,Hors EP,CM1,Français,23,19,-12.46,0,79.38,71.92
2024,168,Lille,Nord,Hors EP,CM1,Mathématiques,21,19,-12.46,0,83.36,67.36
2024,168,Lille,Nord,Hors EP,CM2,Français,17,19,-12.46,0,94.53,83.65
2024,168,Lille,Nord,Hors EP,CM2,Mathématiques,18,19,-12.46,0,91.85,83.45
2024,168,Lille,Nord,Hors EP,6e,Français,19,19,-12.46,0,89.73,69.45
2024,168,Lille,Nord,Hors EP,6e,Mathématiques,18,19,-12.46,0,92.1,77.45
2024,169,Bordeaux,Paris,Hors EP,CP,Français,26,26,-9.13,0,74.53,70.02
2024,169,Bordeaux,Paris,Hors EP,CP,Mathématiques,21,26,-9.13,0,71.28,67.09
2024,169,Bordeaux,Paris,Hors EP,CE1,Français,23,26,-9.13,0,73.86,61.53
2024,169,Bordeaux,Paris,Hors EP,CE1,Mathématiques,21,26,-9.13,0,70.58,77.35
2024,169,Bordeaux,Paris,Hors EP,CM1,Français,18,26,-9.13,0,83.09,74.48
2024,169,Bordeaux,Paris,Hors EP,CM1,Mathématiques,21,26,-9.13,0,80.22,71.53
2024,169,Bordeaux,Paris,Hors EP,CM2,Français,26,26,-9.13,0,84.07,76.78
2024,169,Bordeaux,Paris,Hors EP,CM2,Mathématiques,19,26,-9.13,0,85.88,75.87
2024,169,Bordeaux,Paris,Hors EP,6e,Français,28,26,-9.13,0,84.16,66.52
2024,169,Bordeaux,Paris,Hors EP,6e,Mathématiques,24,26,-9.13,0,89.34,72.16
2024,170,Nantes,Puy-de-Dôme,REP+,CP,Français,18,15,-4.0,1,64.51,61.87
2024,170,Nantes,Puy-de-Dôme,REP+,CP,Mathématiques,16,15,-4.0,1,60.3,60.17
2024,170,Nantes,Puy-de-Dôme,REP+,CE1,Français,12,15,-4.0,1,66.63,58.24
2024,170,Nantes,Puy-de-Dôme,REP+,CE1,Mathématiques,16,15,-4.0,1,68.96,57.82
2024,170,Nantes,Puy-de-Dôme,REP+,CM1,Français,13,15,-4.0,1,75.47,58.63
2024,170,Nantes,Puy-de-Dôme,REP+,CM1,Mathématiques,18,15,-4.0,1,71.11,57.51
2024,170,Nantes,Puy-de-Dôme,REP+,CM2,Français,12,15,-4.0,1,81.53,71.87
2024,170,Nantes,Puy-de-Dôme,REP+,CM2,Mathématiques,13,15,-4.0,1,76.61,61.45
2024,170,Nantes,Puy-de-Dôme,REP+,6e,Français,14,15,-4.0,1,91.76,88.05
2024,170,Nantes,Puy-de-Dôme,REP+,6e,Mathématiques,14,15,-4.0,1,84.06,74.12
2024,171,Paris,Saône-et-Loire,REP+,CP,Français,19,14,5.39,0,61.14,56.8
2024,171,Paris,Saône-et-Loire,REP+,CP,Mathématiques,14,14,5.39,1,61.66,62.23
2024,171,Paris,Saône-et-Loire,REP+,CE1,Français,15,14,5.39,1,70.53,57.44
2024,171,Paris,Saône-et-Loire,REP+,CE1,Mathématiques,16,14,5.39,1,66.57,62.25
2024,171,Paris,Saône-et-Loire,REP+,CM1,Français,16,14,5.39,1,68.89,60.37
2024,171,Paris,Saône-et-Loire,REP+,CM1,Mathématiques,13,14,5.39,1,70.87,57.61
2024,171,Paris,Saône-et-Loire,REP+,CM2,Français,12,14,5.39,1,76.3,71.01
2024,171,Paris,Saône-et-Loire,REP+,CM2,Mathématiques,15,14,5.39,1,79.63,59.52
2024,171,Paris,Saône-et-Loire,REP+,6e,Français,19,14,5.39,0,74.51,74.39
2024,171,Paris,Saône-et-Loire,REP+,6e,Mathématiques,16,14,5.39,1,82.2,81.11
2024,172,Lyon,Ain,Hors EP,CP,Français,22,23,12.38,0,74.78,62.87
2024,172,Lyon,Ain,Hors EP,CP,Mathématiques,21,23,12.38,0,71.26,72.32
2024,172,Lyon,Ain,Hors EP,CE1,Français,26,23,12.38,0,77.94,65.27
2024,172,Lyon,Ain,Hors EP,CE1,Mathématiques,22,23,12.38,0,75.84,75.51
2024,172,Lyon,Ain,Hors EP,CM1,Français,24,23,12.38,0,88.05,75.87
2024,172,Lyon,Ain,Hors EP,CM1,Mathématiques,21,23,12.38,0,84.85,67.32
2024,172,Lyon,Ain,Hors EP,CM2,Français,26,23,12.38,0,84.52,69.61
2024,172,Lyon,Ain,Hors EP,CM2,Mathématiques,25,23,12.38,0,82.64,70.1
2024,172,Lyon,Ain,Hors EP,6e,Français,16,23,12.38,0,98.63,85.04
2024,172,Lyon,Ain,Hors EP,6e,Mathématiques,21,23,12.38,0,96.9,80.81
2024,173,Lille,Bas-Rhin,REP,CP,Français,18,19,-17.64,1,69.59,67.12
2024,173,Lille,Bas-Rhin,REP,CP,Mathématiques,16,19,-17.64,1,66.58,56.9
2024,173,Lille,Bas-Rhin,REP,CE1,Français,18,19,-17.64,1,84.43,54.93
2024,173,Lille,Bas-Rhin,REP,CE1,Mathématiques,18,19,-17.64,1,77.77,65.31
2024,173,Lille,Bas-Rhin,REP,CM1,Français,19,19,-17.64,0,76.88,65.9
2024,173,Lille,Bas-Rhin,REP,CM1,Mathématiques,16,19,-17.64,1,82.69,73.71
2024,173,Lille,Bas-Rhin,REP,CM2,Français,18,19,-17.64,1,89.23,80.48
2024,173,Lille,Bas-Rhin,REP,CM2,Mathématiques,18,19,-17.64,1,84.86,75.32
2024,173,Lille,Bas-Rhin,REP,6e,Français,17,19,-17.64,1,96.83,75.69
2024,173,Lille,Bas-Rhin,REP,6e,Mathématiques,18,19,-17.64,1,91.94,72.24
2024,174,Bordeaux,Bouches-du-Rhône,Hors EP,CP,Français,25,29,7.35,0,74.22,66.81
2024,174,Bordeaux,Bouches-du-Rhône,Hors EP,CP,Mathématiques,30,29,7.35,0,66.06,59.23
2024,174,Bordeaux,Bouches-du-Rhône,Hors EP,CE1,Français,25,29,7.35,0,78.03,62.39
2024,174,Bordeaux,Bouches-du-Rhône,Hors EP,CE1,Mathématiques,24,29,7.35,0,70.53,58.55
2024,174,Bordeaux,Bouches-du-Rhône,Hors EP,CM1,Français,27,29,7.35,0,81.5,66.71
2024,174,Bordeaux,Bouches-du-Rhône,Hors EP,CM1,Mathématiques,25,29,7.35,0,79.08,69.03
2024,174,Bordeaux,Bouches-du-Rhône,Hors EP,CM2,Français,21,29,7.35,0,86.87,66.87
2024,174,Bordeaux,Bouches-du-Rhône,Hors EP,CM2,Mathématiques,23,29,7.35,0,83.73,66.76
2024,174,Bordeaux,Bouches-du-Rhône,Hors EP,6e,Français,27,29,7.35,0,99.66,86.9
2024,174,Bordeaux,Bouches-du-Rhône,Hors EP,6e,Mathématiques,24,29,7.35,0,92.03,77.25
2024,175,Nantes,Gironde,REP,CP,Français,28,27,-17.64,0,50.82,48.25
2024,175,Nantes,Gironde,REP,CP,Mathématiques,25,27,-17.64,0,60.15,57.31
2024,175,Nantes,Gironde,REP,CE1,Français,25,27,-17.64,0,64.02,63.59
2024,175,Nantes,Gironde,REP,CE1,Mathématiques,25,27,-17.64,0,61.76,54.01
2024,175,Nantes,Gironde,REP,CM1,Français,20,27,-17.64,0,78.9,63.46
2024,175,Nantes,Gironde,REP,CM1,Mathématiques,23,27,-17.64,0,63.49,55.65
2024,175,Nantes,Gironde,REP,CM2,Français,22,27,-17.64,0,75.97,69.03
2024,175,Nantes,Gironde,REP,CM2,Mathématiques,26,27,-17.64,0,69.79,60.37
2024,175,Nantes,Gironde,REP,6e,Français,23,27,-17.64,0,83.02,68.85
2024,175,Nantes,Gironde,REP,6e,Mathématiques,23,27,-17.64,0,79.17,68.74
2024,176,Paris,Hérault,Hors EP,CP,Français,24,22,7.03,0,68.8,62.98
2024,176,Paris,Hérault,Hors EP,CP,Mathématiques,22,22,7.03,0,68.74,58.73
2024,176,Paris,Hérault,Hors EP,CE1,Français,25,22,7.03,0,82.73,65.97
2024,176,Paris,Hérault,Hors EP,CE1,Mathématiques,21,22,7.03,0,80.87,67.94
2024,176,Paris,Hérault,Hors EP,CM1,Français,24,22,7.03,0,82.14,73.74
2024,176,Paris,Hérault,Hors EP,CM1,Mathématiques,20,22,7.03,0,87.12,63.74
2024,176,Paris,Hérault,Hors EP,CM2,Français,25,22,7.03,0,87.99,77.04
2024,176,Paris,Hérault,Hors EP,CM2,Mathématiques,24,22,7.03,0,78.37,75.12
2024,176,Paris,Hérault,Hors EP,6e,Français,24,22,7.03,0,97.45,77.27
2024,176,Paris,Hérault,Hors EP,6e,Mathématiques,24,22,7.03,0,85.15,73.65
2024,177,Lyon,Loire,REP+,CP,Français,31,34,15.97,0,48.61,52.58
2024,177,Lyon,Loire,REP+,CP,Mathématiques,29,34,15.97,0,42.59,48.82
2024,177,Lyon,Loire,REP+,CE1,Français,31,34,15.97,0,47.45,44.11
2024,177,Lyon,Loire,REP+,CE1,Mathématiques,29,34,15.97,0,40.8,34.26
2024,177,Lyon,Loire,REP+,CM1,Français,32,34,15.97,0,58.94,67.67
2024,177,Lyon,Loire,REP+,CM1,Mathématiques,32,34,15.97,0,47.16,46.92
2024,177,Lyon,Loire,REP+,CM2,Français,34,34,15.97,0,63.75,63.02
2024,177,Lyon,Loire,REP+,CM2,Mathématiques,33,34,15.97,0,57.45,57.75
2024,177,Lyon,Loire,REP+,6e,Français,29,34,15.97,0,59.58,65.98
2024,177,Lyon,Loire,REP+,6e,Mathématiques,32,34,15.97,0,65.32,45.41
2024,178,Lille,Maine-et-Loire,REP,CP,Français,24,24,-3.81,0,53.06,53.52
2024,178,Lille,Maine-et-Loire,REP,CP,Mathématiques,26,24,-3.81,0,55.4,44.84
2024,178,Lille,Maine-et-Loire,REP,CE1,Français,20,24,-3.81,0,65.79,58.49
2024,178,Lille,Maine-et-Loire,REP,CE1,Mathématiques,22,24,-3.81,0,60.35,47.02
2024,178,Lille,Maine-et-Loire,REP,CM1,Français,25,24,-3.81,0,70.67,65.66
2024,178,Lille,Maine-et-Loire,REP,CM1,Mathématiques,24,24,-3.81,0,64.46,55.8
2024,178,Lille,Maine-et-Loire,REP,CM2,Français,20,24,-3.81,0,84.29,72.21
2024,178,Lille,Maine-et-Loire,REP,CM2,Mathématiques,19,24,-3.81,0,75.11,55.65
2024,178,Lille,Maine-et-Loire,REP,6e,Français,24,24,-3.81,0,79.39,66.27
2024,178,Lille,Maine-et-Loire,REP,6e,Mathématiques,21,24,-3.81,0,80.97,69.65
2024,179,Bordeaux,Moselle,Hors EP,CP,Français,31,28,-15.82,0,69.77,60.34
2024,179,Bordeaux,Moselle,Hors EP,CP,Mathématiques,25,28,-15.82,0,63.31,55.86
2024,179,Bordeaux,Moselle,Hors EP,CE1,Français,31,28,-15.82,0,74.83,66.71
2024,179,Bordeaux,Moselle,Hors EP,CE1,Mathématiques,30,28,-15.82,0,65.96,55.49
2024,179,Bordeaux,Moselle,Hors EP,CM1,Français,24,28,-15.82,0,82.75,75.78
2024,179,Bordeaux,Moselle,Hors EP,CM1,Mathématiques,27,28,-15.82,0,80.95,68.12
2024,179,Bordeaux,Moselle,Hors EP,CM2,Français,28,28,-15.82,0,81.71,76.74
2024,179,Bordeaux,Moselle,Hors EP,CM2,Mathématiques,29,28,-15.82,0,78.54,68.79
2024,179,Bordeaux,Moselle,Hors EP,6e,Français,25,28,-15.82,0,80.35,66.98
2024,179,Bordeaux,Moselle,Hors EP,6e,Mathématiques,28,28,-15.82,0,87.09,73.41
2024,180,Nantes,Nord,REP+,CP,Français,14,14,2.53,1,66.03,65.63
2024,180,Nantes,Nord,REP+,CP,Mathématiques,12,14,2.53,1,62.72,58.85
2024,180,Nantes,Nord,REP+,CE1,Français,14,14,2.53,1,71.78,66.2
2024,180,Nantes,Nord,REP+,CE1,Mathématiques,13,14,2.53,1,66.04,64.41
2024,180,Nantes,Nord,REP+,CM1,Français,12,14,2.53,1,73.07,72.65
2024,180,Nantes,Nord,REP+,CM1,Mathématiques,12,14,2.53,1,72.55,71.27
2024,180,Nantes,Nord,REP+,CM2,Français,12,14,2.53,1,77.15,73.45
2024,180,Nantes,Nord,REP+,CM2,Mathématiques,12,14,2.53,1,76.91,57.4
2024,180,Nantes,Nord,REP+,6e,Français,12,14,2.53,1,88.98,73.35
2024,180,Nantes,Nord,REP+,6e,Mathématiques,12,14,2.53,1,80.74,66.83
